ctpd_irn,ctpd_name,ctpd_org_key,coordinating_irn,coordinating_name,member_district_irn,member_district_name,member_org_type,relationship_type,relationship_begin_date,relationship_end_date,relationship_active,source_url,extracted_at,member_district_org_key
021357,Bedford City Comprehensive CTPD,204690,043562,Bedford City,043562,Bedford City,Traditional Public District,Career Technical Planning District,2024-08-01T00:00:00,2500-12-31T00:00:00,TRUE,https://oeds.education.ohio.gov/Api/OrgRelationships/GetOrgRelationships/204690/0,2026-10-07 09:25:42 EDT,11135
022546,Euclid City Comprehensive CTPD,220810,043950,Euclid City,043950,Euclid City,Traditional Public District,Career Technical Planning District,2026-07-01T00:00:00,2500-12-31T00:00:00,TRUE,https://oeds.education.ohio.gov/Api/OrgRelationships/GetOrgRelationships/220810/0,2026-10-07 09:25:42 EDT,11174
022548,Mentor Exempted Village Comprehensive CTPD,220811,045492,Mentor Exempted Village,045492,Mentor Exempted Village,Traditional Public District,Career Technical Planning District,2026-07-01T00:00:00,2500-12-31T00:00:00,TRUE,https://oeds.education.ohio.gov/Api/OrgRelationships/GetOrgRelationships/220811/0,2026-10-07 09:25:42 EDT,11328
022550,Western Lake County Compact CTPD,220812,045104,Willoughby-Eastlake City,045088,Wickliffe City,Traditional Public District,Career Technical Planning District,2026-07-01T00:00:00,2500-12-31T00:00:00,TRUE,https://oeds.education.ohio.gov/Api/OrgRelationships/GetOrgRelationships/220812/0,2026-10-07 09:25:42 EDT,11287
022550,Western Lake County Compact CTPD,220812,045104,Willoughby-Eastlake City,045104,Willoughby-Eastlake City,Traditional Public District,Career Technical Planning District,2026-07-01T00:00:00,2500-12-31T00:00:00,TRUE,https://oeds.education.ohio.gov/Api/OrgRelationships/GetOrgRelationships/220812/0,2026-10-07 09:25:42 EDT,11289
200001,Apollo JVSD CTPD,192,050773,Apollo,044982,Wapakoneta City,Traditional Public District,Career Technical Planning District,2003-04-26T00:00:00,2500-12-31T00:00:00,TRUE,https://oeds.education.ohio.gov/Api/OrgRelationships/GetOrgRelationships/192/0,2026-10-07 09:25:42 EDT,11277
200001,Apollo JVSD CTPD,192,050773,Apollo,045187,Ada Exempted Village,Traditional Public District,Career Technical Planning District,2003-04-26T00:00:00,2500-12-31T00:00:00,TRUE,https://oeds.education.ohio.gov/Api/OrgRelationships/GetOrgRelationships/192/0,2026-10-07 09:25:42 EDT,11297
200001,Apollo JVSD CTPD,192,050773,Apollo,045211,Bluffton Exempted Village,Traditional Public District,Career Technical Planning District,2003-04-26T00:00:00,2500-12-31T00:00:00,TRUE,https://oeds.education.ohio.gov/Api/OrgRelationships/GetOrgRelationships/192/0,2026-10-07 09:25:42 EDT,11300
200001,Apollo JVSD CTPD,192,050773,Apollo,045757,Allen East Local,Traditional Public District,Career Technical Planning District,2003-04-26T00:00:00,2500-12-31T00:00:00,TRUE,https://oeds.education.ohio.gov/Api/OrgRelationships/GetOrgRelationships/192/0,2026-10-07 09:25:42 EDT,11349
200001,Apollo JVSD CTPD,192,050773,Apollo,045765,Bath Local,Traditional Public District,Career Technical Planning District,2003-04-26T00:00:00,2500-12-31T00:00:00,TRUE,https://oeds.education.ohio.gov/Api/OrgRelationships/GetOrgRelationships/192/0,2026-10-07 09:25:42 EDT,11350
200001,Apollo JVSD CTPD,192,050773,Apollo,045773,Elida Local,Traditional Public District,Career Technical Planning District,2003-04-26T00:00:00,2500-12-31T00:00:00,TRUE,https://oeds.education.ohio.gov/Api/OrgRelationships/GetOrgRelationships/192/0,2026-10-07 09:25:42 EDT,11351
200001,Apollo JVSD CTPD,192,050773,Apollo,045781,Perry Local,Traditional Public District,Career Technical Planning District,2003-04-26T00:00:00,2500-12-31T00:00:00,TRUE,https://oeds.education.ohio.gov/Api/OrgRelationships/GetOrgRelationships/192/0,2026-10-07 09:25:42 EDT,11352
200001,Apollo JVSD CTPD,192,050773,Apollo,045799,Shawnee Local,Traditional Public District,Career Technical Planning District,2003-04-26T00:00:00,2500-12-31T00:00:00,TRUE,https://oeds.education.ohio.gov/Api/OrgRelationships/GetOrgRelationships/192/0,2026-10-07 09:25:42 EDT,11353
200001,Apollo JVSD CTPD,192,050773,Apollo,045807,Spencerville Local,Traditional Public District,Career Technical Planning District,2003-04-26T00:00:00,2500-12-31T00:00:00,TRUE,https://oeds.education.ohio.gov/Api/OrgRelationships/GetOrgRelationships/192/0,2026-10-07 09:25:42 EDT,11354
200001,Apollo JVSD CTPD,192,050773,Apollo,047498,Hardin Northern Local,Traditional Public District,Career Technical Planning District,2003-04-26T00:00:00,2500-12-31T00:00:00,TRUE,https://oeds.education.ohio.gov/Api/OrgRelationships/GetOrgRelationships/192/0,2026-10-07 09:25:42 EDT,11520
200001,Apollo JVSD CTPD,192,050773,Apollo,049312,Columbus Grove Local,Traditional Public District,Career Technical Planning District,2003-04-26T00:00:00,2500-12-31T00:00:00,TRUE,https://oeds.education.ohio.gov/Api/OrgRelationships/GetOrgRelationships/192/0,2026-10-07 09:25:42 EDT,11697
200002,Lima City CTPD,193,044222,Lima City,044222,Lima City,Traditional Public District,Career Technical Planning District,2003-04-26T00:00:00,2500-12-31T00:00:00,TRUE,https://oeds.education.ohio.gov/Api/OrgRelationships/GetOrgRelationships/193/0,2026-10-07 09:25:42 EDT,11201
200003,Heartland Technical Education Center CTPD,203,062042,Heartland Technical Education Center,043505,Ashland City,Traditional Public District,Career Technical Planning District,2003-04-26T00:00:00,2500-12-31T00:00:00,TRUE,https://oeds.education.ohio.gov/Api/OrgRelationships/GetOrgRelationships/203/0,2026-10-07 09:25:42 EDT,11129
200003,Heartland Technical Education Center CTPD,203,062042,Heartland Technical Education Center,045468,Loudonville-Perrysville Exempted Village,Traditional Public District,Career Technical Planning District,2003-04-26T00:00:00,2500-12-31T00:00:00,TRUE,https://oeds.education.ohio.gov/Api/OrgRelationships/GetOrgRelationships/203/0,2026-10-07 09:25:42 EDT,11325
200003,Heartland Technical Education Center CTPD,203,062042,Heartland Technical Education Center,045823,Hillsdale Local,Traditional Public District,Career Technical Planning District,2003-04-26T00:00:00,2500-12-31T00:00:00,TRUE,https://oeds.education.ohio.gov/Api/OrgRelationships/GetOrgRelationships/203/0,2026-10-07 09:25:42 EDT,11356
200003,Heartland Technical Education Center CTPD,203,062042,Heartland Technical Education Center,045831,Mapleton Local,Traditional Public District,Career Technical Planning District,2003-04-26T00:00:00,2500-12-31T00:00:00,TRUE,https://oeds.education.ohio.gov/Api/OrgRelationships/GetOrgRelationships/203/0,2026-10-07 09:25:42 EDT,11357
200003,Heartland Technical Education Center CTPD,203,062042,Heartland Technical Education Center,047696,West Holmes Local,Traditional Public District,Career Technical Planning District,2003-04-26T00:00:00,2500-12-31T00:00:00,TRUE,https://oeds.education.ohio.gov/Api/OrgRelationships/GetOrgRelationships/203/0,2026-10-07 09:25:42 EDT,11539
200004,Ashtabula County Technical and Career Center CTPD,215,050815,Ashtabula County Technical and Career Center,043513,Ashtabula Area City,Traditional Public District,Career Technical Planning District,2003-04-26T00:00:00,2500-12-31T00:00:00,TRUE,https://oeds.education.ohio.gov/Api/OrgRelationships/GetOrgRelationships/215/0,2026-10-07 09:25:42 EDT,11130
200004,Ashtabula County Technical and Career Center CTPD,215,050815,Ashtabula County Technical and Career Center,043810,Conneaut Area City,Traditional Public District,Career Technical Planning District,2003-04-26T00:00:00,2500-12-31T00:00:00,TRUE,https://oeds.education.ohio.gov/Api/OrgRelationships/GetOrgRelationships/215/0,2026-10-07 09:25:42 EDT,11160
200004,Ashtabula County Technical and Career Center CTPD,215,050815,Ashtabula County Technical and Career Center,044057,Geneva Area City,Traditional Public District,Career Technical Planning District,2003-04-26T00:00:00,2500-12-31T00:00:00,TRUE,https://oeds.education.ohio.gov/Api/OrgRelationships/GetOrgRelationships/215/0,2026-10-07 09:25:42 EDT,11184
200004,Ashtabula County Technical and Career Center CTPD,215,050815,Ashtabula County Technical and Career Center,045856,Buckeye Local,Traditional Public District,Career Technical Planning District,2003-04-26T00:00:00,2500-12-31T00:00:00,TRUE,https://oeds.education.ohio.gov/Api/OrgRelationships/GetOrgRelationships/215/0,2026-10-07 09:25:42 EDT,11359
200004,Ashtabula County Technical and Career Center CTPD,215,050815,Ashtabula County Technical and Career Center,045864,Grand Valley Local,Traditional Public District,Career Technical Planning District,2003-04-26T00:00:00,2500-12-31T00:00:00,TRUE,https://oeds.education.ohio.gov/Api/OrgRelationships/GetOrgRelationships/215/0,2026-10-07 09:25:42 EDT,11360
200004,Ashtabula County Technical and Career Center CTPD,215,050815,Ashtabula County Technical and Career Center,045872,Jefferson Area Local,Traditional Public District,Career Technical Planning District,2003-04-26T00:00:00,2500-12-31T00:00:00,TRUE,https://oeds.education.ohio.gov/Api/OrgRelationships/GetOrgRelationships/215/0,2026-10-07 09:25:42 EDT,11361
200004,Ashtabula County Technical and Career Center CTPD,215,050815,Ashtabula County Technical and Career Center,045880,Pymatuning Valley Local School District,Traditional Public District,Career Technical Planning District,2003-04-26T00:00:00,2500-12-31T00:00:00,TRUE,https://oeds.education.ohio.gov/Api/OrgRelationships/GetOrgRelationships/215/0,2026-10-07 09:25:42 EDT,11362
200005,Tri-County JVSD CTPD,229,051607,Tri-County Career Center,043521,Athens City School District,Traditional Public District,Career Technical Planning District,2003-04-26T00:00:00,2500-12-31T00:00:00,TRUE,https://oeds.education.ohio.gov/Api/OrgRelationships/GetOrgRelationships/229/0,2026-10-07 09:25:42 EDT,11131
200005,Tri-County JVSD CTPD,229,051607,Tri-County Career Center,044248,Logan-Hocking Local,Traditional Public District,Career Technical Planning District,2003-04-26T00:00:00,2500-12-31T00:00:00,TRUE,https://oeds.education.ohio.gov/Api/OrgRelationships/GetOrgRelationships/229/0,2026-10-07 09:25:42 EDT,11203
200005,Tri-County JVSD CTPD,229,051607,Tri-County Career Center,044446,Nelsonville-York City,Traditional Public District,Career Technical Planning District,2003-04-26T00:00:00,2500-12-31T00:00:00,TRUE,https://oeds.education.ohio.gov/Api/OrgRelationships/GetOrgRelationships/229/0,2026-10-07 09:25:42 EDT,11223
200005,Tri-County JVSD CTPD,229,051607,Tri-County Career Center,044479,New Lexington School District,Traditional Public District,Career Technical Planning District,2003-04-26T00:00:00,2500-12-31T00:00:00,TRUE,https://oeds.education.ohio.gov/Api/OrgRelationships/GetOrgRelationships/229/0,2026-10-07 09:25:42 EDT,11226
200005,Tri-County JVSD CTPD,229,051607,Tri-County Career Center,045906,Alexander Local,Traditional Public District,Career Technical Planning District,2003-04-26T00:00:00,2500-12-31T00:00:00,TRUE,https://oeds.education.ohio.gov/Api/OrgRelationships/GetOrgRelationships/229/0,2026-10-07 09:25:42 EDT,11364
200005,Tri-County JVSD CTPD,229,051607,Tri-County Career Center,045914,Federal Hocking Local,Traditional Public District,Career Technical Planning District,2003-04-26T00:00:00,2500-12-31T00:00:00,TRUE,https://oeds.education.ohio.gov/Api/OrgRelationships/GetOrgRelationships/229/0,2026-10-07 09:25:42 EDT,11365
200005,Tri-County JVSD CTPD,229,051607,Tri-County Career Center,045922,Trimble Local,Traditional Public District,Career Technical Planning District,2003-04-26T00:00:00,2500-12-31T00:00:00,TRUE,https://oeds.education.ohio.gov/Api/OrgRelationships/GetOrgRelationships/229/0,2026-10-07 09:25:42 EDT,11366
200005,Tri-County JVSD CTPD,229,051607,Tri-County Career Center,049064,Southern Local,Traditional Public District,Career Technical Planning District,2003-04-26T00:00:00,2500-12-31T00:00:00,TRUE,https://oeds.education.ohio.gov/Api/OrgRelationships/GetOrgRelationships/229/0,2026-10-07 09:25:42 EDT,11672
200006,Belmont-Harrison Area JVSD CTPD,240,050856,Belmont-Harrison,043570,Bellaire Local,Traditional Public District,Career Technical Planning District,2003-04-26T00:00:00,2500-12-31T00:00:00,TRUE,https://oeds.education.ohio.gov/Api/OrgRelationships/GetOrgRelationships/240/0,2026-10-07 09:25:42 EDT,11136
200006,Belmont-Harrison Area JVSD CTPD,240,050856,Belmont-Harrison,044347,Martins Ferry City,Traditional Public District,Career Technical Planning District,2003-04-26T00:00:00,2500-12-31T00:00:00,TRUE,https://oeds.education.ohio.gov/Api/OrgRelationships/GetOrgRelationships/240/0,2026-10-07 09:25:42 EDT,11213
200006,Belmont-Harrison Area JVSD CTPD,240,050856,Belmont-Harrison,045203,Barnesville Exempted Village,Traditional Public District,Career Technical Planning District,2003-04-26T00:00:00,2500-12-31T00:00:00,TRUE,https://oeds.education.ohio.gov/Api/OrgRelationships/GetOrgRelationships/240/0,2026-10-07 09:25:42 EDT,11299
200006,Belmont-Harrison Area JVSD CTPD,240,050856,Belmont-Harrison,045237,Bridgeport Exempted Village,Traditional Public District,Career Technical Planning District,2003-04-26T00:00:00,2500-12-31T00:00:00,TRUE,https://oeds.education.ohio.gov/Api/OrgRelationships/GetOrgRelationships/240/0,2026-10-07 09:25:42 EDT,11302
200006,Belmont-Harrison Area JVSD CTPD,240,050856,Belmont-Harrison,045245,Harrison Hills City,Traditional Public District,Career Technical Planning District,2003-04-26T00:00:00,2500-12-31T00:00:00,TRUE,https://oeds.education.ohio.gov/Api/OrgRelationships/GetOrgRelationships/240/0,2026-10-07 09:25:42 EDT,11303
200006,Belmont-Harrison Area JVSD CTPD,240,050856,Belmont-Harrison,045997,St Clairsville-Richland City,Traditional Public District,Career Technical Planning District,2003-04-26T00:00:00,2500-12-31T00:00:00,TRUE,https://oeds.education.ohio.gov/Api/OrgRelationships/GetOrgRelationships/240/0,2026-10-07 09:25:42 EDT,11373
200006,Belmont-Harrison Area JVSD CTPD,240,050856,Belmont-Harrison,046003,Shadyside Local,Traditional Public District,Career Technical Planning District,2003-04-26T00:00:00,2500-12-31T00:00:00,TRUE,https://oeds.education.ohio.gov/Api/OrgRelationships/GetOrgRelationships/240/0,2026-10-07 09:25:42 EDT,11374
200006,Belmont-Harrison Area JVSD CTPD,240,050856,Belmont-Harrison,046011,Union Local,Traditional Public District,Career Technical Planning District,2003-04-26T00:00:00,2500-12-31T00:00:00,TRUE,https://oeds.education.ohio.gov/Api/OrgRelationships/GetOrgRelationships/240/0,2026-10-07 09:25:42 EDT,11375
200007,Southern Hills JVSD CTPD,248,050799,Southern Hills,045377,Georgetown Exempted Village,Traditional Public District,Career Technical Planning District,2003-04-26T00:00:00,2500-12-31T00:00:00,TRUE,https://oeds.education.ohio.gov/Api/OrgRelationships/GetOrgRelationships/248/0,2026-10-07 09:25:42 EDT,11316
200007,Southern Hills JVSD CTPD,248,050799,Southern Hills,046037,Eastern Local School District,Traditional Public District,Career Technical Planning District,2003-04-26T00:00:00,2500-12-31T00:00:00,TRUE,https://oeds.education.ohio.gov/Api/OrgRelationships/GetOrgRelationships/248/0,2026-10-07 09:25:42 EDT,11377
200007,Southern Hills JVSD CTPD,248,050799,Southern Hills,046045,Fayetteville-Perry Local,Traditional Public District,Career Technical Planning District,2003-04-26T00:00:00,2500-12-31T00:00:00,TRUE,https://oeds.education.ohio.gov/Api/OrgRelationships/GetOrgRelationships/248/0,2026-10-07 09:25:42 EDT,11378
200007,Southern Hills JVSD CTPD,248,050799,Southern Hills,046060,Western Brown Local,Traditional Public District,Career Technical Planning District,2003-04-26T00:00:00,2500-12-31T00:00:00,TRUE,https://oeds.education.ohio.gov/Api/OrgRelationships/GetOrgRelationships/248/0,2026-10-07 09:25:42 EDT,11379
200007,Southern Hills JVSD CTPD,248,050799,Southern Hills,046078,Ripley-Union-Lewis-Huntington Local,Traditional Public District,Career Technical Planning District,2003-04-26T00:00:00,2500-12-31T00:00:00,TRUE,https://oeds.education.ohio.gov/Api/OrgRelationships/GetOrgRelationships/248/0,2026-10-07 09:25:42 EDT,11380
200007,Southern Hills JVSD CTPD,248,050799,Southern Hills,047613,Bright Local,Traditional Public District,Career Technical Planning District,2003-04-26T00:00:00,2500-12-31T00:00:00,TRUE,https://oeds.education.ohio.gov/Api/OrgRelationships/GetOrgRelationships/248/0,2026-10-07 09:25:42 EDT,11531
200008,Butler County JVSD CTPD,260,050880,Butler Technology & Career Development Schools,044107,Hamilton City,Traditional Public District,Career Technical Planning District,2019-09-20T00:00:00,2500-12-31T00:00:00,TRUE,https://oeds.education.ohio.gov/Api/OrgRelationships/GetOrgRelationships/260/0,2026-10-07 09:25:42 EDT,11189
200008,Butler County JVSD CTPD,260,050880,Butler Technology & Career Development Schools,044404,Middletown City,Traditional Public District,Career Technical Planning District,2003-04-26T00:00:00,2500-12-31T00:00:00,TRUE,https://oeds.education.ohio.gov/Api/OrgRelationships/GetOrgRelationships/260/0,2026-10-07 09:25:42 EDT,11219
200008,Butler County JVSD CTPD,260,050880,Butler Technology & Career Development Schools,046094,Edgewood City School District,Traditional Public District,Career Technical Planning District,2003-04-26T00:00:00,2500-12-31T00:00:00,TRUE,https://oeds.education.ohio.gov/Api/OrgRelationships/GetOrgRelationships/260/0,2026-10-07 09:25:42 EDT,11382
200008,Butler County JVSD CTPD,260,050880,Butler Technology & Career Development Schools,046102,Fairfield City,Traditional Public District,Career Technical Planning District,2003-04-26T00:00:00,2500-12-31T00:00:00,TRUE,https://oeds.education.ohio.gov/Api/OrgRelationships/GetOrgRelationships/260/0,2026-10-07 09:25:42 EDT,11383
200008,Butler County JVSD CTPD,260,050880,Butler Technology & Career Development Schools,046110,Lakota Local,Traditional Public District,Career Technical Planning District,2003-04-26T00:00:00,2500-12-31T00:00:00,TRUE,https://oeds.education.ohio.gov/Api/OrgRelationships/GetOrgRelationships/260/0,2026-10-07 09:25:42 EDT,11384
200008,Butler County JVSD CTPD,260,050880,Butler Technology & Career Development Schools,046128,Madison Local,Traditional Public District,Career Technical Planning District,2003-04-26T00:00:00,2500-12-31T00:00:00,TRUE,https://oeds.education.ohio.gov/Api/OrgRelationships/GetOrgRelationships/260/0,2026-10-07 09:25:42 EDT,11385
200008,Butler County JVSD CTPD,260,050880,Butler Technology & Career Development Schools,046136,New Miami Local,Traditional Public District,Career Technical Planning District,2003-04-26T00:00:00,2500-12-31T00:00:00,TRUE,https://oeds.education.ohio.gov/Api/OrgRelationships/GetOrgRelationships/260/0,2026-10-07 09:25:42 EDT,11386
200008,Butler County JVSD CTPD,260,050880,Butler Technology & Career Development Schools,046144,Ross Local,Traditional Public District,Career Technical Planning District,2003-04-26T00:00:00,2500-12-31T00:00:00,TRUE,https://oeds.education.ohio.gov/Api/OrgRelationships/GetOrgRelationships/260/0,2026-10-07 09:25:42 EDT,11387
200008,Butler County JVSD CTPD,260,050880,Butler Technology & Career Development Schools,046151,Talawanda City,Traditional Public District,Career Technical Planning District,2003-04-26T00:00:00,2500-12-31T00:00:00,TRUE,https://oeds.education.ohio.gov/Api/OrgRelationships/GetOrgRelationships/260/0,2026-10-07 09:25:42 EDT,11388
200008,Butler County JVSD CTPD,260,050880,Butler Technology & Career Development Schools,047365,Northwest Local,Traditional Public District,Career Technical Planning District,2008-10-17T00:00:00,2500-12-31T00:00:00,TRUE,https://oeds.education.ohio.gov/Api/OrgRelationships/GetOrgRelationships/260/0,2026-10-07 09:25:42 EDT,11507
200008,Butler County JVSD CTPD,260,050880,Butler Technology & Career Development Schools,139303,Monroe Local,Traditional Public District,Career Technical Planning District,2003-04-26T00:00:00,2500-12-31T00:00:00,TRUE,https://oeds.education.ohio.gov/Api/OrgRelationships/GetOrgRelationships/260/0,2026-10-07 09:25:42 EDT,14465
200011,Springfield-Clark County JVSD CTPD,271,051532,Springfield-Clark County,044818,Springfield City School District,Traditional Public District,Career Technical Planning District,2003-04-26T00:00:00,2500-12-31T00:00:00,TRUE,https://oeds.education.ohio.gov/Api/OrgRelationships/GetOrgRelationships/271/0,2026-10-07 09:25:42 EDT,11260
200011,Springfield-Clark County JVSD CTPD,271,051532,Springfield-Clark County,046235,Greenon Local,Traditional Public District,Career Technical Planning District,2003-04-26T00:00:00,2500-12-31T00:00:00,TRUE,https://oeds.education.ohio.gov/Api/OrgRelationships/GetOrgRelationships/271/0,2026-10-07 09:25:42 EDT,11396
200011,Springfield-Clark County JVSD CTPD,271,051532,Springfield-Clark County,046243,Tecumseh Local,Traditional Public District,Career Technical Planning District,2003-04-26T00:00:00,2500-12-31T00:00:00,TRUE,https://oeds.education.ohio.gov/Api/OrgRelationships/GetOrgRelationships/271/0,2026-10-07 09:25:42 EDT,11397
200011,Springfield-Clark County JVSD CTPD,271,051532,Springfield-Clark County,046250,Northeastern Local,Traditional Public District,Career Technical Planning District,2003-04-26T00:00:00,2500-12-31T00:00:00,TRUE,https://oeds.education.ohio.gov/Api/OrgRelationships/GetOrgRelationships/271/0,2026-10-07 09:25:42 EDT,11398
200011,Springfield-Clark County JVSD CTPD,271,051532,Springfield-Clark County,046268,Northwestern Local,Traditional Public District,Career Technical Planning District,2003-04-26T00:00:00,2500-12-31T00:00:00,TRUE,https://oeds.education.ohio.gov/Api/OrgRelationships/GetOrgRelationships/271/0,2026-10-07 09:25:42 EDT,11399
200011,Springfield-Clark County JVSD CTPD,271,051532,Springfield-Clark County,046276,Southeastern Local,Traditional Public District,Career Technical Planning District,2003-04-26T00:00:00,2500-12-31T00:00:00,TRUE,https://oeds.education.ohio.gov/Api/OrgRelationships/GetOrgRelationships/271/0,2026-10-07 09:25:42 EDT,11400
200011,Springfield-Clark County JVSD CTPD,271,051532,Springfield-Clark County,046284,Clark-Shawnee Local,Traditional Public District,Career Technical Planning District,2003-04-26T00:00:00,2500-12-31T00:00:00,TRUE,https://oeds.education.ohio.gov/Api/OrgRelationships/GetOrgRelationships/271/0,2026-10-07 09:25:42 EDT,11401
200012,U S Grant JVSD CTPD,277,062802,U S Grant,045559,New Richmond Exempted Village,Traditional Public District,Career Technical Planning District,2003-04-26T00:00:00,2500-12-31T00:00:00,TRUE,https://oeds.education.ohio.gov/Api/OrgRelationships/GetOrgRelationships/277/0,2026-10-07 09:25:42 EDT,11334
200012,U S Grant JVSD CTPD,277,062802,U S Grant,046318,Bethel-Tate Local,Traditional Public District,Career Technical Planning District,2003-04-26T00:00:00,2500-12-31T00:00:00,TRUE,https://oeds.education.ohio.gov/Api/OrgRelationships/GetOrgRelationships/277/0,2026-10-07 09:25:42 EDT,11404
200012,U S Grant JVSD CTPD,277,062802,U S Grant,046334,Felicity-Franklin Local,Traditional Public District,Career Technical Planning District,2003-04-26T00:00:00,2500-12-31T00:00:00,TRUE,https://oeds.education.ohio.gov/Api/OrgRelationships/GetOrgRelationships/277/0,2026-10-07 09:25:42 EDT,11406
200012,U S Grant JVSD CTPD,277,062802,U S Grant,046367,Williamsburg Local,Traditional Public District,Career Technical Planning District,2003-04-26T00:00:00,2500-12-31T00:00:00,TRUE,https://oeds.education.ohio.gov/Api/OrgRelationships/GetOrgRelationships/277/0,2026-10-07 09:25:42 EDT,11409
200015,Columbiana County JVSD CTPD,289,050906,Columbiana County,043927,East Palestine City,Traditional Public District,Career Technical Planning District,2003-04-26T00:00:00,2500-12-31T00:00:00,TRUE,https://oeds.education.ohio.gov/Api/OrgRelationships/GetOrgRelationships/289/0,2026-10-07 09:25:42 EDT,11171
200015,Columbiana County JVSD CTPD,289,050906,Columbiana County,045039,Wellsville Local,Traditional Public District,Career Technical Planning District,2003-04-26T00:00:00,2500-12-31T00:00:00,TRUE,https://oeds.education.ohio.gov/Api/OrgRelationships/GetOrgRelationships/289/0,2026-10-07 09:25:42 EDT,11282
200015,Columbiana County JVSD CTPD,289,050906,Columbiana County,045328,Columbiana Exempted Village,Traditional Public District,Career Technical Planning District,2003-04-26T00:00:00,2500-12-31T00:00:00,TRUE,https://oeds.education.ohio.gov/Api/OrgRelationships/GetOrgRelationships/289/0,2026-10-07 09:25:42 EDT,11311
200015,Columbiana County JVSD CTPD,289,050906,Columbiana County,045443,Leetonia Exempted Village School District,Traditional Public District,Career Technical Planning District,2003-04-26T00:00:00,2500-12-31T00:00:00,TRUE,https://oeds.education.ohio.gov/Api/OrgRelationships/GetOrgRelationships/289/0,2026-10-07 09:25:42 EDT,11323
200015,Columbiana County JVSD CTPD,289,050906,Columbiana County,045450,Lisbon Exempted Village,Traditional Public District,Career Technical Planning District,2003-04-26T00:00:00,2500-12-31T00:00:00,TRUE,https://oeds.education.ohio.gov/Api/OrgRelationships/GetOrgRelationships/289/0,2026-10-07 09:25:42 EDT,11324
200015,Columbiana County JVSD CTPD,289,050906,Columbiana County,046425,Beaver Local,Traditional Public District,Career Technical Planning District,2003-04-26T00:00:00,2500-12-31T00:00:00,TRUE,https://oeds.education.ohio.gov/Api/OrgRelationships/GetOrgRelationships/289/0,2026-10-07 09:25:42 EDT,11415
200015,Columbiana County JVSD CTPD,289,050906,Columbiana County,046433,Crestview Local,Traditional Public District,Career Technical Planning District,2003-04-26T00:00:00,2500-12-31T00:00:00,TRUE,https://oeds.education.ohio.gov/Api/OrgRelationships/GetOrgRelationships/289/0,2026-10-07 09:25:42 EDT,11416
200015,Columbiana County JVSD CTPD,289,050906,Columbiana County,046441,Southern Local,Traditional Public District,Career Technical Planning District,2003-04-26T00:00:00,2500-12-31T00:00:00,TRUE,https://oeds.education.ohio.gov/Api/OrgRelationships/GetOrgRelationships/289/0,2026-10-07 09:25:42 EDT,11417
200015,Columbiana County JVSD CTPD,289,050906,Columbiana County,046458,United Local,Traditional Public District,Career Technical Planning District,2003-04-26T00:00:00,2500-12-31T00:00:00,TRUE,https://oeds.education.ohio.gov/Api/OrgRelationships/GetOrgRelationships/289/0,2026-10-07 09:25:42 EDT,11418
200016,East Liverpool City CTPD,290,043919,East Liverpool City,043919,East Liverpool City,Traditional Public District,Career Technical Planning District,2003-04-26T00:00:00,2500-12-31T00:00:00,TRUE,https://oeds.education.ohio.gov/Api/OrgRelationships/GetOrgRelationships/290/0,2026-10-07 09:25:42 EDT,11170
200019,Cleveland Municipal CTPD,291,043786,Cleveland Municipal,043786,Cleveland Municipal,Traditional Public District,Career Technical Planning District,2003-04-26T00:00:00,2500-12-31T00:00:00,TRUE,https://oeds.education.ohio.gov/Api/OrgRelationships/GetOrgRelationships/291/0,2026-10-07 09:25:42 EDT,11157
200020,Tri-Heights Career Prep Consortium CTPD,294,043794,Cleveland Heights-University Heights City,043794,Cleveland Heights-University Heights City,Traditional Public District,Career Technical Planning District,2003-04-26T00:00:00,2500-12-31T00:00:00,TRUE,https://oeds.education.ohio.gov/Api/OrgRelationships/GetOrgRelationships/294/0,2026-10-07 09:25:42 EDT,11158
200020,Tri-Heights Career Prep Consortium CTPD,294,043794,Cleveland Heights-University Heights City,044305,Maple Heights City,Traditional Public District,Career Technical Planning District,2020-07-01T00:00:00,2500-12-31T00:00:00,TRUE,https://oeds.education.ohio.gov/Api/OrgRelationships/GetOrgRelationships/294/0,2026-10-07 09:25:42 EDT,11209
200020,Tri-Heights Career Prep Consortium CTPD,294,043794,Cleveland Heights-University Heights City,044750,Shaker Heights City,Traditional Public District,Career Technical Planning District,2003-04-26T00:00:00,2500-12-31T00:00:00,TRUE,https://oeds.education.ohio.gov/Api/OrgRelationships/GetOrgRelationships/294/0,2026-10-07 09:25:42 EDT,11254
200020,Tri-Heights Career Prep Consortium CTPD,294,043794,Cleveland Heights-University Heights City,045005,Warrensville Heights City,Traditional Public District,Career Technical Planning District,2003-04-26T00:00:00,2500-12-31T00:00:00,TRUE,https://oeds.education.ohio.gov/Api/OrgRelationships/GetOrgRelationships/294/0,2026-10-07 09:25:42 EDT,11279
200021,East Cleveland City CTPD,295,043901,East Cleveland City School District,043901,East Cleveland City School District,Traditional Public District,Career Technical Planning District,2003-04-26T00:00:00,2500-12-31T00:00:00,TRUE,https://oeds.education.ohio.gov/Api/OrgRelationships/GetOrgRelationships/295/0,2026-10-07 09:25:42 EDT,11169
200023,Lakewood City CTPD,299,044198,Lakewood City,043547,Bay Village City,Traditional Public District,Career Technical Planning District,2003-04-26T00:00:00,2500-12-31T00:00:00,TRUE,https://oeds.education.ohio.gov/Api/OrgRelationships/GetOrgRelationships/299/0,2026-10-07 09:25:42 EDT,11133
200023,Lakewood City CTPD,299,044198,Lakewood City,044198,Lakewood City,Traditional Public District,Career Technical Planning District,2003-04-26T00:00:00,2500-12-31T00:00:00,TRUE,https://oeds.education.ohio.gov/Api/OrgRelationships/GetOrgRelationships/299/0,2026-10-07 09:25:42 EDT,11198
200023,Lakewood City CTPD,299,044198,Lakewood City,044701,Rocky River City,Traditional Public District,Career Technical Planning District,2003-04-26T00:00:00,2500-12-31T00:00:00,TRUE,https://oeds.education.ohio.gov/Api/OrgRelationships/GetOrgRelationships/299/0,2026-10-07 09:25:42 EDT,11249
200023,Lakewood City CTPD,299,044198,Lakewood City,045062,Westlake City,Traditional Public District,Career Technical Planning District,2003-04-26T00:00:00,2500-12-31T00:00:00,TRUE,https://oeds.education.ohio.gov/Api/OrgRelationships/GetOrgRelationships/299/0,2026-10-07 09:25:42 EDT,11285
200025,Mayfield Excel T.E.C.C. CTPD,310,044370,Mayfield City,043554,Beachwood City,Traditional Public District,Career Technical Planning District,2003-04-26T00:00:00,2500-12-31T00:00:00,TRUE,https://oeds.education.ohio.gov/Api/OrgRelationships/GetOrgRelationships/310/0,2026-10-07 09:25:42 EDT,11134
200025,Mayfield Excel T.E.C.C. CTPD,310,044370,Mayfield City,044370,Mayfield City,Traditional Public District,Career Technical Planning District,2003-04-26T00:00:00,2500-12-31T00:00:00,TRUE,https://oeds.education.ohio.gov/Api/OrgRelationships/GetOrgRelationships/310/0,2026-10-07 09:25:42 EDT,11216
200025,Mayfield Excel T.E.C.C. CTPD,310,044370,Mayfield City,044792,South Euclid-Lyndhurst City,Traditional Public District,Career Technical Planning District,2003-04-26T00:00:00,2500-12-31T00:00:00,TRUE,https://oeds.education.ohio.gov/Api/OrgRelationships/GetOrgRelationships/310/0,2026-10-07 09:25:42 EDT,11258
200025,Mayfield Excel T.E.C.C. CTPD,310,044370,Mayfield City,045286,Chagrin Falls Exempted Village,Traditional Public District,Career Technical Planning District,2003-04-26T00:00:00,2500-12-31T00:00:00,TRUE,https://oeds.education.ohio.gov/Api/OrgRelationships/GetOrgRelationships/310/0,2026-10-07 09:25:42 EDT,11307
200025,Mayfield Excel T.E.C.C. CTPD,310,044370,Mayfield City,046581,Orange City,Traditional Public District,Career Technical Planning District,2003-04-26T00:00:00,2500-12-31T00:00:00,TRUE,https://oeds.education.ohio.gov/Api/OrgRelationships/GetOrgRelationships/310/0,2026-10-07 09:25:42 EDT,11431
200025,Mayfield Excel T.E.C.C. CTPD,310,044370,Mayfield City,046599,Richmond Heights Local,Traditional Public District,Career Technical Planning District,2003-04-26T00:00:00,2500-12-31T00:00:00,TRUE,https://oeds.education.ohio.gov/Api/OrgRelationships/GetOrgRelationships/310/0,2026-10-07 09:25:42 EDT,11432
200025,Mayfield Excel T.E.C.C. CTPD,310,044370,Mayfield City,046607,Solon City,Traditional Public District,Career Technical Planning District,2003-04-26T00:00:00,2500-12-31T00:00:00,TRUE,https://oeds.education.ohio.gov/Api/OrgRelationships/GetOrgRelationships/310/0,2026-10-07 09:25:42 EDT,11433
200025,Mayfield Excel T.E.C.C. CTPD,310,044370,Mayfield City,047225,West Geauga Local,Traditional Public District,Career Technical Planning District,2003-04-26T00:00:00,2500-12-31T00:00:00,TRUE,https://oeds.education.ohio.gov/Api/OrgRelationships/GetOrgRelationships/310/0,2026-10-07 09:25:42 EDT,11494
200025,Mayfield Excel T.E.C.C. CTPD,310,044370,Mayfield City,049171,Aurora City,Traditional Public District,Career Technical Planning District,2003-04-26T00:00:00,2500-12-31T00:00:00,TRUE,https://oeds.education.ohio.gov/Api/OrgRelationships/GetOrgRelationships/310/0,2026-10-07 09:25:42 EDT,11683
200026,Parma City CTPD,311,044636,Parma City,044636,Parma City,Traditional Public District,Career Technical Planning District,2003-04-26T00:00:00,2500-12-31T00:00:00,TRUE,https://oeds.education.ohio.gov/Api/OrgRelationships/GetOrgRelationships/311/0,2026-10-07 09:25:42 EDT,11242
200027,Cuyahoga Valley JVSD CTPD,322,050922,Cuyahoga Valley Career Center,043646,Brecksville-Broadview Heights City,Traditional Public District,Career Technical Planning District,2003-04-26T00:00:00,2500-12-31T00:00:00,TRUE,https://oeds.education.ohio.gov/Api/OrgRelationships/GetOrgRelationships/322/0,2026-10-07 09:25:42 EDT,11143
200027,Cuyahoga Valley JVSD CTPD,322,050922,Cuyahoga Valley Career Center,044040,Garfield Heights City Schools,Traditional Public District,Career Technical Planning District,2003-04-26T00:00:00,2500-12-31T00:00:00,TRUE,https://oeds.education.ohio.gov/Api/OrgRelationships/GetOrgRelationships/322/0,2026-10-07 09:25:42 EDT,11183
200027,Cuyahoga Valley JVSD CTPD,322,050922,Cuyahoga Valley Career Center,044545,North Royalton City,Traditional Public District,Career Technical Planning District,2003-04-26T00:00:00,2500-12-31T00:00:00,TRUE,https://oeds.education.ohio.gov/Api/OrgRelationships/GetOrgRelationships/322/0,2026-10-07 09:25:42 EDT,11233
200027,Cuyahoga Valley JVSD CTPD,322,050922,Cuyahoga Valley Career Center,046557,Cuyahoga Heights Local,Traditional Public District,Career Technical Planning District,2003-04-26T00:00:00,2500-12-31T00:00:00,TRUE,https://oeds.education.ohio.gov/Api/OrgRelationships/GetOrgRelationships/322/0,2026-10-07 09:25:42 EDT,11428
200027,Cuyahoga Valley JVSD CTPD,322,050922,Cuyahoga Valley Career Center,046565,Independence Local,Traditional Public District,Career Technical Planning District,2003-04-26T00:00:00,2500-12-31T00:00:00,TRUE,https://oeds.education.ohio.gov/Api/OrgRelationships/GetOrgRelationships/322/0,2026-10-07 09:25:42 EDT,11429
200027,Cuyahoga Valley JVSD CTPD,322,050922,Cuyahoga Valley Career Center,050047,Nordonia Hills City,Traditional Public District,Career Technical Planning District,2003-04-26T00:00:00,2500-12-31T00:00:00,TRUE,https://oeds.education.ohio.gov/Api/OrgRelationships/GetOrgRelationships/322/0,2026-10-07 09:25:42 EDT,11769
200027,Cuyahoga Valley JVSD CTPD,322,050922,Cuyahoga Valley Career Center,050054,Revere Local,Traditional Public District,Career Technical Planning District,2003-04-26T00:00:00,2500-12-31T00:00:00,TRUE,https://oeds.education.ohio.gov/Api/OrgRelationships/GetOrgRelationships/322/0,2026-10-07 09:25:42 EDT,11770
200027,Cuyahoga Valley JVSD CTPD,322,050922,Cuyahoga Valley Career Center,050070,Twinsburg City,Traditional Public District,Career Technical Planning District,2003-04-26T00:00:00,2500-12-31T00:00:00,TRUE,https://oeds.education.ohio.gov/Api/OrgRelationships/GetOrgRelationships/322/0,2026-10-07 09:25:42 EDT,11772
200028,Polaris JVSD CTPD,329,050948,Polaris,043612,Berea City,Traditional Public District,Career Technical Planning District,2003-04-26T00:00:00,2500-12-31T00:00:00,TRUE,https://oeds.education.ohio.gov/Api/OrgRelationships/GetOrgRelationships/329/0,2026-10-07 09:25:42 EDT,11140
200028,Polaris JVSD CTPD,329,050948,Polaris,043653,Brooklyn City,Traditional Public District,Career Technical Planning District,2003-04-26T00:00:00,2500-12-31T00:00:00,TRUE,https://oeds.education.ohio.gov/Api/OrgRelationships/GetOrgRelationships/329/0,2026-10-07 09:25:42 EDT,11144
200028,Polaris JVSD CTPD,329,050948,Polaris,043976,Fairview Park City,Traditional Public District,Career Technical Planning District,2003-04-26T00:00:00,2500-12-31T00:00:00,TRUE,https://oeds.education.ohio.gov/Api/OrgRelationships/GetOrgRelationships/329/0,2026-10-07 09:25:42 EDT,11176
200028,Polaris JVSD CTPD,329,050948,Polaris,044529,North Olmsted City,Traditional Public District,Career Technical Planning District,2003-04-26T00:00:00,2500-12-31T00:00:00,TRUE,https://oeds.education.ohio.gov/Api/OrgRelationships/GetOrgRelationships/329/0,2026-10-07 09:25:42 EDT,11231
200028,Polaris JVSD CTPD,329,050948,Polaris,044842,Strongsville City,Traditional Public District,Career Technical Planning District,2003-04-26T00:00:00,2500-12-31T00:00:00,TRUE,https://oeds.education.ohio.gov/Api/OrgRelationships/GetOrgRelationships/329/0,2026-10-07 09:25:42 EDT,11263
200028,Polaris JVSD CTPD,329,050948,Polaris,046573,Olmsted Falls City,Traditional Public District,Career Technical Planning District,2003-04-26T00:00:00,2500-12-31T00:00:00,TRUE,https://oeds.education.ohio.gov/Api/OrgRelationships/GetOrgRelationships/329/0,2026-10-07 09:25:42 EDT,11430
200030,Four County JVSD CTPD,361,050963,Four County Career Center,043679,Bryan City,Traditional Public District,Career Technical Planning District,2003-04-26T00:00:00,2500-12-31T00:00:00,TRUE,https://oeds.education.ohio.gov/Api/OrgRelationships/GetOrgRelationships/361/0,2026-10-07 09:25:42 EDT,11146
200030,Four County JVSD CTPD,361,050963,Four County Career Center,043869,Defiance City,Traditional Public District,Career Technical Planning District,2003-04-26T00:00:00,2500-12-31T00:00:00,TRUE,https://oeds.education.ohio.gov/Api/OrgRelationships/GetOrgRelationships/361/0,2026-10-07 09:25:42 EDT,11165
200030,Four County JVSD CTPD,361,050963,Four County Career Center,044438,Napoleon Area City,Traditional Public District,Career Technical Planning District,2003-04-26T00:00:00,2500-12-31T00:00:00,TRUE,https://oeds.education.ohio.gov/Api/OrgRelationships/GetOrgRelationships/361/0,2026-10-07 09:25:42 EDT,11222
200030,Four County JVSD CTPD,361,050963,Four County Career Center,045419,Hicksville Exempted Village School District,Traditional Public District,Career Technical Planning District,2003-04-26T00:00:00,2500-12-31T00:00:00,TRUE,https://oeds.education.ohio.gov/Api/OrgRelationships/GetOrgRelationships/361/0,2026-10-07 09:25:42 EDT,11320
200030,Four County JVSD CTPD,361,050963,Four County Career Center,045526,Montpelier Exempted Village,Traditional Public District,Career Technical Planning District,2003-04-26T00:00:00,2500-12-31T00:00:00,TRUE,https://oeds.education.ohio.gov/Api/OrgRelationships/GetOrgRelationships/361/0,2026-10-07 09:25:42 EDT,11331
200030,Four County JVSD CTPD,361,050963,Four County Career Center,045641,Wauseon Exempted Village,Traditional Public District,Career Technical Planning District,2003-04-26T00:00:00,2500-12-31T00:00:00,TRUE,https://oeds.education.ohio.gov/Api/OrgRelationships/GetOrgRelationships/361/0,2026-10-07 09:25:42 EDT,11343
200030,Four County JVSD CTPD,361,050963,Four County Career Center,046706,Ayersville Local,Traditional Public District,Career Technical Planning District,2003-04-26T00:00:00,2500-12-31T00:00:00,TRUE,https://oeds.education.ohio.gov/Api/OrgRelationships/GetOrgRelationships/361/0,2026-10-07 09:25:42 EDT,11443
200030,Four County JVSD CTPD,361,050963,Four County Career Center,046714,Central Local,Traditional Public District,Career Technical Planning District,2003-04-26T00:00:00,2500-12-31T00:00:00,TRUE,https://oeds.education.ohio.gov/Api/OrgRelationships/GetOrgRelationships/361/0,2026-10-07 09:25:42 EDT,11444
200030,Four County JVSD CTPD,361,050963,Four County Career Center,046722,Northeastern Local,Traditional Public District,Career Technical Planning District,2003-04-26T00:00:00,2500-12-31T00:00:00,TRUE,https://oeds.education.ohio.gov/Api/OrgRelationships/GetOrgRelationships/361/0,2026-10-07 09:25:42 EDT,11445
200030,Four County JVSD CTPD,361,050963,Four County Career Center,047043,Archbold-Area Local,Traditional Public District,Career Technical Planning District,2003-04-26T00:00:00,2500-12-31T00:00:00,TRUE,https://oeds.education.ohio.gov/Api/OrgRelationships/GetOrgRelationships/361/0,2026-10-07 09:25:42 EDT,11476
200030,Four County JVSD CTPD,361,050963,Four County Career Center,047050,Evergreen Local,Traditional Public District,Career Technical Planning District,2003-04-26T00:00:00,2500-12-31T00:00:00,TRUE,https://oeds.education.ohio.gov/Api/OrgRelationships/GetOrgRelationships/361/0,2026-10-07 09:25:42 EDT,11477
200030,Four County JVSD CTPD,361,050963,Four County Career Center,047068,Fayette Local,Traditional Public District,Career Technical Planning District,2003-04-26T00:00:00,2500-12-31T00:00:00,TRUE,https://oeds.education.ohio.gov/Api/OrgRelationships/GetOrgRelationships/361/0,2026-10-07 09:25:42 EDT,11478
200030,Four County JVSD CTPD,361,050963,Four County Career Center,047076,Pettisville Local,Traditional Public District,Career Technical Planning District,2003-04-26T00:00:00,2500-12-31T00:00:00,TRUE,https://oeds.education.ohio.gov/Api/OrgRelationships/GetOrgRelationships/361/0,2026-10-07 09:25:42 EDT,11479
200030,Four County JVSD CTPD,361,050963,Four County Career Center,047084,Pike-Delta-York Local,Traditional Public District,Career Technical Planning District,2003-04-26T00:00:00,2500-12-31T00:00:00,TRUE,https://oeds.education.ohio.gov/Api/OrgRelationships/GetOrgRelationships/361/0,2026-10-07 09:25:42 EDT,11480
200030,Four County JVSD CTPD,361,050963,Four County Career Center,047571,Holgate Local,Traditional Public District,Career Technical Planning District,2003-04-26T00:00:00,2500-12-31T00:00:00,TRUE,https://oeds.education.ohio.gov/Api/OrgRelationships/GetOrgRelationships/361/0,2026-10-07 09:25:42 EDT,11527
200030,Four County JVSD CTPD,361,050963,Four County Career Center,047589,Liberty Center Local,Traditional Public District,Career Technical Planning District,2003-04-26T00:00:00,2500-12-31T00:00:00,TRUE,https://oeds.education.ohio.gov/Api/OrgRelationships/GetOrgRelationships/361/0,2026-10-07 09:25:42 EDT,11528
200030,Four County JVSD CTPD,361,050963,Four County Career Center,047597,Patrick Henry Local,Traditional Public District,Career Technical Planning District,2003-04-26T00:00:00,2500-12-31T00:00:00,TRUE,https://oeds.education.ohio.gov/Api/OrgRelationships/GetOrgRelationships/361/0,2026-10-07 09:25:42 EDT,11529
200030,Four County JVSD CTPD,361,050963,Four County Career Center,050617,Edgerton Local,Traditional Public District,Career Technical Planning District,2003-04-26T00:00:00,2500-12-31T00:00:00,TRUE,https://oeds.education.ohio.gov/Api/OrgRelationships/GetOrgRelationships/361/0,2026-10-07 09:25:42 EDT,11825
200030,Four County JVSD CTPD,361,050963,Four County Career Center,050625,Edon Northwest Local,Traditional Public District,Career Technical Planning District,2003-04-26T00:00:00,2500-12-31T00:00:00,TRUE,https://oeds.education.ohio.gov/Api/OrgRelationships/GetOrgRelationships/361/0,2026-10-07 09:25:42 EDT,11826
200030,Four County JVSD CTPD,361,050963,Four County Career Center,050633,Millcreek-West Unity Local,Traditional Public District,Career Technical Planning District,2003-04-26T00:00:00,2500-12-31T00:00:00,TRUE,https://oeds.education.ohio.gov/Api/OrgRelationships/GetOrgRelationships/361/0,2026-10-07 09:25:42 EDT,11827
200030,Four County JVSD CTPD,361,050963,Four County Career Center,050641,North Central Local,Traditional Public District,Career Technical Planning District,2003-04-26T00:00:00,2500-12-31T00:00:00,TRUE,https://oeds.education.ohio.gov/Api/OrgRelationships/GetOrgRelationships/361/0,2026-10-07 09:25:42 EDT,11828
200030,Four County JVSD CTPD,361,050963,Four County Career Center,050658,Stryker Local,Traditional Public District,Career Technical Planning District,2003-04-26T00:00:00,2500-12-31T00:00:00,TRUE,https://oeds.education.ohio.gov/Api/OrgRelationships/GetOrgRelationships/361/0,2026-10-07 09:25:42 EDT,11829
200031,Delaware County JVSD CTPD,368,050989,Delaware Area Career Center,043877,Delaware City,Traditional Public District,Career Technical Planning District,2003-04-26T00:00:00,2500-12-31T00:00:00,TRUE,https://oeds.education.ohio.gov/Api/OrgRelationships/GetOrgRelationships/368/0,2026-10-07 09:25:42 EDT,11166
200031,Delaware County JVSD CTPD,368,050989,Delaware Area Career Center,045138,Worthington City,Traditional Public District,Career Technical Planning District,2005-11-21T00:00:00,2500-12-31T00:00:00,TRUE,https://oeds.education.ohio.gov/Api/OrgRelationships/GetOrgRelationships/368/0,2026-10-07 09:25:42 EDT,11292
200031,Delaware County JVSD CTPD,368,050989,Delaware Area Career Center,046748,Big Walnut Local,Traditional Public District,Career Technical Planning District,2003-04-26T00:00:00,2500-12-31T00:00:00,TRUE,https://oeds.education.ohio.gov/Api/OrgRelationships/GetOrgRelationships/368/0,2026-10-07 09:25:42 EDT,11447
200031,Delaware County JVSD CTPD,368,050989,Delaware Area Career Center,046755,Buckeye Valley Local Schools,Traditional Public District,Career Technical Planning District,2003-04-26T00:00:00,2500-12-31T00:00:00,TRUE,https://oeds.education.ohio.gov/Api/OrgRelationships/GetOrgRelationships/368/0,2026-10-07 09:25:42 EDT,11448
200031,Delaware County JVSD CTPD,368,050989,Delaware Area Career Center,046763,Olentangy Local,Traditional Public District,Career Technical Planning District,2003-04-26T00:00:00,2500-12-31T00:00:00,TRUE,https://oeds.education.ohio.gov/Api/OrgRelationships/GetOrgRelationships/368/0,2026-10-07 09:25:42 EDT,11449
200032,EHOVE JVSD CTPD,390,051029,EHOVE Career Center,043596,Bellevue City,Traditional Public District,Career Technical Planning District,2003-04-26T00:00:00,2500-12-31T00:00:00,TRUE,https://oeds.education.ohio.gov/Api/OrgRelationships/GetOrgRelationships/390/0,2026-10-07 09:25:42 EDT,11138
200032,EHOVE JVSD CTPD,390,051029,EHOVE Career Center,044131,Huron City Schools,Traditional Public District,Career Technical Planning District,2003-04-26T00:00:00,2500-12-31T00:00:00,TRUE,https://oeds.education.ohio.gov/Api/OrgRelationships/GetOrgRelationships/390/0,2026-10-07 09:25:42 EDT,11192
200032,EHOVE JVSD CTPD,390,051029,EHOVE Career Center,044560,Norwalk City,Traditional Public District,Career Technical Planning District,2003-04-26T00:00:00,2500-12-31T00:00:00,TRUE,https://oeds.education.ohio.gov/Api/OrgRelationships/GetOrgRelationships/390/0,2026-10-07 09:25:42 EDT,11235
200032,EHOVE JVSD CTPD,390,051029,EHOVE Career Center,046789,Edison Local (formerly Berlin-Milan),Traditional Public District,Career Technical Planning District,2003-04-26T00:00:00,2500-12-31T00:00:00,TRUE,https://oeds.education.ohio.gov/Api/OrgRelationships/GetOrgRelationships/390/0,2026-10-07 09:25:42 EDT,11451
200032,EHOVE JVSD CTPD,390,051029,EHOVE Career Center,046797,Kelleys Island Local,Traditional Public District,Career Technical Planning District,2003-04-26T00:00:00,2500-12-31T00:00:00,TRUE,https://oeds.education.ohio.gov/Api/OrgRelationships/GetOrgRelationships/390/0,2026-10-07 09:25:42 EDT,11452
200032,EHOVE JVSD CTPD,390,051029,EHOVE Career Center,046805,Margaretta Local,Traditional Public District,Career Technical Planning District,2003-04-26T00:00:00,2500-12-31T00:00:00,TRUE,https://oeds.education.ohio.gov/Api/OrgRelationships/GetOrgRelationships/390/0,2026-10-07 09:25:42 EDT,11453
200032,EHOVE JVSD CTPD,390,051029,EHOVE Career Center,046813,Perkins Local,Traditional Public District,Career Technical Planning District,2003-04-26T00:00:00,2500-12-31T00:00:00,TRUE,https://oeds.education.ohio.gov/Api/OrgRelationships/GetOrgRelationships/390/0,2026-10-07 09:25:42 EDT,11454
200032,EHOVE JVSD CTPD,390,051029,EHOVE Career Center,046821,Vermilion Local,Traditional Public District,Career Technical Planning District,2003-04-26T00:00:00,2500-12-31T00:00:00,TRUE,https://oeds.education.ohio.gov/Api/OrgRelationships/GetOrgRelationships/390/0,2026-10-07 09:25:42 EDT,11455
200032,EHOVE JVSD CTPD,390,051029,EHOVE Career Center,047712,Monroeville Local,Traditional Public District,Career Technical Planning District,2003-04-26T00:00:00,2500-12-31T00:00:00,TRUE,https://oeds.education.ohio.gov/Api/OrgRelationships/GetOrgRelationships/390/0,2026-10-07 09:25:42 EDT,11541
200032,EHOVE JVSD CTPD,390,051029,EHOVE Career Center,047720,New London Local,Traditional Public District,Career Technical Planning District,2003-04-26T00:00:00,2500-12-31T00:00:00,TRUE,https://oeds.education.ohio.gov/Api/OrgRelationships/GetOrgRelationships/390/0,2026-10-07 09:25:42 EDT,11542
200032,EHOVE JVSD CTPD,390,051029,EHOVE Career Center,047738,South Central Local,Traditional Public District,Career Technical Planning District,2003-04-26T00:00:00,2500-12-31T00:00:00,TRUE,https://oeds.education.ohio.gov/Api/OrgRelationships/GetOrgRelationships/390/0,2026-10-07 09:25:42 EDT,11543
200032,EHOVE JVSD CTPD,390,051029,EHOVE Career Center,047746,Western Reserve Local,Traditional Public District,Career Technical Planning District,2003-04-26T00:00:00,2500-12-31T00:00:00,TRUE,https://oeds.education.ohio.gov/Api/OrgRelationships/GetOrgRelationships/390/0,2026-10-07 09:25:42 EDT,11544
200032,EHOVE JVSD CTPD,390,051029,EHOVE Career Center,048934,Danbury Local,Traditional Public District,Career Technical Planning District,2003-04-26T00:00:00,2500-12-31T00:00:00,TRUE,https://oeds.education.ohio.gov/Api/OrgRelationships/GetOrgRelationships/390/0,2026-10-07 09:25:42 EDT,11662
200032,EHOVE JVSD CTPD,390,051029,EHOVE Career Center,048959,Middle Bass Local,Traditional Public District,Career Technical Planning District,2003-04-26T00:00:00,2500-12-31T00:00:00,TRUE,https://oeds.education.ohio.gov/Api/OrgRelationships/GetOrgRelationships/390/0,2026-10-07 09:25:42 EDT,11664
200032,EHOVE JVSD CTPD,390,051029,EHOVE Career Center,048967,North Bass Local,Traditional Public District,Career Technical Planning District,2003-04-26T00:00:00,2500-12-31T00:00:00,TRUE,https://oeds.education.ohio.gov/Api/OrgRelationships/GetOrgRelationships/390/0,2026-10-07 09:25:42 EDT,11665
200032,EHOVE JVSD CTPD,390,051029,EHOVE Career Center,048975,Put-In-Bay Local,Traditional Public District,Career Technical Planning District,2003-04-26T00:00:00,2500-12-31T00:00:00,TRUE,https://oeds.education.ohio.gov/Api/OrgRelationships/GetOrgRelationships/390/0,2026-10-07 09:25:42 EDT,11666
200033,Sandusky City CTPD,391,044743,Sandusky City,044743,Sandusky City,Traditional Public District,Career Technical Planning District,2003-04-26T00:00:00,2500-12-31T00:00:00,TRUE,https://oeds.education.ohio.gov/Api/OrgRelationships/GetOrgRelationships/391/0,2026-10-07 09:25:42 EDT,11253
200035,Columbus City CTPD,396,043802,Columbus City Schools District,043802,Columbus City Schools District,Traditional Public District,Career Technical Planning District,2003-04-26T00:00:00,2500-12-31T00:00:00,TRUE,https://oeds.education.ohio.gov/Api/OrgRelationships/GetOrgRelationships/396/0,2026-10-07 09:25:42 EDT,11159
200035,Columbus City CTPD,396,043802,Columbus City Schools District,044073,Grandview Heights Schools,Traditional Public District,Career Technical Planning District,2003-04-26T00:00:00,2500-12-31T00:00:00,TRUE,https://oeds.education.ohio.gov/Api/OrgRelationships/GetOrgRelationships/396/0,2026-10-07 09:25:42 EDT,11186
200035,Columbus City CTPD,396,043802,Columbus City Schools District,044933,Upper Arlington City,Traditional Public District,Career Technical Planning District,2003-04-26T00:00:00,2500-12-31T00:00:00,TRUE,https://oeds.education.ohio.gov/Api/OrgRelationships/GetOrgRelationships/396/0,2026-10-07 09:25:42 EDT,11272
200035,Columbus City CTPD,396,043802,Columbus City Schools District,045047,Westerville City,Traditional Public District,Career Technical Planning District,2003-04-26T00:00:00,2500-12-31T00:00:00,TRUE,https://oeds.education.ohio.gov/Api/OrgRelationships/GetOrgRelationships/396/0,2026-10-07 09:25:42 EDT,11283
200036,Eastland JVSD CTPD,417,051003,Eastland-Fairfield Career & Technical Schools,043620,Bexley City,Traditional Public District,Career Technical Planning District,2003-04-26T00:00:00,2500-12-31T00:00:00,TRUE,https://oeds.education.ohio.gov/Api/OrgRelationships/GetOrgRelationships/417/0,2026-10-07 09:25:42 EDT,11141
200036,Eastland JVSD CTPD,417,051003,Eastland-Fairfield Career & Technical Schools,045070,Whitehall City,Traditional Public District,Career Technical Planning District,2003-04-26T00:00:00,2500-12-31T00:00:00,TRUE,https://oeds.education.ohio.gov/Api/OrgRelationships/GetOrgRelationships/417/0,2026-10-07 09:25:42 EDT,11286
200036,Eastland JVSD CTPD,417,051003,Eastland-Fairfield Career & Technical Schools,046847,Amanda-Clearcreek Local,Traditional Public District,Career Technical Planning District,2003-04-26T00:00:00,2500-12-31T00:00:00,TRUE,https://oeds.education.ohio.gov/Api/OrgRelationships/GetOrgRelationships/417/0,2026-10-07 09:25:42 EDT,11457
200036,Eastland JVSD CTPD,417,051003,Eastland-Fairfield Career & Technical Schools,046854,Berne Union Local,Traditional Public District,Career Technical Planning District,2003-04-26T00:00:00,2500-12-31T00:00:00,TRUE,https://oeds.education.ohio.gov/Api/OrgRelationships/GetOrgRelationships/417/0,2026-10-07 09:25:42 EDT,11458
200036,Eastland JVSD CTPD,417,051003,Eastland-Fairfield Career & Technical Schools,046862,Bloom-Carroll Local,Traditional Public District,Career Technical Planning District,2003-04-26T00:00:00,2500-12-31T00:00:00,TRUE,https://oeds.education.ohio.gov/Api/OrgRelationships/GetOrgRelationships/417/0,2026-10-07 09:25:42 EDT,11459
200036,Eastland JVSD CTPD,417,051003,Eastland-Fairfield Career & Technical Schools,046870,Fairfield Union Local,Traditional Public District,Career Technical Planning District,2003-04-26T00:00:00,2500-12-31T00:00:00,TRUE,https://oeds.education.ohio.gov/Api/OrgRelationships/GetOrgRelationships/417/0,2026-10-07 09:25:42 EDT,11460
200036,Eastland JVSD CTPD,417,051003,Eastland-Fairfield Career & Technical Schools,046888,Liberty Union-Thurston Local,Traditional Public District,Career Technical Planning District,2003-04-26T00:00:00,2500-12-31T00:00:00,TRUE,https://oeds.education.ohio.gov/Api/OrgRelationships/GetOrgRelationships/417/0,2026-10-07 09:25:42 EDT,11461
200036,Eastland JVSD CTPD,417,051003,Eastland-Fairfield Career & Technical Schools,046896,Pickerington Local,Traditional Public District,Career Technical Planning District,2003-04-26T00:00:00,2500-12-31T00:00:00,TRUE,https://oeds.education.ohio.gov/Api/OrgRelationships/GetOrgRelationships/417/0,2026-10-07 09:25:42 EDT,11462
200036,Eastland JVSD CTPD,417,051003,Eastland-Fairfield Career & Technical Schools,046904,Walnut Township Local,Traditional Public District,Career Technical Planning District,2003-04-26T00:00:00,2500-12-31T00:00:00,TRUE,https://oeds.education.ohio.gov/Api/OrgRelationships/GetOrgRelationships/417/0,2026-10-07 09:25:42 EDT,11463
200036,Eastland JVSD CTPD,417,051003,Eastland-Fairfield Career & Technical Schools,046946,Canal Winchester Local,Traditional Public District,Career Technical Planning District,2003-04-26T00:00:00,2500-12-31T00:00:00,TRUE,https://oeds.education.ohio.gov/Api/OrgRelationships/GetOrgRelationships/417/0,2026-10-07 09:25:42 EDT,11467
200036,Eastland JVSD CTPD,417,051003,Eastland-Fairfield Career & Technical Schools,046953,Hamilton Local,Traditional Public District,Career Technical Planning District,2003-04-26T00:00:00,2500-12-31T00:00:00,TRUE,https://oeds.education.ohio.gov/Api/OrgRelationships/GetOrgRelationships/417/0,2026-10-07 09:25:42 EDT,11468
200036,Eastland JVSD CTPD,417,051003,Eastland-Fairfield Career & Technical Schools,046961,Gahanna-Jefferson City,Traditional Public District,Career Technical Planning District,2003-04-26T00:00:00,2500-12-31T00:00:00,TRUE,https://oeds.education.ohio.gov/Api/OrgRelationships/GetOrgRelationships/417/0,2026-10-07 09:25:42 EDT,11469
200036,Eastland JVSD CTPD,417,051003,Eastland-Fairfield Career & Technical Schools,046979,Groveport Madison Local,Traditional Public District,Career Technical Planning District,2003-04-26T00:00:00,2500-12-31T00:00:00,TRUE,https://oeds.education.ohio.gov/Api/OrgRelationships/GetOrgRelationships/417/0,2026-10-07 09:25:42 EDT,11470
200036,Eastland JVSD CTPD,417,051003,Eastland-Fairfield Career & Technical Schools,046995,New Albany-Plain Local,Traditional Public District,Career Technical Planning District,2003-04-26T00:00:00,2500-12-31T00:00:00,TRUE,https://oeds.education.ohio.gov/Api/OrgRelationships/GetOrgRelationships/417/0,2026-10-07 09:25:42 EDT,11471
200036,Eastland JVSD CTPD,417,051003,Eastland-Fairfield Career & Technical Schools,047001,Reynoldsburg City,Traditional Public District,Career Technical Planning District,2003-04-26T00:00:00,2500-12-31T00:00:00,TRUE,https://oeds.education.ohio.gov/Api/OrgRelationships/GetOrgRelationships/417/0,2026-10-07 09:25:42 EDT,11472
200036,Eastland JVSD CTPD,417,051003,Eastland-Fairfield Career & Technical Schools,049098,Teays Valley Local,Traditional Public District,Career Technical Planning District,2003-04-26T00:00:00,2500-12-31T00:00:00,TRUE,https://oeds.education.ohio.gov/Api/OrgRelationships/GetOrgRelationships/417/0,2026-10-07 09:25:42 EDT,11675
200037,Tolles Career & Technical Center CTPD,427,063511,Tolles Career & Technical Center,044255,London City,Traditional Public District,Career Technical Planning District,2003-04-26T00:00:00,2500-12-31T00:00:00,TRUE,https://oeds.education.ohio.gov/Api/OrgRelationships/GetOrgRelationships/427/0,2026-10-07 09:25:42 EDT,11204
200037,Tolles Career & Technical Center CTPD,427,063511,Tolles Career & Technical Center,047019,Hilliard City,Traditional Public District,Career Technical Planning District,2003-04-26T00:00:00,2500-12-31T00:00:00,TRUE,https://oeds.education.ohio.gov/Api/OrgRelationships/GetOrgRelationships/427/0,2026-10-07 09:25:42 EDT,11473
200037,Tolles Career & Technical Center CTPD,427,063511,Tolles Career & Technical Center,047027,Dublin City,Traditional Public District,Career Technical Planning District,2003-04-26T00:00:00,2500-12-31T00:00:00,TRUE,https://oeds.education.ohio.gov/Api/OrgRelationships/GetOrgRelationships/427/0,2026-10-07 09:25:42 EDT,11474
200037,Tolles Career & Technical Center CTPD,427,063511,Tolles Career & Technical Center,048256,Jefferson Local,Traditional Public District,Career Technical Planning District,2003-04-26T00:00:00,2500-12-31T00:00:00,TRUE,https://oeds.education.ohio.gov/Api/OrgRelationships/GetOrgRelationships/427/0,2026-10-07 09:25:42 EDT,11595
200037,Tolles Career & Technical Center CTPD,427,063511,Tolles Career & Technical Center,048264,Jonathan Alder Local,Traditional Public District,Career Technical Planning District,2003-04-26T00:00:00,2500-12-31T00:00:00,TRUE,https://oeds.education.ohio.gov/Api/OrgRelationships/GetOrgRelationships/427/0,2026-10-07 09:25:42 EDT,11596
200037,Tolles Career & Technical Center CTPD,427,063511,Tolles Career & Technical Center,048272,Madison-Plains Local,Traditional Public District,Career Technical Planning District,2003-04-26T00:00:00,2500-12-31T00:00:00,TRUE,https://oeds.education.ohio.gov/Api/OrgRelationships/GetOrgRelationships/427/0,2026-10-07 09:25:42 EDT,11597
200037,Tolles Career & Technical Center CTPD,427,063511,Tolles Career & Technical Center,050328,Fairbanks Local,Traditional Public District,Career Technical Planning District,2003-04-26T00:00:00,2500-12-31T00:00:00,TRUE,https://oeds.education.ohio.gov/Api/OrgRelationships/GetOrgRelationships/427/0,2026-10-07 09:25:42 EDT,11796
200038,South-Western City CTPD,428,044800,South-Western City,044800,South-Western City,Traditional Public District,Career Technical Planning District,2003-04-26T00:00:00,2500-12-31T00:00:00,TRUE,https://oeds.education.ohio.gov/Api/OrgRelationships/GetOrgRelationships/428/0,2026-10-07 09:25:42 EDT,11259
200039,Penta County JVSD CTPD,448,051359,Penta Career Center - District,043638,Bowling Green City School District,Traditional Public District,Career Technical Planning District,2003-04-26T00:00:00,2500-12-31T00:00:00,TRUE,https://oeds.education.ohio.gov/Api/OrgRelationships/GetOrgRelationships/448/0,2026-10-07 09:25:42 EDT,11142
200039,Penta County JVSD CTPD,448,051359,Penta Career Center - District,044362,Maumee City,Traditional Public District,Career Technical Planning District,2003-04-26T00:00:00,2500-12-31T00:00:00,TRUE,https://oeds.education.ohio.gov/Api/OrgRelationships/GetOrgRelationships/448/0,2026-10-07 09:25:42 EDT,11215
200039,Penta County JVSD CTPD,448,051359,Penta Career Center - District,045583,Perrysburg Exempted Village,Traditional Public District,Career Technical Planning District,2003-04-26T00:00:00,2500-12-31T00:00:00,TRUE,https://oeds.education.ohio.gov/Api/OrgRelationships/GetOrgRelationships/448/0,2026-10-07 09:25:42 EDT,11337
200039,Penta County JVSD CTPD,448,051359,Penta Career Center - District,045609,Rossford Exempted Village,Traditional Public District,Career Technical Planning District,2003-04-26T00:00:00,2500-12-31T00:00:00,TRUE,https://oeds.education.ohio.gov/Api/OrgRelationships/GetOrgRelationships/448/0,2026-10-07 09:25:42 EDT,11339
200039,Penta County JVSD CTPD,448,051359,Penta Career Center - District,047092,Swanton Local,Traditional Public District,Career Technical Planning District,2003-04-26T00:00:00,2500-12-31T00:00:00,TRUE,https://oeds.education.ohio.gov/Api/OrgRelationships/GetOrgRelationships/448/0,2026-10-07 09:25:42 EDT,11481
200039,Penta County JVSD CTPD,448,051359,Penta Career Center - District,048207,Anthony Wayne Local,Traditional Public District,Career Technical Planning District,2003-04-26T00:00:00,2500-12-31T00:00:00,TRUE,https://oeds.education.ohio.gov/Api/OrgRelationships/GetOrgRelationships/448/0,2026-10-07 09:25:42 EDT,11590
200039,Penta County JVSD CTPD,448,051359,Penta Career Center - District,048223,Springfield Local,Traditional Public District,Career Technical Planning District,2003-04-26T00:00:00,2500-12-31T00:00:00,TRUE,https://oeds.education.ohio.gov/Api/OrgRelationships/GetOrgRelationships/448/0,2026-10-07 09:25:42 EDT,11592
200039,Penta County JVSD CTPD,448,051359,Penta Career Center - District,048926,Benton Carroll Salem Local,Traditional Public District,Career Technical Planning District,2003-04-26T00:00:00,2500-12-31T00:00:00,TRUE,https://oeds.education.ohio.gov/Api/OrgRelationships/GetOrgRelationships/448/0,2026-10-07 09:25:42 EDT,11661
200039,Penta County JVSD CTPD,448,051359,Penta Career Center - District,048942,Genoa Area Local,Traditional Public District,Career Technical Planning District,2003-04-26T00:00:00,2500-12-31T00:00:00,TRUE,https://oeds.education.ohio.gov/Api/OrgRelationships/GetOrgRelationships/448/0,2026-10-07 09:25:42 EDT,11663
200039,Penta County JVSD CTPD,448,051359,Penta Career Center - District,049577,Woodmore Local,Traditional Public District,Career Technical Planning District,2003-04-26T00:00:00,2500-12-31T00:00:00,TRUE,https://oeds.education.ohio.gov/Api/OrgRelationships/GetOrgRelationships/448/0,2026-10-07 09:25:42 EDT,11723
200039,Penta County JVSD CTPD,448,051359,Penta Career Center - District,050674,Eastwood Local,Traditional Public District,Career Technical Planning District,2003-04-26T00:00:00,2500-12-31T00:00:00,TRUE,https://oeds.education.ohio.gov/Api/OrgRelationships/GetOrgRelationships/448/0,2026-10-07 09:25:42 EDT,11831
200039,Penta County JVSD CTPD,448,051359,Penta Career Center - District,050682,Elmwood Local,Traditional Public District,Career Technical Planning District,2003-04-26T00:00:00,2500-12-31T00:00:00,TRUE,https://oeds.education.ohio.gov/Api/OrgRelationships/GetOrgRelationships/448/0,2026-10-07 09:25:42 EDT,11832
200039,Penta County JVSD CTPD,448,051359,Penta Career Center - District,050690,Lake Local,Traditional Public District,Career Technical Planning District,2003-04-26T00:00:00,2500-12-31T00:00:00,TRUE,https://oeds.education.ohio.gov/Api/OrgRelationships/GetOrgRelationships/448/0,2026-10-07 09:25:42 EDT,11833
200039,Penta County JVSD CTPD,448,051359,Penta Career Center - District,050708,North Baltimore Local,Traditional Public District,Career Technical Planning District,2003-04-26T00:00:00,2500-12-31T00:00:00,TRUE,https://oeds.education.ohio.gov/Api/OrgRelationships/GetOrgRelationships/448/0,2026-10-07 09:25:42 EDT,11834
200039,Penta County JVSD CTPD,448,051359,Penta Career Center - District,050716,Northwood Local Schools,Traditional Public District,Career Technical Planning District,2003-04-26T00:00:00,2500-12-31T00:00:00,TRUE,https://oeds.education.ohio.gov/Api/OrgRelationships/GetOrgRelationships/448/0,2026-10-07 09:25:42 EDT,11835
200039,Penta County JVSD CTPD,448,051359,Penta Career Center - District,050724,Otsego Local,Traditional Public District,Career Technical Planning District,2003-04-26T00:00:00,2500-12-31T00:00:00,TRUE,https://oeds.education.ohio.gov/Api/OrgRelationships/GetOrgRelationships/448/0,2026-10-07 09:25:42 EDT,11836
200040,Gallia-Jackson-Vinton JVSD CTPD,461,062067,Gallia-Jackson-Vinton,044032,Gallipolis City,Traditional Public District,Career Technical Planning District,2003-04-26T00:00:00,2500-12-31T00:00:00,TRUE,https://oeds.education.ohio.gov/Api/OrgRelationships/GetOrgRelationships/461/0,2026-10-07 09:25:42 EDT,11182
200040,Gallia-Jackson-Vinton JVSD CTPD,461,062067,Gallia-Jackson-Vinton,044156,Jackson City,Traditional Public District,Career Technical Planning District,2003-04-26T00:00:00,2500-12-31T00:00:00,TRUE,https://oeds.education.ohio.gov/Api/OrgRelationships/GetOrgRelationships/461/0,2026-10-07 09:25:42 EDT,11194
200040,Gallia-Jackson-Vinton JVSD CTPD,461,062067,Gallia-Jackson-Vinton,045021,Wellston City,Traditional Public District,Career Technical Planning District,2003-04-26T00:00:00,2500-12-31T00:00:00,TRUE,https://oeds.education.ohio.gov/Api/OrgRelationships/GetOrgRelationships/461/0,2026-10-07 09:25:42 EDT,11281
200040,Gallia-Jackson-Vinton JVSD CTPD,461,062067,Gallia-Jackson-Vinton,047761,Oak Hill Union Local,Traditional Public District,Career Technical Planning District,2003-04-26T00:00:00,2500-12-31T00:00:00,TRUE,https://oeds.education.ohio.gov/Api/OrgRelationships/GetOrgRelationships/461/0,2026-10-07 09:25:42 EDT,11546
200040,Gallia-Jackson-Vinton JVSD CTPD,461,062067,Gallia-Jackson-Vinton,050393,Vinton County Local,Traditional Public District,Career Technical Planning District,2003-04-26T00:00:00,2500-12-31T00:00:00,TRUE,https://oeds.education.ohio.gov/Api/OrgRelationships/GetOrgRelationships/461/0,2026-10-07 09:25:42 EDT,11803
200040,Gallia-Jackson-Vinton JVSD CTPD,461,062067,Gallia-Jackson-Vinton,065680,Gallia County Local,Traditional Public District,Career Technical Planning District,2003-04-26T00:00:00,2500-12-31T00:00:00,TRUE,https://oeds.education.ohio.gov/Api/OrgRelationships/GetOrgRelationships/461/0,2026-10-07 09:25:42 EDT,12005
200042,Greene County JVSD CTPD,471,051045,Greene County Vocational School District,043968,Fairborn City,Traditional Public District,Career Technical Planning District,2003-04-26T00:00:00,2500-12-31T00:00:00,TRUE,https://oeds.education.ohio.gov/Api/OrgRelationships/GetOrgRelationships/471/0,2026-10-07 09:25:42 EDT,11175
200042,Greene County JVSD CTPD,471,051045,Greene County Vocational School District,045153,Xenia Community City,Traditional Public District,Career Technical Planning District,2003-04-26T00:00:00,2500-12-31T00:00:00,TRUE,https://oeds.education.ohio.gov/Api/OrgRelationships/GetOrgRelationships/471/0,2026-10-07 09:25:42 EDT,11294
200042,Greene County JVSD CTPD,471,051045,Greene County Vocational School District,045674,Yellow Springs Exempted Village,Traditional Public District,Career Technical Planning District,2003-04-26T00:00:00,2500-12-31T00:00:00,TRUE,https://oeds.education.ohio.gov/Api/OrgRelationships/GetOrgRelationships/471/0,2026-10-07 09:25:42 EDT,11346
200042,Greene County JVSD CTPD,471,051045,Greene County Vocational School District,047241,Beavercreek City,Traditional Public District,Career Technical Planning District,2003-04-26T00:00:00,2500-12-31T00:00:00,TRUE,https://oeds.education.ohio.gov/Api/OrgRelationships/GetOrgRelationships/471/0,2026-10-07 09:25:42 EDT,11496
200042,Greene County JVSD CTPD,471,051045,Greene County Vocational School District,047258,Cedar Cliff Local,Traditional Public District,Career Technical Planning District,2003-04-26T00:00:00,2500-12-31T00:00:00,TRUE,https://oeds.education.ohio.gov/Api/OrgRelationships/GetOrgRelationships/471/0,2026-10-07 09:25:42 EDT,11497
200042,Greene County JVSD CTPD,471,051045,Greene County Vocational School District,047266,Greeneview Local,Traditional Public District,Career Technical Planning District,2003-04-26T00:00:00,2500-12-31T00:00:00,TRUE,https://oeds.education.ohio.gov/Api/OrgRelationships/GetOrgRelationships/471/0,2026-10-07 09:25:42 EDT,11498
200042,Greene County JVSD CTPD,471,051045,Greene County Vocational School District,047274,Bellbrook-Sugarcreek Local,Traditional Public District,Career Technical Planning District,2003-04-26T00:00:00,2500-12-31T00:00:00,TRUE,https://oeds.education.ohio.gov/Api/OrgRelationships/GetOrgRelationships/471/0,2026-10-07 09:25:42 EDT,11499
200043,Cincinnati City CTPD,472,043752,Cincinnati Public Schools,043752,Cincinnati Public Schools,Traditional Public District,Career Technical Planning District,2003-04-26T00:00:00,2500-12-31T00:00:00,TRUE,https://oeds.education.ohio.gov/Api/OrgRelationships/GetOrgRelationships/472/0,2026-10-07 09:25:42 EDT,11154
200044,Great Oaks Career Campuses,518,051060,Great Oaks Career Campuses,043851,Deer Park Community City,Traditional Public District,Career Technical Planning District,2003-04-26T00:00:00,2500-12-31T00:00:00,TRUE,https://oeds.education.ohio.gov/Api/OrgRelationships/GetOrgRelationships/518/0,2026-10-07 09:25:42 EDT,11164
200044,Great Oaks Career Campuses,518,051060,Great Oaks Career Campuses,044081,Winton Woods City,Traditional Public District,Career Technical Planning District,2003-04-26T00:00:00,2500-12-31T00:00:00,TRUE,https://oeds.education.ohio.gov/Api/OrgRelationships/GetOrgRelationships/518/0,2026-10-07 09:25:42 EDT,11187
200044,Great Oaks Career Campuses,518,051060,Great Oaks Career Campuses,044123,Hillsboro City,Traditional Public District,Career Technical Planning District,2003-04-26T00:00:00,2500-12-31T00:00:00,TRUE,https://oeds.education.ohio.gov/Api/OrgRelationships/GetOrgRelationships/518/0,2026-10-07 09:25:42 EDT,11191
200044,Great Oaks Career Campuses,518,051060,Great Oaks Career Campuses,044230,Lockland Local,Traditional Public District,Career Technical Planning District,2003-04-26T00:00:00,2500-12-31T00:00:00,TRUE,https://oeds.education.ohio.gov/Api/OrgRelationships/GetOrgRelationships/518/0,2026-10-07 09:25:42 EDT,11202
200044,Great Oaks Career Campuses,518,051060,Great Oaks Career Campuses,044271,Loveland City,Traditional Public District,Career Technical Planning District,2003-04-26T00:00:00,2500-12-31T00:00:00,TRUE,https://oeds.education.ohio.gov/Api/OrgRelationships/GetOrgRelationships/518/0,2026-10-07 09:25:42 EDT,11206
200044,Great Oaks Career Campuses,518,051060,Great Oaks Career Campuses,044289,Madeira City,Traditional Public District,Career Technical Planning District,2003-04-26T00:00:00,2500-12-31T00:00:00,TRUE,https://oeds.education.ohio.gov/Api/OrgRelationships/GetOrgRelationships/518/0,2026-10-07 09:25:42 EDT,11207
200044,Great Oaks Career Campuses,518,051060,Great Oaks Career Campuses,044313,Mariemont City,Traditional Public District,Career Technical Planning District,2003-04-26T00:00:00,2500-12-31T00:00:00,TRUE,https://oeds.education.ohio.gov/Api/OrgRelationships/GetOrgRelationships/518/0,2026-10-07 09:25:42 EDT,11210
200044,Great Oaks Career Campuses,518,051060,Great Oaks Career Campuses,044412,Mt Healthy City,Traditional Public District,Career Technical Planning District,2003-04-26T00:00:00,2500-12-31T00:00:00,TRUE,https://oeds.education.ohio.gov/Api/OrgRelationships/GetOrgRelationships/518/0,2026-10-07 09:25:42 EDT,11220
200044,Great Oaks Career Campuses,518,051060,Great Oaks Career Campuses,044511,North College Hill City,Traditional Public District,Career Technical Planning District,2003-04-26T00:00:00,2500-12-31T00:00:00,TRUE,https://oeds.education.ohio.gov/Api/OrgRelationships/GetOrgRelationships/518/0,2026-10-07 09:25:42 EDT,11230
200044,Great Oaks Career Campuses,518,051060,Great Oaks Career Campuses,044578,Norwood City,Traditional Public District,Career Technical Planning District,2003-04-26T00:00:00,2500-12-31T00:00:00,TRUE,https://oeds.education.ohio.gov/Api/OrgRelationships/GetOrgRelationships/518/0,2026-10-07 09:25:42 EDT,11236
200044,Great Oaks Career Campuses,518,051060,Great Oaks Career Campuses,044677,Princeton City,Traditional Public District,Career Technical Planning District,2003-04-26T00:00:00,2500-12-31T00:00:00,TRUE,https://oeds.education.ohio.gov/Api/OrgRelationships/GetOrgRelationships/518/0,2026-10-07 09:25:42 EDT,11246
200044,Great Oaks Career Campuses,518,051060,Great Oaks Career Campuses,044693,Reading Community City,Traditional Public District,Career Technical Planning District,2003-04-26T00:00:00,2500-12-31T00:00:00,TRUE,https://oeds.education.ohio.gov/Api/OrgRelationships/GetOrgRelationships/518/0,2026-10-07 09:25:42 EDT,11248
200044,Great Oaks Career Campuses,518,051060,Great Oaks Career Campuses,044719,St Bernard-Elmwood Place City,Traditional Public District,Career Technical Planning District,2003-04-26T00:00:00,2500-12-31T00:00:00,TRUE,https://oeds.education.ohio.gov/Api/OrgRelationships/GetOrgRelationships/518/0,2026-10-07 09:25:42 EDT,11250
200044,Great Oaks Career Campuses,518,051060,Great Oaks Career Campuses,044867,Sycamore Community City,Traditional Public District,Career Technical Planning District,2003-04-26T00:00:00,2500-12-31T00:00:00,TRUE,https://oeds.education.ohio.gov/Api/OrgRelationships/GetOrgRelationships/518/0,2026-10-07 09:25:42 EDT,11265
200044,Great Oaks Career Campuses,518,051060,Great Oaks Career Campuses,045013,Washington Court House City,Traditional Public District,Career Technical Planning District,2003-04-26T00:00:00,2500-12-31T00:00:00,TRUE,https://oeds.education.ohio.gov/Api/OrgRelationships/GetOrgRelationships/518/0,2026-10-07 09:25:42 EDT,11280
200044,Great Oaks Career Campuses,518,051060,Great Oaks Career Campuses,045112,Wilmington City,Traditional Public District,Career Technical Planning District,2003-04-26T00:00:00,2500-12-31T00:00:00,TRUE,https://oeds.education.ohio.gov/Api/OrgRelationships/GetOrgRelationships/518/0,2026-10-07 09:25:42 EDT,11290
200044,Great Oaks Career Campuses,518,051060,Great Oaks Career Campuses,045146,Wyoming City,Traditional Public District,Career Technical Planning District,2003-04-26T00:00:00,2500-12-31T00:00:00,TRUE,https://oeds.education.ohio.gov/Api/OrgRelationships/GetOrgRelationships/518/0,2026-10-07 09:25:42 EDT,11293
200044,Great Oaks Career Campuses,518,051060,Great Oaks Career Campuses,045401,Greenfield Exempted Village,Traditional Public District,Career Technical Planning District,2003-04-26T00:00:00,2500-12-31T00:00:00,TRUE,https://oeds.education.ohio.gov/Api/OrgRelationships/GetOrgRelationships/518/0,2026-10-07 09:25:42 EDT,11319
200044,Great Oaks Career Campuses,518,051060,Great Oaks Career Campuses,045435,Indian Hill Exempted Village,Traditional Public District,Career Technical Planning District,2003-04-26T00:00:00,2500-12-31T00:00:00,TRUE,https://oeds.education.ohio.gov/Api/OrgRelationships/GetOrgRelationships/518/0,2026-10-07 09:25:42 EDT,11322
200044,Great Oaks Career Campuses,518,051060,Great Oaks Career Campuses,045500,Milford Exempted Village,Traditional Public District,Career Technical Planning District,2003-04-26T00:00:00,2500-12-31T00:00:00,TRUE,https://oeds.education.ohio.gov/Api/OrgRelationships/GetOrgRelationships/518/0,2026-10-07 09:25:42 EDT,11329
200044,Great Oaks Career Campuses,518,051060,Great Oaks Career Campuses,046300,Batavia Local,Traditional Public District,Career Technical Planning District,2003-04-26T00:00:00,2500-12-31T00:00:00,TRUE,https://oeds.education.ohio.gov/Api/OrgRelationships/GetOrgRelationships/518/0,2026-10-07 09:25:42 EDT,11403
200044,Great Oaks Career Campuses,518,051060,Great Oaks Career Campuses,046326,Clermont Northeastern Local,Traditional Public District,Career Technical Planning District,2003-04-26T00:00:00,2500-12-31T00:00:00,TRUE,https://oeds.education.ohio.gov/Api/OrgRelationships/GetOrgRelationships/518/0,2026-10-07 09:25:42 EDT,11405
200044,Great Oaks Career Campuses,518,051060,Great Oaks Career Campuses,046342,Goshen Local,Traditional Public District,Career Technical Planning District,2003-04-26T00:00:00,2500-12-31T00:00:00,TRUE,https://oeds.education.ohio.gov/Api/OrgRelationships/GetOrgRelationships/518/0,2026-10-07 09:25:42 EDT,11407
200044,Great Oaks Career Campuses,518,051060,Great Oaks Career Campuses,046359,West Clermont Local,Traditional Public District,Career Technical Planning District,2003-04-26T00:00:00,2500-12-31T00:00:00,TRUE,https://oeds.education.ohio.gov/Api/OrgRelationships/GetOrgRelationships/518/0,2026-10-07 09:25:42 EDT,11408
200044,Great Oaks Career Campuses,518,051060,Great Oaks Career Campuses,046383,Blanchester Local,Traditional Public District,Career Technical Planning District,2003-04-26T00:00:00,2500-12-31T00:00:00,TRUE,https://oeds.education.ohio.gov/Api/OrgRelationships/GetOrgRelationships/518/0,2026-10-07 09:25:42 EDT,11411
200044,Great Oaks Career Campuses,518,051060,Great Oaks Career Campuses,046391,Clinton-Massie Local,Traditional Public District,Career Technical Planning District,2003-04-26T00:00:00,2500-12-31T00:00:00,TRUE,https://oeds.education.ohio.gov/Api/OrgRelationships/GetOrgRelationships/518/0,2026-10-07 09:25:42 EDT,11412
200044,Great Oaks Career Campuses,518,051060,Great Oaks Career Campuses,046409,East Clinton Local,Traditional Public District,Career Technical Planning District,2003-04-26T00:00:00,2500-12-31T00:00:00,TRUE,https://oeds.education.ohio.gov/Api/OrgRelationships/GetOrgRelationships/518/0,2026-10-07 09:25:42 EDT,11413
200044,Great Oaks Career Campuses,518,051060,Great Oaks Career Campuses,046920,Miami Trace Local,Traditional Public District,Career Technical Planning District,2003-04-26T00:00:00,2500-12-31T00:00:00,TRUE,https://oeds.education.ohio.gov/Api/OrgRelationships/GetOrgRelationships/518/0,2026-10-07 09:25:42 EDT,11465
200044,Great Oaks Career Campuses,518,051060,Great Oaks Career Campuses,047332,Finneytown Local,Traditional Public District,Career Technical Planning District,2003-04-26T00:00:00,2500-12-31T00:00:00,TRUE,https://oeds.education.ohio.gov/Api/OrgRelationships/GetOrgRelationships/518/0,2026-10-07 09:25:42 EDT,11505
200044,Great Oaks Career Campuses,518,051060,Great Oaks Career Campuses,047340,Forest Hills Local,Traditional Public District,Career Technical Planning District,2003-04-26T00:00:00,2500-12-31T00:00:00,TRUE,https://oeds.education.ohio.gov/Api/OrgRelationships/GetOrgRelationships/518/0,2026-10-07 09:25:42 EDT,11506
200044,Great Oaks Career Campuses,518,051060,Great Oaks Career Campuses,047373,Oak Hills Local,Traditional Public District,Career Technical Planning District,2003-04-26T00:00:00,2500-12-31T00:00:00,TRUE,https://oeds.education.ohio.gov/Api/OrgRelationships/GetOrgRelationships/518/0,2026-10-07 09:25:42 EDT,11508
200044,Great Oaks Career Campuses,518,051060,Great Oaks Career Campuses,047381,Southwest Local,Traditional Public District,Career Technical Planning District,2003-04-26T00:00:00,2500-12-31T00:00:00,TRUE,https://oeds.education.ohio.gov/Api/OrgRelationships/GetOrgRelationships/518/0,2026-10-07 09:25:42 EDT,11509
200044,Great Oaks Career Campuses,518,051060,Great Oaks Career Campuses,047399,Three Rivers Local,Traditional Public District,Career Technical Planning District,2003-04-26T00:00:00,2500-12-31T00:00:00,TRUE,https://oeds.education.ohio.gov/Api/OrgRelationships/GetOrgRelationships/518/0,2026-10-07 09:25:42 EDT,11510
200044,Great Oaks Career Campuses,518,051060,Great Oaks Career Campuses,047621,Fairfield Local,Traditional Public District,Career Technical Planning District,2003-04-26T00:00:00,2500-12-31T00:00:00,TRUE,https://oeds.education.ohio.gov/Api/OrgRelationships/GetOrgRelationships/518/0,2026-10-07 09:25:42 EDT,11532
200044,Great Oaks Career Campuses,518,051060,Great Oaks Career Campuses,047639,Lynchburg-Clay Local,Traditional Public District,Career Technical Planning District,2003-04-26T00:00:00,2500-12-31T00:00:00,TRUE,https://oeds.education.ohio.gov/Api/OrgRelationships/GetOrgRelationships/518/0,2026-10-07 09:25:42 EDT,11533
200044,Great Oaks Career Campuses,518,051060,Great Oaks Career Campuses,050450,Mason City,Traditional Public District,Career Technical Planning District,2003-04-26T00:00:00,2500-12-31T00:00:00,TRUE,https://oeds.education.ohio.gov/Api/OrgRelationships/GetOrgRelationships/518/0,2026-10-07 09:25:42 EDT,11809
200050,Jefferson County JVSD CTPD,527,051128,Jefferson County,044826,Steubenville City,Traditional Public District,Career Technical Planning District,2003-04-26T00:00:00,2500-12-31T00:00:00,TRUE,https://oeds.education.ohio.gov/Api/OrgRelationships/GetOrgRelationships/527/0,2026-10-07 09:25:42 EDT,11261
200050,Jefferson County JVSD CTPD,527,051128,Jefferson County,044917,Toronto City,Traditional Public District,Career Technical Planning District,2003-04-26T00:00:00,2500-12-31T00:00:00,TRUE,https://oeds.education.ohio.gov/Api/OrgRelationships/GetOrgRelationships/527/0,2026-10-07 09:25:42 EDT,11270
200050,Jefferson County JVSD CTPD,527,051128,Jefferson County,047787,Buckeye Local,Traditional Public District,Career Technical Planning District,2003-04-26T00:00:00,2500-12-31T00:00:00,TRUE,https://oeds.education.ohio.gov/Api/OrgRelationships/GetOrgRelationships/527/0,2026-10-07 09:25:42 EDT,11548
200050,Jefferson County JVSD CTPD,527,051128,Jefferson County,047795,Edison Local,Traditional Public District,Career Technical Planning District,2003-04-26T00:00:00,2500-12-31T00:00:00,TRUE,https://oeds.education.ohio.gov/Api/OrgRelationships/GetOrgRelationships/527/0,2026-10-07 09:25:42 EDT,11549
200050,Jefferson County JVSD CTPD,527,051128,Jefferson County,047803,Indian Creek Local,Traditional Public District,Career Technical Planning District,2003-04-26T00:00:00,2500-12-31T00:00:00,TRUE,https://oeds.education.ohio.gov/Api/OrgRelationships/GetOrgRelationships/527/0,2026-10-07 09:25:42 EDT,11550
200051,Knox County JVSD CTPD,536,051144,Knox County JVSD,044420,Mount Vernon City,Traditional Public District,Career Technical Planning District,2003-04-26T00:00:00,2500-12-31T00:00:00,TRUE,https://oeds.education.ohio.gov/Api/OrgRelationships/GetOrgRelationships/536/0,2026-10-07 09:25:42 EDT,11221
200051,Knox County JVSD CTPD,536,051144,Knox County JVSD,047829,Centerburg Local,Traditional Public District,Career Technical Planning District,2003-04-26T00:00:00,2500-12-31T00:00:00,TRUE,https://oeds.education.ohio.gov/Api/OrgRelationships/GetOrgRelationships/536/0,2026-10-07 09:25:42 EDT,11552
200051,Knox County JVSD CTPD,536,051144,Knox County JVSD,047837,Danville Local,Traditional Public District,Career Technical Planning District,2003-04-26T00:00:00,2500-12-31T00:00:00,TRUE,https://oeds.education.ohio.gov/Api/OrgRelationships/GetOrgRelationships/536/0,2026-10-07 09:25:42 EDT,11553
200051,Knox County JVSD CTPD,536,051144,Knox County JVSD,047845,East Knox Local,Traditional Public District,Career Technical Planning District,2003-04-26T00:00:00,2500-12-31T00:00:00,TRUE,https://oeds.education.ohio.gov/Api/OrgRelationships/GetOrgRelationships/536/0,2026-10-07 09:25:42 EDT,11554
200051,Knox County JVSD CTPD,536,051144,Knox County JVSD,047852,Fredericktown Local,Traditional Public District,Career Technical Planning District,2003-04-26T00:00:00,2500-12-31T00:00:00,TRUE,https://oeds.education.ohio.gov/Api/OrgRelationships/GetOrgRelationships/536/0,2026-10-07 09:25:42 EDT,11555
200051,Knox County JVSD CTPD,536,051144,Knox County JVSD,049411,Clear Fork Valley Local,Traditional Public District,Career Technical Planning District,2003-04-26T00:00:00,2500-12-31T00:00:00,TRUE,https://oeds.education.ohio.gov/Api/OrgRelationships/GetOrgRelationships/536/0,2026-10-07 09:25:42 EDT,11707
200052,Auburn JVSD CTPD,552,051169,Auburn,044628,Painesville City Local,Traditional Public District,Career Technical Planning District,2003-04-26T00:00:00,2500-12-31T00:00:00,TRUE,https://oeds.education.ohio.gov/Api/OrgRelationships/GetOrgRelationships/552/0,2026-10-07 09:25:42 EDT,11241
200052,Auburn JVSD CTPD,552,051169,Auburn,045369,Fairport Harbor Exempted Village,Traditional Public District,Career Technical Planning District,2003-04-26T00:00:00,2500-12-31T00:00:00,TRUE,https://oeds.education.ohio.gov/Api/OrgRelationships/GetOrgRelationships/552/0,2026-10-07 09:25:42 EDT,11315
200052,Auburn JVSD CTPD,552,051169,Auburn,047167,Berkshire Local,Traditional Public District,Career Technical Planning District,2003-04-26T00:00:00,2500-12-31T00:00:00,TRUE,https://oeds.education.ohio.gov/Api/OrgRelationships/GetOrgRelationships/552/0,2026-10-07 09:25:42 EDT,11488
200052,Auburn JVSD CTPD,552,051169,Auburn,047175,Cardinal Local,Traditional Public District,Career Technical Planning District,2003-04-26T00:00:00,2500-12-31T00:00:00,TRUE,https://oeds.education.ohio.gov/Api/OrgRelationships/GetOrgRelationships/552/0,2026-10-07 09:25:42 EDT,11489
200052,Auburn JVSD CTPD,552,051169,Auburn,047183,Chardon Local,Traditional Public District,Career Technical Planning District,2003-04-26T00:00:00,2500-12-31T00:00:00,TRUE,https://oeds.education.ohio.gov/Api/OrgRelationships/GetOrgRelationships/552/0,2026-10-07 09:25:42 EDT,11490
200052,Auburn JVSD CTPD,552,051169,Auburn,047191,Kenston Local,Traditional Public District,Career Technical Planning District,2003-04-26T00:00:00,2500-12-31T00:00:00,TRUE,https://oeds.education.ohio.gov/Api/OrgRelationships/GetOrgRelationships/552/0,2026-10-07 09:25:42 EDT,11491
200052,Auburn JVSD CTPD,552,051169,Auburn,047878,Kirtland Local,Traditional Public District,Career Technical Planning District,2003-04-26T00:00:00,2500-12-31T00:00:00,TRUE,https://oeds.education.ohio.gov/Api/OrgRelationships/GetOrgRelationships/552/0,2026-10-07 09:25:42 EDT,11557
200052,Auburn JVSD CTPD,552,051169,Auburn,047886,Madison Local,Traditional Public District,Career Technical Planning District,2003-04-26T00:00:00,2500-12-31T00:00:00,TRUE,https://oeds.education.ohio.gov/Api/OrgRelationships/GetOrgRelationships/552/0,2026-10-07 09:25:42 EDT,11558
200052,Auburn JVSD CTPD,552,051169,Auburn,047894,Riverside Local,Traditional Public District,Career Technical Planning District,2003-04-26T00:00:00,2500-12-31T00:00:00,TRUE,https://oeds.education.ohio.gov/Api/OrgRelationships/GetOrgRelationships/552/0,2026-10-07 09:25:42 EDT,11559
200052,Auburn JVSD CTPD,552,051169,Auburn,047902,Perry Local,Traditional Public District,Career Technical Planning District,2003-04-26T00:00:00,2500-12-31T00:00:00,TRUE,https://oeds.education.ohio.gov/Api/OrgRelationships/GetOrgRelationships/552/0,2026-10-07 09:25:42 EDT,11560
200054,Lawrence County JVSD CTPD,566,051185,Lawrence County,044149,Ironton City School District,Traditional Public District,Career Technical Planning District,2003-04-26T00:00:00,2500-12-31T00:00:00,TRUE,https://oeds.education.ohio.gov/Api/OrgRelationships/GetOrgRelationships/566/0,2026-10-07 09:25:42 EDT,11193
200054,Lawrence County JVSD CTPD,566,051185,Lawrence County,045294,Chesapeake Union Exempted Village,Traditional Public District,Career Technical Planning District,2003-04-26T00:00:00,2500-12-31T00:00:00,TRUE,https://oeds.education.ohio.gov/Api/OrgRelationships/GetOrgRelationships/566/0,2026-10-07 09:25:42 EDT,11308
200054,Lawrence County JVSD CTPD,566,051185,Lawrence County,047928,Dawson-Bryant Local,Traditional Public District,Career Technical Planning District,2003-04-26T00:00:00,2500-12-31T00:00:00,TRUE,https://oeds.education.ohio.gov/Api/OrgRelationships/GetOrgRelationships/566/0,2026-10-07 09:25:42 EDT,11562
200054,Lawrence County JVSD CTPD,566,051185,Lawrence County,047936,Fairland Local,Traditional Public District,Career Technical Planning District,2003-04-26T00:00:00,2500-12-31T00:00:00,TRUE,https://oeds.education.ohio.gov/Api/OrgRelationships/GetOrgRelationships/566/0,2026-10-07 09:25:42 EDT,11563
200054,Lawrence County JVSD CTPD,566,051185,Lawrence County,047944,Rock Hill Local,Traditional Public District,Career Technical Planning District,2003-04-26T00:00:00,2500-12-31T00:00:00,TRUE,https://oeds.education.ohio.gov/Api/OrgRelationships/GetOrgRelationships/566/0,2026-10-07 09:25:42 EDT,11564
200054,Lawrence County JVSD CTPD,566,051185,Lawrence County,047951,South Point Local,Traditional Public District,Career Technical Planning District,2003-04-26T00:00:00,2500-12-31T00:00:00,TRUE,https://oeds.education.ohio.gov/Api/OrgRelationships/GetOrgRelationships/566/0,2026-10-07 09:25:42 EDT,11565
200054,Lawrence County JVSD CTPD,566,051185,Lawrence County,047969,Symmes Valley Local,Traditional Public District,Career Technical Planning District,2003-04-26T00:00:00,2500-12-31T00:00:00,TRUE,https://oeds.education.ohio.gov/Api/OrgRelationships/GetOrgRelationships/566/0,2026-10-07 09:25:42 EDT,11566
200055,Licking County JVSD CTPD,579,051201,Career and Technology Educational Centers,044115,Heath City,Traditional Public District,Career Technical Planning District,2003-04-26T00:00:00,2500-12-31T00:00:00,TRUE,https://oeds.education.ohio.gov/Api/OrgRelationships/GetOrgRelationships/579/0,2026-10-07 09:25:42 EDT,11190
200055,Licking County JVSD CTPD,579,051201,Career and Technology Educational Centers,044453,Newark City Schools,Traditional Public District,Career Technical Planning District,2003-04-26T00:00:00,2500-12-31T00:00:00,TRUE,https://oeds.education.ohio.gov/Api/OrgRelationships/GetOrgRelationships/579/0,2026-10-07 09:25:42 EDT,11224
200055,Licking County JVSD CTPD,579,051201,Career and Technology Educational Centers,045393,Granville Exempted Village,Traditional Public District,Career Technical Planning District,2003-04-26T00:00:00,2500-12-31T00:00:00,TRUE,https://oeds.education.ohio.gov/Api/OrgRelationships/GetOrgRelationships/579/0,2026-10-07 09:25:42 EDT,11318
200055,Licking County JVSD CTPD,579,051201,Career and Technology Educational Centers,047985,Johnstown-Monroe Local,Traditional Public District,Career Technical Planning District,2003-04-26T00:00:00,2500-12-31T00:00:00,TRUE,https://oeds.education.ohio.gov/Api/OrgRelationships/GetOrgRelationships/579/0,2026-10-07 09:25:42 EDT,11568
200055,Licking County JVSD CTPD,579,051201,Career and Technology Educational Centers,047993,Lakewood Local,Traditional Public District,Career Technical Planning District,2003-04-26T00:00:00,2500-12-31T00:00:00,TRUE,https://oeds.education.ohio.gov/Api/OrgRelationships/GetOrgRelationships/579/0,2026-10-07 09:25:42 EDT,11569
200055,Licking County JVSD CTPD,579,051201,Career and Technology Educational Centers,048009,Licking Heights Local,Traditional Public District,Career Technical Planning District,2003-04-26T00:00:00,2500-12-31T00:00:00,TRUE,https://oeds.education.ohio.gov/Api/OrgRelationships/GetOrgRelationships/579/0,2026-10-07 09:25:42 EDT,11570
200055,Licking County JVSD CTPD,579,051201,Career and Technology Educational Centers,048017,Licking Valley Local,Traditional Public District,Career Technical Planning District,2003-04-26T00:00:00,2500-12-31T00:00:00,TRUE,https://oeds.education.ohio.gov/Api/OrgRelationships/GetOrgRelationships/579/0,2026-10-07 09:25:42 EDT,11571
200055,Licking County JVSD CTPD,579,051201,Career and Technology Educational Centers,048025,North Fork Local,Traditional Public District,Career Technical Planning District,2003-04-26T00:00:00,2500-12-31T00:00:00,TRUE,https://oeds.education.ohio.gov/Api/OrgRelationships/GetOrgRelationships/579/0,2026-10-07 09:25:42 EDT,11572
200055,Licking County JVSD CTPD,579,051201,Career and Technology Educational Centers,048033,Northridge Local,Traditional Public District,Career Technical Planning District,2003-04-26T00:00:00,2500-12-31T00:00:00,TRUE,https://oeds.education.ohio.gov/Api/OrgRelationships/GetOrgRelationships/579/0,2026-10-07 09:25:42 EDT,11573
200055,Licking County JVSD CTPD,579,051201,Career and Technology Educational Centers,048041,Southwest Licking Local,Traditional Public District,Career Technical Planning District,2003-04-26T00:00:00,2500-12-31T00:00:00,TRUE,https://oeds.education.ohio.gov/Api/OrgRelationships/GetOrgRelationships/579/0,2026-10-07 09:25:42 EDT,11574
200056,Ohio Hi-Point JVSD CTPD,602,051334,Ohio Hi-Point Career Center,043588,Bellefontaine City,Traditional Public District,Career Technical Planning District,2003-04-26T00:00:00,2500-12-31T00:00:00,TRUE,https://oeds.education.ohio.gov/Api/OrgRelationships/GetOrgRelationships/602/0,2026-10-07 09:25:42 EDT,11137
200056,Ohio Hi-Point JVSD CTPD,602,051334,Ohio Hi-Point Career Center,044172,Kenton City,Traditional Public District,Career Technical Planning District,2003-04-26T00:00:00,2500-12-31T00:00:00,TRUE,https://oeds.education.ohio.gov/Api/OrgRelationships/GetOrgRelationships/602/0,2026-10-07 09:25:42 EDT,11196
200056,Ohio Hi-Point JVSD CTPD,602,051334,Ohio Hi-Point Career Center,044941,Urbana City,Traditional Public District,Career Technical Planning District,2003-04-26T00:00:00,2500-12-31T00:00:00,TRUE,https://oeds.education.ohio.gov/Api/OrgRelationships/GetOrgRelationships/602/0,2026-10-07 09:25:42 EDT,11273
200056,Ohio Hi-Point JVSD CTPD,602,051334,Ohio Hi-Point Career Center,045476,Marysville Exempted Village,Traditional Public District,Career Technical Planning District,2003-04-26T00:00:00,2500-12-31T00:00:00,TRUE,https://oeds.education.ohio.gov/Api/OrgRelationships/GetOrgRelationships/602/0,2026-10-07 09:25:42 EDT,11326
200056,Ohio Hi-Point JVSD CTPD,602,051334,Ohio Hi-Point Career Center,045484,Mechanicsburg Exempted Village,Traditional Public District,Career Technical Planning District,2003-04-26T00:00:00,2500-12-31T00:00:00,TRUE,https://oeds.education.ohio.gov/Api/OrgRelationships/GetOrgRelationships/602/0,2026-10-07 09:25:42 EDT,11327
200056,Ohio Hi-Point JVSD CTPD,602,051334,Ohio Hi-Point Career Center,045971,Waynesfield-Goshen Local,Traditional Public District,Career Technical Planning District,2003-04-26T00:00:00,2500-12-31T00:00:00,TRUE,https://oeds.education.ohio.gov/Api/OrgRelationships/GetOrgRelationships/602/0,2026-10-07 09:25:42 EDT,11371
200056,Ohio Hi-Point JVSD CTPD,602,051334,Ohio Hi-Point Career Center,046193,Graham Local,Traditional Public District,Career Technical Planning District,2003-04-26T00:00:00,2500-12-31T00:00:00,TRUE,https://oeds.education.ohio.gov/Api/OrgRelationships/GetOrgRelationships/602/0,2026-10-07 09:25:42 EDT,11392
200056,Ohio Hi-Point JVSD CTPD,602,051334,Ohio Hi-Point Career Center,046201,Triad Local,Traditional Public District,Career Technical Planning District,2003-04-26T00:00:00,2500-12-31T00:00:00,TRUE,https://oeds.education.ohio.gov/Api/OrgRelationships/GetOrgRelationships/602/0,2026-10-07 09:25:42 EDT,11393
200056,Ohio Hi-Point JVSD CTPD,602,051334,Ohio Hi-Point Career Center,046219,West Liberty-Salem Local,Traditional Public District,Career Technical Planning District,2003-04-26T00:00:00,2500-12-31T00:00:00,TRUE,https://oeds.education.ohio.gov/Api/OrgRelationships/GetOrgRelationships/602/0,2026-10-07 09:25:42 EDT,11394
200056,Ohio Hi-Point JVSD CTPD,602,051334,Ohio Hi-Point Career Center,047506,Ridgemont Local,Traditional Public District,Career Technical Planning District,2003-04-26T00:00:00,2500-12-31T00:00:00,TRUE,https://oeds.education.ohio.gov/Api/OrgRelationships/GetOrgRelationships/602/0,2026-10-07 09:25:42 EDT,11521
200056,Ohio Hi-Point JVSD CTPD,602,051334,Ohio Hi-Point Career Center,047522,Upper Scioto Valley Local,Traditional Public District,Career Technical Planning District,2003-04-26T00:00:00,2500-12-31T00:00:00,TRUE,https://oeds.education.ohio.gov/Api/OrgRelationships/GetOrgRelationships/602/0,2026-10-07 09:25:42 EDT,11523
200056,Ohio Hi-Point JVSD CTPD,602,051334,Ohio Hi-Point Career Center,048074,Benjamin Logan Local,Traditional Public District,Career Technical Planning District,2003-04-26T00:00:00,2500-12-31T00:00:00,TRUE,https://oeds.education.ohio.gov/Api/OrgRelationships/GetOrgRelationships/602/0,2026-10-07 09:25:42 EDT,11577
200056,Ohio Hi-Point JVSD CTPD,602,051334,Ohio Hi-Point Career Center,048082,Indian Lake Local,Traditional Public District,Career Technical Planning District,2003-04-26T00:00:00,2500-12-31T00:00:00,TRUE,https://oeds.education.ohio.gov/Api/OrgRelationships/GetOrgRelationships/602/0,2026-10-07 09:25:42 EDT,11578
200056,Ohio Hi-Point JVSD CTPD,602,051334,Ohio Hi-Point Career Center,048090,Riverside Local,Traditional Public District,Career Technical Planning District,2003-04-26T00:00:00,2500-12-31T00:00:00,TRUE,https://oeds.education.ohio.gov/Api/OrgRelationships/GetOrgRelationships/602/0,2026-10-07 09:25:42 EDT,11579
200057,Lorain City CTPD,603,044263,Lorain City,044263,Lorain City,Traditional Public District,Career Technical Planning District,2003-04-26T00:00:00,2500-12-31T00:00:00,TRUE,https://oeds.education.ohio.gov/Api/OrgRelationships/GetOrgRelationships/603/0,2026-10-07 09:25:42 EDT,11205
200058,Lorain County JVSD CTPD,619,051227,Lorain County JVS,043943,Elyria City Schools,Traditional Public District,Career Technical Planning District,2003-04-26T00:00:00,2500-12-31T00:00:00,TRUE,https://oeds.education.ohio.gov/Api/OrgRelationships/GetOrgRelationships/619/0,2026-10-07 09:25:42 EDT,11173
200058,Lorain County JVSD CTPD,619,051227,Lorain County JVS,044537,North Ridgeville City,Traditional Public District,Career Technical Planning District,2003-04-26T00:00:00,2500-12-31T00:00:00,TRUE,https://oeds.education.ohio.gov/Api/OrgRelationships/GetOrgRelationships/619/0,2026-10-07 09:25:42 EDT,11232
200058,Lorain County JVSD CTPD,619,051227,Lorain County JVS,044594,Oberlin City Schools,Traditional Public District,Career Technical Planning District,2003-04-26T00:00:00,2500-12-31T00:00:00,TRUE,https://oeds.education.ohio.gov/Api/OrgRelationships/GetOrgRelationships/619/0,2026-10-07 09:25:42 EDT,11238
200058,Lorain County JVSD CTPD,619,051227,Lorain County JVS,044768,Sheffield-Sheffield Lake City,Traditional Public District,Career Technical Planning District,2003-04-26T00:00:00,2500-12-31T00:00:00,TRUE,https://oeds.education.ohio.gov/Api/OrgRelationships/GetOrgRelationships/619/0,2026-10-07 09:25:42 EDT,11255
200058,Lorain County JVSD CTPD,619,051227,Lorain County JVS,045195,Amherst Exempted Village,Traditional Public District,Career Technical Planning District,2003-04-26T00:00:00,2500-12-31T00:00:00,TRUE,https://oeds.education.ohio.gov/Api/OrgRelationships/GetOrgRelationships/619/0,2026-10-07 09:25:42 EDT,11298
200058,Lorain County JVSD CTPD,619,051227,Lorain County JVS,045658,Wellington Exempted Village,Traditional Public District,Career Technical Planning District,2003-04-26T00:00:00,2500-12-31T00:00:00,TRUE,https://oeds.education.ohio.gov/Api/OrgRelationships/GetOrgRelationships/619/0,2026-10-07 09:25:42 EDT,11344
200058,Lorain County JVSD CTPD,619,051227,Lorain County JVS,048116,Avon Local,Traditional Public District,Career Technical Planning District,2003-04-26T00:00:00,2500-12-31T00:00:00,TRUE,https://oeds.education.ohio.gov/Api/OrgRelationships/GetOrgRelationships/619/0,2026-10-07 09:25:42 EDT,11581
200058,Lorain County JVSD CTPD,619,051227,Lorain County JVS,048124,Avon Lake City,Traditional Public District,Career Technical Planning District,2003-04-26T00:00:00,2500-12-31T00:00:00,TRUE,https://oeds.education.ohio.gov/Api/OrgRelationships/GetOrgRelationships/619/0,2026-10-07 09:25:42 EDT,11582
200058,Lorain County JVSD CTPD,619,051227,Lorain County JVS,048132,Clearview Local,Traditional Public District,Career Technical Planning District,2003-04-26T00:00:00,2500-12-31T00:00:00,TRUE,https://oeds.education.ohio.gov/Api/OrgRelationships/GetOrgRelationships/619/0,2026-10-07 09:25:42 EDT,11583
200058,Lorain County JVSD CTPD,619,051227,Lorain County JVS,048140,Columbia Local,Traditional Public District,Career Technical Planning District,2003-04-26T00:00:00,2500-12-31T00:00:00,TRUE,https://oeds.education.ohio.gov/Api/OrgRelationships/GetOrgRelationships/619/0,2026-10-07 09:25:42 EDT,11584
200058,Lorain County JVSD CTPD,619,051227,Lorain County JVS,048157,Firelands Local,Traditional Public District,Career Technical Planning District,2003-04-26T00:00:00,2500-12-31T00:00:00,TRUE,https://oeds.education.ohio.gov/Api/OrgRelationships/GetOrgRelationships/619/0,2026-10-07 09:25:42 EDT,11585
200058,Lorain County JVSD CTPD,619,051227,Lorain County JVS,048165,Keystone Local,Traditional Public District,Career Technical Planning District,2003-04-26T00:00:00,2500-12-31T00:00:00,TRUE,https://oeds.education.ohio.gov/Api/OrgRelationships/GetOrgRelationships/619/0,2026-10-07 09:25:42 EDT,11586
200058,Lorain County JVSD CTPD,619,051227,Lorain County JVS,048173,Midview Local,Traditional Public District,Career Technical Planning District,2003-04-26T00:00:00,2500-12-31T00:00:00,TRUE,https://oeds.education.ohio.gov/Api/OrgRelationships/GetOrgRelationships/619/0,2026-10-07 09:25:42 EDT,11587
200059,Oregon City CTPD,620,044602,Oregon City,044602,Oregon City,Traditional Public District,Career Technical Planning District,2003-04-26T00:00:00,2500-12-31T00:00:00,TRUE,https://oeds.education.ohio.gov/Api/OrgRelationships/GetOrgRelationships/620/0,2026-10-07 09:25:42 EDT,11239
200060,Sylvania City CTPD,622,044875,Sylvania Schools,044875,Sylvania Schools,Traditional Public District,Career Technical Planning District,2003-04-26T00:00:00,2500-12-31T00:00:00,TRUE,https://oeds.education.ohio.gov/Api/OrgRelationships/GetOrgRelationships/622/0,2026-10-07 09:25:42 EDT,11266
200060,Sylvania City CTPD,622,044875,Sylvania Schools,048215,Ottawa Hills Local,Traditional Public District,Career Technical Planning District,2003-04-26T00:00:00,2500-12-31T00:00:00,TRUE,https://oeds.education.ohio.gov/Api/OrgRelationships/GetOrgRelationships/622/0,2026-10-07 09:25:42 EDT,11591
200061,Toledo City CTPD,623,044909,Toledo City,044909,Toledo City,Traditional Public District,Career Technical Planning District,2003-04-26T00:00:00,2500-12-31T00:00:00,TRUE,https://oeds.education.ohio.gov/Api/OrgRelationships/GetOrgRelationships/623/0,2026-10-07 09:25:42 EDT,11269
200062,Washington Local CTPD,626,048231,Washington Local ,048231,Washington Local,Traditional Public District,Career Technical Planning District,2003-04-26T00:00:00,2500-12-31T00:00:00,TRUE,https://oeds.education.ohio.gov/Api/OrgRelationships/GetOrgRelationships/626/0,2026-10-07 09:25:42 EDT,11593
200063,Mahoning County JVSD CTPD,642,051243,Mahoning Co Career & Tech Ctr,043703,Campbell City,Traditional Public District,Career Technical Planning District,2003-04-26T00:00:00,2500-12-31T00:00:00,TRUE,https://oeds.education.ohio.gov/Api/OrgRelationships/GetOrgRelationships/642/0,2026-10-07 09:25:42 EDT,11149
200063,Mahoning County JVSD CTPD,642,051243,Mahoning Co Career & Tech Ctr,044859,Struthers City,Traditional Public District,Career Technical Planning District,2003-04-26T00:00:00,2500-12-31T00:00:00,TRUE,https://oeds.education.ohio.gov/Api/OrgRelationships/GetOrgRelationships/642/0,2026-10-07 09:25:42 EDT,11264
200063,Mahoning County JVSD CTPD,642,051243,Mahoning Co Career & Tech Ctr,048298,Austintown Local Schools,Traditional Public District,Career Technical Planning District,2003-04-26T00:00:00,2500-12-31T00:00:00,TRUE,https://oeds.education.ohio.gov/Api/OrgRelationships/GetOrgRelationships/642/0,2026-10-07 09:25:42 EDT,11599
200063,Mahoning County JVSD CTPD,642,051243,Mahoning Co Career & Tech Ctr,048306,Boardman Local,Traditional Public District,Career Technical Planning District,2003-04-26T00:00:00,2500-12-31T00:00:00,TRUE,https://oeds.education.ohio.gov/Api/OrgRelationships/GetOrgRelationships/642/0,2026-10-07 09:25:42 EDT,11600
200063,Mahoning County JVSD CTPD,642,051243,Mahoning Co Career & Tech Ctr,048314,Canfield Local,Traditional Public District,Career Technical Planning District,2003-04-26T00:00:00,2500-12-31T00:00:00,TRUE,https://oeds.education.ohio.gov/Api/OrgRelationships/GetOrgRelationships/642/0,2026-10-07 09:25:42 EDT,11601
200063,Mahoning County JVSD CTPD,642,051243,Mahoning Co Career & Tech Ctr,048322,Jackson-Milton Local,Traditional Public District,Career Technical Planning District,2003-04-26T00:00:00,2500-12-31T00:00:00,TRUE,https://oeds.education.ohio.gov/Api/OrgRelationships/GetOrgRelationships/642/0,2026-10-07 09:25:42 EDT,11602
200063,Mahoning County JVSD CTPD,642,051243,Mahoning Co Career & Tech Ctr,048330,Lowellville Local,Traditional Public District,Career Technical Planning District,2003-04-26T00:00:00,2500-12-31T00:00:00,TRUE,https://oeds.education.ohio.gov/Api/OrgRelationships/GetOrgRelationships/642/0,2026-10-07 09:25:42 EDT,11603
200063,Mahoning County JVSD CTPD,642,051243,Mahoning Co Career & Tech Ctr,048348,Poland Local,Traditional Public District,Career Technical Planning District,2003-04-26T00:00:00,2500-12-31T00:00:00,TRUE,https://oeds.education.ohio.gov/Api/OrgRelationships/GetOrgRelationships/642/0,2026-10-07 09:25:42 EDT,11604
200063,Mahoning County JVSD CTPD,642,051243,Mahoning Co Career & Tech Ctr,048355,Sebring Local,Traditional Public District,Career Technical Planning District,2003-04-26T00:00:00,2500-12-31T00:00:00,TRUE,https://oeds.education.ohio.gov/Api/OrgRelationships/GetOrgRelationships/642/0,2026-10-07 09:25:42 EDT,11605
200063,Mahoning County JVSD CTPD,642,051243,Mahoning Co Career & Tech Ctr,048363,South Range Local,Traditional Public District,Career Technical Planning District,2003-04-26T00:00:00,2500-12-31T00:00:00,TRUE,https://oeds.education.ohio.gov/Api/OrgRelationships/GetOrgRelationships/642/0,2026-10-07 09:25:42 EDT,11606
200063,Mahoning County JVSD CTPD,642,051243,Mahoning Co Career & Tech Ctr,048371,Springfield Local,Traditional Public District,Career Technical Planning District,2003-04-26T00:00:00,2500-12-31T00:00:00,TRUE,https://oeds.education.ohio.gov/Api/OrgRelationships/GetOrgRelationships/642/0,2026-10-07 09:25:42 EDT,11607
200063,Mahoning County JVSD CTPD,642,051243,Mahoning Co Career & Tech Ctr,048389,West Branch Local,Traditional Public District,Career Technical Planning District,2003-04-26T00:00:00,2500-12-31T00:00:00,TRUE,https://oeds.education.ohio.gov/Api/OrgRelationships/GetOrgRelationships/642/0,2026-10-07 09:25:42 EDT,11608
200063,Mahoning County JVSD CTPD,642,051243,Mahoning Co Career & Tech Ctr,048397,Western Reserve Local,Traditional Public District,Career Technical Planning District,2003-04-26T00:00:00,2500-12-31T00:00:00,TRUE,https://oeds.education.ohio.gov/Api/OrgRelationships/GetOrgRelationships/642/0,2026-10-07 09:25:42 EDT,11609
200064,Youngstown City CTPD,643,045161,Youngstown City,045161,Youngstown City,Traditional Public District,Career Technical Planning District,2003-04-26T00:00:00,2500-12-31T00:00:00,TRUE,https://oeds.education.ohio.gov/Api/OrgRelationships/GetOrgRelationships/643/0,2026-10-07 09:25:42 EDT,11295
200066,Medina County JVSD CTPD,652,062109,Medina County Joint Vocational School District,043661,Brunswick City,Traditional Public District,Career Technical Planning District,2003-04-26T00:00:00,2500-12-31T00:00:00,TRUE,https://oeds.education.ohio.gov/Api/OrgRelationships/GetOrgRelationships/652/0,2026-10-07 09:25:42 EDT,11145
200066,Medina County JVSD CTPD,652,062109,Medina County Joint Vocational School District,044388,Medina City SD,Traditional Public District,Career Technical Planning District,2003-04-26T00:00:00,2500-12-31T00:00:00,TRUE,https://oeds.education.ohio.gov/Api/OrgRelationships/GetOrgRelationships/652/0,2026-10-07 09:25:42 EDT,11217
200066,Medina County JVSD CTPD,652,062109,Medina County Joint Vocational School District,048462,Black River Local,Traditional Public District,Career Technical Planning District,2003-04-26T00:00:00,2500-12-31T00:00:00,TRUE,https://oeds.education.ohio.gov/Api/OrgRelationships/GetOrgRelationships/652/0,2026-10-07 09:25:42 EDT,11616
200066,Medina County JVSD CTPD,652,062109,Medina County Joint Vocational School District,048470,Buckeye Local,Traditional Public District,Career Technical Planning District,2003-04-26T00:00:00,2500-12-31T00:00:00,TRUE,https://oeds.education.ohio.gov/Api/OrgRelationships/GetOrgRelationships/652/0,2026-10-07 09:25:42 EDT,11617
200066,Medina County JVSD CTPD,652,062109,Medina County Joint Vocational School District,048488,Cloverleaf Local,Traditional Public District,Career Technical Planning District,2003-04-26T00:00:00,2500-12-31T00:00:00,TRUE,https://oeds.education.ohio.gov/Api/OrgRelationships/GetOrgRelationships/652/0,2026-10-07 09:25:42 EDT,11618
200066,Medina County JVSD CTPD,652,062109,Medina County Joint Vocational School District,048496,Highland Local,Traditional Public District,Career Technical Planning District,2003-04-26T00:00:00,2500-12-31T00:00:00,TRUE,https://oeds.education.ohio.gov/Api/OrgRelationships/GetOrgRelationships/652/0,2026-10-07 09:25:42 EDT,11619
200067,Meigs Local CTPD,657,048520,Meigs Local,048512,Eastern Local,Traditional Public District,Career Technical Planning District,2003-04-26T00:00:00,2500-12-31T00:00:00,TRUE,https://oeds.education.ohio.gov/Api/OrgRelationships/GetOrgRelationships/657/0,2026-10-07 09:25:42 EDT,11621
200067,Meigs Local CTPD,657,048520,Meigs Local,048520,Meigs Local,Traditional Public District,Career Technical Planning District,2003-04-26T00:00:00,2500-12-31T00:00:00,TRUE,https://oeds.education.ohio.gov/Api/OrgRelationships/GetOrgRelationships/657/0,2026-10-07 09:25:42 EDT,11622
200067,Meigs Local CTPD,657,048520,Meigs Local,048538,Southern Local,Traditional Public District,Career Technical Planning District,2003-04-26T00:00:00,2500-12-31T00:00:00,TRUE,https://oeds.education.ohio.gov/Api/OrgRelationships/GetOrgRelationships/657/0,2026-10-07 09:25:42 EDT,11623
200069,Upper Valley JVSD CTPD,674,062125,Upper Valley Career Center,044644,Piqua City,Traditional Public District,Career Technical Planning District,2003-04-26T00:00:00,2500-12-31T00:00:00,TRUE,https://oeds.education.ohio.gov/Api/OrgRelationships/GetOrgRelationships/674/0,2026-10-07 09:25:42 EDT,11243
200069,Upper Valley JVSD CTPD,674,062125,Upper Valley Career Center,044784,Sidney City,Traditional Public District,Career Technical Planning District,2003-04-26T00:00:00,2500-12-31T00:00:00,TRUE,https://oeds.education.ohio.gov/Api/OrgRelationships/GetOrgRelationships/674/0,2026-10-07 09:25:42 EDT,11257
200069,Upper Valley JVSD CTPD,674,062125,Upper Valley Career Center,044925,Troy City,Traditional Public District,Career Technical Planning District,2003-04-26T00:00:00,2500-12-31T00:00:00,TRUE,https://oeds.education.ohio.gov/Api/OrgRelationships/GetOrgRelationships/674/0,2026-10-07 09:25:42 EDT,11271
200069,Upper Valley JVSD CTPD,674,062125,Upper Valley Career Center,045229,Bradford Exempted Village,Traditional Public District,Career Technical Planning District,2003-04-26T00:00:00,2500-12-31T00:00:00,TRUE,https://oeds.education.ohio.gov/Api/OrgRelationships/GetOrgRelationships/674/0,2026-10-07 09:25:42 EDT,11301
200069,Upper Valley JVSD CTPD,674,062125,Upper Valley Career Center,045336,Covington Exempted Village,Traditional Public District,Career Technical Planning District,2003-04-26T00:00:00,2500-12-31T00:00:00,TRUE,https://oeds.education.ohio.gov/Api/OrgRelationships/GetOrgRelationships/674/0,2026-10-07 09:25:42 EDT,11312
200069,Upper Valley JVSD CTPD,674,062125,Upper Valley Career Center,048637,Newton Local,Traditional Public District,Career Technical Planning District,2003-04-26T00:00:00,2500-12-31T00:00:00,TRUE,https://oeds.education.ohio.gov/Api/OrgRelationships/GetOrgRelationships/674/0,2026-10-07 09:25:42 EDT,11633
200069,Upper Valley JVSD CTPD,674,062125,Upper Valley Career Center,049759,Anna Local,Traditional Public District,Career Technical Planning District,2003-04-26T00:00:00,2500-12-31T00:00:00,TRUE,https://oeds.education.ohio.gov/Api/OrgRelationships/GetOrgRelationships/674/0,2026-10-07 09:25:42 EDT,11740
200069,Upper Valley JVSD CTPD,674,062125,Upper Valley Career Center,049767,Botkins Local,Traditional Public District,Career Technical Planning District,2003-04-26T00:00:00,2500-12-31T00:00:00,TRUE,https://oeds.education.ohio.gov/Api/OrgRelationships/GetOrgRelationships/674/0,2026-10-07 09:25:42 EDT,11741
200069,Upper Valley JVSD CTPD,674,062125,Upper Valley Career Center,049775,Fairlawn Local,Traditional Public District,Career Technical Planning District,2003-04-26T00:00:00,2500-12-31T00:00:00,TRUE,https://oeds.education.ohio.gov/Api/OrgRelationships/GetOrgRelationships/674/0,2026-10-07 09:25:42 EDT,11742
200069,Upper Valley JVSD CTPD,674,062125,Upper Valley Career Center,049783,Fort Loramie Local,Traditional Public District,Career Technical Planning District,2003-04-26T00:00:00,2500-12-31T00:00:00,TRUE,https://oeds.education.ohio.gov/Api/OrgRelationships/GetOrgRelationships/674/0,2026-10-07 09:25:42 EDT,11743
200069,Upper Valley JVSD CTPD,674,062125,Upper Valley Career Center,049791,Hardin-Houston Local,Traditional Public District,Career Technical Planning District,2003-04-26T00:00:00,2500-12-31T00:00:00,TRUE,https://oeds.education.ohio.gov/Api/OrgRelationships/GetOrgRelationships/674/0,2026-10-07 09:25:42 EDT,11744
200069,Upper Valley JVSD CTPD,674,062125,Upper Valley Career Center,049809,Jackson Center Local,Traditional Public District,Career Technical Planning District,2003-04-26T00:00:00,2500-12-31T00:00:00,TRUE,https://oeds.education.ohio.gov/Api/OrgRelationships/GetOrgRelationships/674/0,2026-10-07 09:25:42 EDT,11745
200069,Upper Valley JVSD CTPD,674,062125,Upper Valley Career Center,049817,Russia Local,Traditional Public District,Career Technical Planning District,2003-04-26T00:00:00,2500-12-31T00:00:00,TRUE,https://oeds.education.ohio.gov/Api/OrgRelationships/GetOrgRelationships/674/0,2026-10-07 09:25:42 EDT,11746
200070,Switzerland of Ohio Local CTPD,677,048652,Switzerland of Ohio Local,048652,Switzerland of Ohio Local,Traditional Public District,Career Technical Planning District,2003-04-26T00:00:00,2500-12-31T00:00:00,TRUE,https://oeds.education.ohio.gov/Api/OrgRelationships/GetOrgRelationships/677/0,2026-10-07 09:25:42 EDT,11635
200071,Dayton City CTPD,678,043844,Dayton City,043844,Dayton City,Traditional Public District,Career Technical Planning District,2003-04-26T00:00:00,2500-12-31T00:00:00,TRUE,https://oeds.education.ohio.gov/Api/OrgRelationships/GetOrgRelationships/678/0,2026-10-07 09:25:42 EDT,11163
200072,Mad River Local CTPD,679,048702,Mad River Local,048702,Mad River Local,Traditional Public District,Career Technical Planning District,2003-04-26T00:00:00,2500-12-31T00:00:00,TRUE,https://oeds.education.ohio.gov/Api/OrgRelationships/GetOrgRelationships/679/0,2026-10-07 09:25:42 EDT,11640
200073,Miami Valley Career Technology JVSD CTPD,714,051284,Miami Valley Career Tech,043935,Eaton Community City,Traditional Public District,Career Technical Planning District,2003-04-26T00:00:00,2500-12-31T00:00:00,TRUE,https://oeds.education.ohio.gov/Api/OrgRelationships/GetOrgRelationships/714/0,2026-10-07 09:25:42 EDT,11172
200073,Miami Valley Career Technology JVSD CTPD,714,051284,Miami Valley Career Tech,044396,Miamisburg City,Traditional Public District,Career Technical Planning District,2003-04-26T00:00:00,2500-12-31T00:00:00,TRUE,https://oeds.education.ohio.gov/Api/OrgRelationships/GetOrgRelationships/714/0,2026-10-07 09:25:42 EDT,11218
200073,Miami Valley Career Technology JVSD CTPD,714,051284,Miami Valley Career Tech,044958,Vandalia-Butler City,Traditional Public District,Career Technical Planning District,2003-04-26T00:00:00,2500-12-31T00:00:00,TRUE,https://oeds.education.ohio.gov/Api/OrgRelationships/GetOrgRelationships/714/0,2026-10-07 09:25:42 EDT,11274
200073,Miami Valley Career Technology JVSD CTPD,714,051284,Miami Valley Career Tech,045054,West Carrollton City,Traditional Public District,Career Technical Planning District,2003-04-26T00:00:00,2500-12-31T00:00:00,TRUE,https://oeds.education.ohio.gov/Api/OrgRelationships/GetOrgRelationships/714/0,2026-10-07 09:25:42 EDT,11284
200073,Miami Valley Career Technology JVSD CTPD,714,051284,Miami Valley Career Tech,045518,Milton-Union Exempted Village,Traditional Public District,Career Technical Planning District,2003-04-26T00:00:00,2500-12-31T00:00:00,TRUE,https://oeds.education.ohio.gov/Api/OrgRelationships/GetOrgRelationships/714/0,2026-10-07 09:25:42 EDT,11330
200073,Miami Valley Career Technology JVSD CTPD,714,051284,Miami Valley Career Tech,045617,Tipp City Exempted Village,Traditional Public District,Career Technical Planning District,2003-04-26T00:00:00,2500-12-31T00:00:00,TRUE,https://oeds.education.ohio.gov/Api/OrgRelationships/GetOrgRelationships/714/0,2026-10-07 09:25:42 EDT,11340
200073,Miami Valley Career Technology JVSD CTPD,714,051284,Miami Valley Career Tech,045633,Versailles Exempted Village,Traditional Public District,Career Technical Planning District,2003-04-26T00:00:00,2500-12-31T00:00:00,TRUE,https://oeds.education.ohio.gov/Api/OrgRelationships/GetOrgRelationships/714/0,2026-10-07 09:25:42 EDT,11342
200073,Miami Valley Career Technology JVSD CTPD,714,051284,Miami Valley Career Tech,046623,Ansonia Local,Traditional Public District,Career Technical Planning District,2003-04-26T00:00:00,2500-12-31T00:00:00,TRUE,https://oeds.education.ohio.gov/Api/OrgRelationships/GetOrgRelationships/714/0,2026-10-07 09:25:42 EDT,11435
200073,Miami Valley Career Technology JVSD CTPD,714,051284,Miami Valley Career Tech,046631,Arcanum-Butler Local,Traditional Public District,Career Technical Planning District,2003-04-26T00:00:00,2500-12-31T00:00:00,TRUE,https://oeds.education.ohio.gov/Api/OrgRelationships/GetOrgRelationships/714/0,2026-10-07 09:25:42 EDT,11436
200073,Miami Valley Career Technology JVSD CTPD,714,051284,Miami Valley Career Tech,046649,Franklin Monroe Local,Traditional Public District,Career Technical Planning District,2003-04-26T00:00:00,2500-12-31T00:00:00,TRUE,https://oeds.education.ohio.gov/Api/OrgRelationships/GetOrgRelationships/714/0,2026-10-07 09:25:42 EDT,11437
200073,Miami Valley Career Technology JVSD CTPD,714,051284,Miami Valley Career Tech,046672,Mississinawa Valley Local,Traditional Public District,Career Technical Planning District,2003-04-26T00:00:00,2500-12-31T00:00:00,TRUE,https://oeds.education.ohio.gov/Api/OrgRelationships/GetOrgRelationships/714/0,2026-10-07 09:25:42 EDT,11440
200073,Miami Valley Career Technology JVSD CTPD,714,051284,Miami Valley Career Tech,046680,Tri-Village Local,Traditional Public District,Career Technical Planning District,2003-04-26T00:00:00,2500-12-31T00:00:00,TRUE,https://oeds.education.ohio.gov/Api/OrgRelationships/GetOrgRelationships/714/0,2026-10-07 09:25:42 EDT,11441
200073,Miami Valley Career Technology JVSD CTPD,714,051284,Miami Valley Career Tech,048611,Bethel Local,Traditional Public District,Career Technical Planning District,2003-04-26T00:00:00,2500-12-31T00:00:00,TRUE,https://oeds.education.ohio.gov/Api/OrgRelationships/GetOrgRelationships/714/0,2026-10-07 09:25:42 EDT,11631
200073,Miami Valley Career Technology JVSD CTPD,714,051284,Miami Valley Career Tech,048629,Miami East Local,Traditional Public District,Career Technical Planning District,2003-04-26T00:00:00,2500-12-31T00:00:00,TRUE,https://oeds.education.ohio.gov/Api/OrgRelationships/GetOrgRelationships/714/0,2026-10-07 09:25:42 EDT,11632
200073,Miami Valley Career Technology JVSD CTPD,714,051284,Miami Valley Career Tech,048678,Brookville Local,Traditional Public District,Career Technical Planning District,2003-04-26T00:00:00,2500-12-31T00:00:00,TRUE,https://oeds.education.ohio.gov/Api/OrgRelationships/GetOrgRelationships/714/0,2026-10-07 09:25:42 EDT,11637
200073,Miami Valley Career Technology JVSD CTPD,714,051284,Miami Valley Career Tech,048686,Jefferson Township Local,Traditional Public District,Career Technical Planning District,2003-04-26T00:00:00,2500-12-31T00:00:00,TRUE,https://oeds.education.ohio.gov/Api/OrgRelationships/GetOrgRelationships/714/0,2026-10-07 09:25:42 EDT,11638
200073,Miami Valley Career Technology JVSD CTPD,714,051284,Miami Valley Career Tech,048694,Trotwood-Madison City,Traditional Public District,Career Technical Planning District,2003-04-26T00:00:00,2500-12-31T00:00:00,TRUE,https://oeds.education.ohio.gov/Api/OrgRelationships/GetOrgRelationships/714/0,2026-10-07 09:25:42 EDT,11639
200073,Miami Valley Career Technology JVSD CTPD,714,051284,Miami Valley Career Tech,048710,New Lebanon Local School District,Traditional Public District,Career Technical Planning District,2003-04-26T00:00:00,2500-12-31T00:00:00,TRUE,https://oeds.education.ohio.gov/Api/OrgRelationships/GetOrgRelationships/714/0,2026-10-07 09:25:42 EDT,11641
200073,Miami Valley Career Technology JVSD CTPD,714,051284,Miami Valley Career Tech,048728,Northmont City,Traditional Public District,Career Technical Planning District,2003-04-26T00:00:00,2500-12-31T00:00:00,TRUE,https://oeds.education.ohio.gov/Api/OrgRelationships/GetOrgRelationships/714/0,2026-10-07 09:25:42 EDT,11642
200073,Miami Valley Career Technology JVSD CTPD,714,051284,Miami Valley Career Tech,048736,Northridge Local,Traditional Public District,Career Technical Planning District,2003-04-26T00:00:00,2500-12-31T00:00:00,TRUE,https://oeds.education.ohio.gov/Api/OrgRelationships/GetOrgRelationships/714/0,2026-10-07 09:25:42 EDT,11643
200073,Miami Valley Career Technology JVSD CTPD,714,051284,Miami Valley Career Tech,048744,Valley View Local,Traditional Public District,Career Technical Planning District,2003-04-26T00:00:00,2500-12-31T00:00:00,TRUE,https://oeds.education.ohio.gov/Api/OrgRelationships/GetOrgRelationships/714/0,2026-10-07 09:25:42 EDT,11644
200073,Miami Valley Career Technology JVSD CTPD,714,051284,Miami Valley Career Tech,048751,Huber Heights City,Traditional Public District,Career Technical Planning District,2003-04-26T00:00:00,2500-12-31T00:00:00,TRUE,https://oeds.education.ohio.gov/Api/OrgRelationships/GetOrgRelationships/714/0,2026-10-07 09:25:42 EDT,11645
200073,Miami Valley Career Technology JVSD CTPD,714,051284,Miami Valley Career Tech,049270,National Trail Local,Traditional Public District,Career Technical Planning District,2003-04-26T00:00:00,2500-12-31T00:00:00,TRUE,https://oeds.education.ohio.gov/Api/OrgRelationships/GetOrgRelationships/714/0,2026-10-07 09:25:42 EDT,11693
200073,Miami Valley Career Technology JVSD CTPD,714,051284,Miami Valley Career Tech,049288,Preble Shawnee Local,Traditional Public District,Career Technical Planning District,2003-04-26T00:00:00,2500-12-31T00:00:00,TRUE,https://oeds.education.ohio.gov/Api/OrgRelationships/GetOrgRelationships/714/0,2026-10-07 09:25:42 EDT,11694
200073,Miami Valley Career Technology JVSD CTPD,714,051284,Miami Valley Career Tech,049296,Twin Valley Community Local,Traditional Public District,Career Technical Planning District,2003-04-26T00:00:00,2500-12-31T00:00:00,TRUE,https://oeds.education.ohio.gov/Api/OrgRelationships/GetOrgRelationships/714/0,2026-10-07 09:25:42 EDT,11695
200073,Miami Valley Career Technology JVSD CTPD,714,051284,Miami Valley Career Tech,050419,Carlisle Local,Traditional Public District,Career Technical Planning District,2003-04-26T00:00:00,2500-12-31T00:00:00,TRUE,https://oeds.education.ohio.gov/Api/OrgRelationships/GetOrgRelationships/714/0,2026-10-07 09:25:42 EDT,11805
200073,Miami Valley Career Technology JVSD CTPD,714,051284,Miami Valley Career Tech,091397,Tri-County North Local,Traditional Public District,Career Technical Planning District,2003-04-26T00:00:00,2500-12-31T00:00:00,TRUE,https://oeds.education.ohio.gov/Api/OrgRelationships/GetOrgRelationships/714/0,2026-10-07 09:25:42 EDT,12978
200074,Morgan Local CTPD,716,048777,Morgan Local,048777,Morgan Local,Traditional Public District,Career Technical Planning District,2003-04-26T00:00:00,2500-12-31T00:00:00,TRUE,https://oeds.education.ohio.gov/Api/OrgRelationships/GetOrgRelationships/716/0,2026-10-07 09:25:42 EDT,11647
200075,Mid-East Ohio JVSD CTPD,741,051300,Mid-East Career and Technology Centers,043695,Cambridge City,Traditional Public District,Career Technical Planning District,2003-04-26T00:00:00,2500-12-31T00:00:00,TRUE,https://oeds.education.ohio.gov/Api/OrgRelationships/GetOrgRelationships/741/0,2026-10-07 09:25:42 EDT,11148
200075,Mid-East Ohio JVSD CTPD,741,051300,Mid-East Career and Technology Centers,045179,Zanesville City,Traditional Public District,Career Technical Planning District,2003-04-26T00:00:00,2500-12-31T00:00:00,TRUE,https://oeds.education.ohio.gov/Api/OrgRelationships/GetOrgRelationships/741/0,2026-10-07 09:25:42 EDT,11296
200075,Mid-East Ohio JVSD CTPD,741,051300,Mid-East Career and Technology Centers,045252,Caldwell Exempted Village,Traditional Public District,Career Technical Planning District,2003-04-26T00:00:00,2500-12-31T00:00:00,TRUE,https://oeds.education.ohio.gov/Api/OrgRelationships/GetOrgRelationships/741/0,2026-10-07 09:25:42 EDT,11304
200075,Mid-East Ohio JVSD CTPD,741,051300,Mid-East Career and Technology Centers,045351,Crooksville Exempted Village,Traditional Public District,Career Technical Planning District,2003-04-26T00:00:00,2500-12-31T00:00:00,TRUE,https://oeds.education.ohio.gov/Api/OrgRelationships/GetOrgRelationships/741/0,2026-10-07 09:25:42 EDT,11314
200075,Mid-East Ohio JVSD CTPD,741,051300,Mid-East Career and Technology Centers,047308,Rolling Hills Local,Traditional Public District,Career Technical Planning District,2003-04-26T00:00:00,2500-12-31T00:00:00,TRUE,https://oeds.education.ohio.gov/Api/OrgRelationships/GetOrgRelationships/741/0,2026-10-07 09:25:42 EDT,11502
200075,Mid-East Ohio JVSD CTPD,741,051300,Mid-East Career and Technology Centers,048835,East Muskingum Local,Traditional Public District,Career Technical Planning District,2003-04-26T00:00:00,2500-12-31T00:00:00,TRUE,https://oeds.education.ohio.gov/Api/OrgRelationships/GetOrgRelationships/741/0,2026-10-07 09:25:42 EDT,11653
200075,Mid-East Ohio JVSD CTPD,741,051300,Mid-East Career and Technology Centers,048843,Franklin Local,Traditional Public District,Career Technical Planning District,2003-04-26T00:00:00,2500-12-31T00:00:00,TRUE,https://oeds.education.ohio.gov/Api/OrgRelationships/GetOrgRelationships/741/0,2026-10-07 09:25:42 EDT,11654
200075,Mid-East Ohio JVSD CTPD,741,051300,Mid-East Career and Technology Centers,048850,Maysville Local,Traditional Public District,Career Technical Planning District,2003-04-26T00:00:00,2500-12-31T00:00:00,TRUE,https://oeds.education.ohio.gov/Api/OrgRelationships/GetOrgRelationships/741/0,2026-10-07 09:25:42 EDT,11655
200075,Mid-East Ohio JVSD CTPD,741,051300,Mid-East Career and Technology Centers,048876,Tri-Valley Local,Traditional Public District,Career Technical Planning District,2003-04-26T00:00:00,2500-12-31T00:00:00,TRUE,https://oeds.education.ohio.gov/Api/OrgRelationships/GetOrgRelationships/741/0,2026-10-07 09:25:42 EDT,11656
200075,Mid-East Ohio JVSD CTPD,741,051300,Mid-East Career and Technology Centers,048884,West Muskingum Local,Traditional Public District,Career Technical Planning District,2003-04-26T00:00:00,2500-12-31T00:00:00,TRUE,https://oeds.education.ohio.gov/Api/OrgRelationships/GetOrgRelationships/741/0,2026-10-07 09:25:42 EDT,11657
200075,Mid-East Ohio JVSD CTPD,741,051300,Mid-East Career and Technology Centers,048900,Noble Local,Traditional Public District,Career Technical Planning District,2003-04-26T00:00:00,2500-12-31T00:00:00,TRUE,https://oeds.education.ohio.gov/Api/OrgRelationships/GetOrgRelationships/741/0,2026-10-07 09:25:42 EDT,11659
200075,Mid-East Ohio JVSD CTPD,741,051300,Mid-East Career and Technology Centers,049056,Northern Local,Traditional Public District,Career Technical Planning District,2003-04-26T00:00:00,2500-12-31T00:00:00,TRUE,https://oeds.education.ohio.gov/Api/OrgRelationships/GetOrgRelationships/741/0,2026-10-07 09:25:42 EDT,11671
200075,Mid-East Ohio JVSD CTPD,741,051300,Mid-East Career and Technology Centers,069682,East Guernsey Local,Traditional Public District,Career Technical Planning District,2003-04-26T00:00:00,2500-12-31T00:00:00,TRUE,https://oeds.education.ohio.gov/Api/OrgRelationships/GetOrgRelationships/741/0,2026-10-07 09:25:42 EDT,12091
200077,Pike County Career Technology Center CTPD,748,051375,Pike County Area,049122,Eastern Local School District,Traditional Public District,Career Technical Planning District,2003-04-26T00:00:00,2500-12-31T00:00:00,TRUE,https://oeds.education.ohio.gov/Api/OrgRelationships/GetOrgRelationships/748/0,2026-10-07 09:25:42 EDT,11678
200077,Pike County Career Technology Center CTPD,748,051375,Pike County Area,049130,Scioto Valley Local,Traditional Public District,Career Technical Planning District,2003-04-26T00:00:00,2500-12-31T00:00:00,TRUE,https://oeds.education.ohio.gov/Api/OrgRelationships/GetOrgRelationships/748/0,2026-10-07 09:25:42 EDT,11679
200077,Pike County Career Technology Center CTPD,748,051375,Pike County Area,049148,Waverly City,Traditional Public District,Career Technical Planning District,2003-04-26T00:00:00,2500-12-31T00:00:00,TRUE,https://oeds.education.ohio.gov/Api/OrgRelationships/GetOrgRelationships/748/0,2026-10-07 09:25:42 EDT,11680
200077,Pike County Career Technology Center CTPD,748,051375,Pike County Area,049155,Western Local,Traditional Public District,Career Technical Planning District,2003-04-26T00:00:00,2500-12-31T00:00:00,TRUE,https://oeds.education.ohio.gov/Api/OrgRelationships/GetOrgRelationships/748/0,2026-10-07 09:25:42 EDT,11681
200078,Maplewood Area JVSD CTPD,761,051391,Maplewood Career Center District,044685,Ravenna City,Traditional Public District,Career Technical Planning District,2003-04-26T00:00:00,2500-12-31T00:00:00,TRUE,https://oeds.education.ohio.gov/Api/OrgRelationships/GetOrgRelationships/761/0,2026-10-07 09:25:42 EDT,11247
200078,Maplewood Area JVSD CTPD,761,051391,Maplewood Career Center District,045666,Windham Exempted Village,Traditional Public District,Career Technical Planning District,2003-04-26T00:00:00,2500-12-31T00:00:00,TRUE,https://oeds.education.ohio.gov/Api/OrgRelationships/GetOrgRelationships/761/0,2026-10-07 09:25:42 EDT,11345
200078,Maplewood Area JVSD CTPD,761,051391,Maplewood Career Center District,049189,Crestwood Local,Traditional Public District,Career Technical Planning District,2003-04-26T00:00:00,2500-12-31T00:00:00,TRUE,https://oeds.education.ohio.gov/Api/OrgRelationships/GetOrgRelationships/761/0,2026-10-07 09:25:42 EDT,11684
200078,Maplewood Area JVSD CTPD,761,051391,Maplewood Career Center District,049197,Field Local,Traditional Public District,Career Technical Planning District,2003-04-26T00:00:00,2500-12-31T00:00:00,TRUE,https://oeds.education.ohio.gov/Api/OrgRelationships/GetOrgRelationships/761/0,2026-10-07 09:25:42 EDT,11685
200078,Maplewood Area JVSD CTPD,761,051391,Maplewood Career Center District,049205,James A Garfield Local,Traditional Public District,Career Technical Planning District,2003-04-26T00:00:00,2500-12-31T00:00:00,TRUE,https://oeds.education.ohio.gov/Api/OrgRelationships/GetOrgRelationships/761/0,2026-10-07 09:25:42 EDT,11686
200078,Maplewood Area JVSD CTPD,761,051391,Maplewood Career Center District,049213,Rootstown Local,Traditional Public District,Career Technical Planning District,2003-04-26T00:00:00,2500-12-31T00:00:00,TRUE,https://oeds.education.ohio.gov/Api/OrgRelationships/GetOrgRelationships/761/0,2026-10-07 09:25:42 EDT,11687
200078,Maplewood Area JVSD CTPD,761,051391,Maplewood Career Center District,049221,Southeast Local,Traditional Public District,Career Technical Planning District,2003-04-26T00:00:00,2500-12-31T00:00:00,TRUE,https://oeds.education.ohio.gov/Api/OrgRelationships/GetOrgRelationships/761/0,2026-10-07 09:25:42 EDT,11688
200078,Maplewood Area JVSD CTPD,761,051391,Maplewood Career Center District,049239,Streetsboro City,Traditional Public District,Career Technical Planning District,2003-04-26T00:00:00,2500-12-31T00:00:00,TRUE,https://oeds.education.ohio.gov/Api/OrgRelationships/GetOrgRelationships/761/0,2026-10-07 09:25:42 EDT,11689
200078,Maplewood Area JVSD CTPD,761,051391,Maplewood Career Center District,049247,Waterloo Local,Traditional Public District,Career Technical Planning District,2003-04-26T00:00:00,2500-12-31T00:00:00,TRUE,https://oeds.education.ohio.gov/Api/OrgRelationships/GetOrgRelationships/761/0,2026-10-07 09:25:42 EDT,11690
200078,Maplewood Area JVSD CTPD,761,051391,Maplewood Career Center District,050039,Mogadore Local,Traditional Public District,Career Technical Planning District,2003-04-26T00:00:00,2500-12-31T00:00:00,TRUE,https://oeds.education.ohio.gov/Api/OrgRelationships/GetOrgRelationships/761/0,2026-10-07 09:25:42 EDT,11768
200079,College Corner Local CTPD,762,064964,College Corner Local,064964,College Corner Local,Traditional Public District,Career Technical Planning District,2003-04-26T00:00:00,2500-12-31T00:00:00,TRUE,https://oeds.education.ohio.gov/Api/OrgRelationships/GetOrgRelationships/762/0,2026-10-07 09:25:42 EDT,11998
200081,Madison Local CTPD,763,049452,Madison Local,049452,Madison Local,Traditional Public District,Career Technical Planning District,2003-04-26T00:00:00,2500-12-31T00:00:00,TRUE,https://oeds.education.ohio.gov/Api/OrgRelationships/GetOrgRelationships/763/0,2026-10-07 09:25:42 EDT,11711
200082,Mansfield City CTPD,764,044297,Mansfield City,044297,Mansfield City,Traditional Public District,Career Technical Planning District,2003-04-26T00:00:00,2500-12-31T00:00:00,TRUE,https://oeds.education.ohio.gov/Api/OrgRelationships/GetOrgRelationships/764/0,2026-10-07 09:25:42 EDT,11208
200083,Pioneer CTC JVSD CTPD,784,051417,Pioneer Career & Technology,043687,Bucyrus City,Traditional Public District,Career Technical Planning District,2003-04-26T00:00:00,2500-12-31T00:00:00,TRUE,https://oeds.education.ohio.gov/Api/OrgRelationships/GetOrgRelationships/784/0,2026-10-07 09:25:42 EDT,11147
200083,Pioneer CTC JVSD CTPD,784,051417,Pioneer Career & Technology,044024,Galion City,Traditional Public District,Career Technical Planning District,2003-04-26T00:00:00,2500-12-31T00:00:00,TRUE,https://oeds.education.ohio.gov/Api/OrgRelationships/GetOrgRelationships/784/0,2026-10-07 09:25:42 EDT,11181
200083,Pioneer CTC JVSD CTPD,784,051417,Pioneer Career & Technology,044776,Shelby City,Traditional Public District,Career Technical Planning District,2003-04-26T00:00:00,2500-12-31T00:00:00,TRUE,https://oeds.education.ohio.gov/Api/OrgRelationships/GetOrgRelationships/784/0,2026-10-07 09:25:42 EDT,11256
200083,Pioneer CTC JVSD CTPD,784,051417,Pioneer Career & Technology,045096,Willard City,Traditional Public District,Career Technical Planning District,2003-04-26T00:00:00,2500-12-31T00:00:00,TRUE,https://oeds.education.ohio.gov/Api/OrgRelationships/GetOrgRelationships/784/0,2026-10-07 09:25:42 EDT,11288
200083,Pioneer CTC JVSD CTPD,784,051417,Pioneer Career & Technology,045344,Crestline Exempted Village,Traditional Public District,Career Technical Planning District,2003-04-26T00:00:00,2500-12-31T00:00:00,TRUE,https://oeds.education.ohio.gov/Api/OrgRelationships/GetOrgRelationships/784/0,2026-10-07 09:25:42 EDT,11313
200083,Pioneer CTC JVSD CTPD,784,051417,Pioneer Career & Technology,046508,Buckeye Central Local,Traditional Public District,Career Technical Planning District,2003-04-26T00:00:00,2500-12-31T00:00:00,TRUE,https://oeds.education.ohio.gov/Api/OrgRelationships/GetOrgRelationships/784/0,2026-10-07 09:25:42 EDT,11423
200083,Pioneer CTC JVSD CTPD,784,051417,Pioneer Career & Technology,046516,Colonel Crawford Local,Traditional Public District,Career Technical Planning District,2003-04-26T00:00:00,2500-12-31T00:00:00,TRUE,https://oeds.education.ohio.gov/Api/OrgRelationships/GetOrgRelationships/784/0,2026-10-07 09:25:42 EDT,11424
200083,Pioneer CTC JVSD CTPD,784,051417,Pioneer Career & Technology,046524,Wynford Local,Traditional Public District,Career Technical Planning District,2003-04-26T00:00:00,2500-12-31T00:00:00,TRUE,https://oeds.education.ohio.gov/Api/OrgRelationships/GetOrgRelationships/784/0,2026-10-07 09:25:42 EDT,11425
200083,Pioneer CTC JVSD CTPD,784,051417,Pioneer Career & Technology,048819,Northmor Local,Traditional Public District,Career Technical Planning District,2003-04-26T00:00:00,2500-12-31T00:00:00,TRUE,https://oeds.education.ohio.gov/Api/OrgRelationships/GetOrgRelationships/784/0,2026-10-07 09:25:42 EDT,11651
200083,Pioneer CTC JVSD CTPD,784,051417,Pioneer Career & Technology,049429,Crestview Local,Traditional Public District,Career Technical Planning District,2003-04-26T00:00:00,2500-12-31T00:00:00,TRUE,https://oeds.education.ohio.gov/Api/OrgRelationships/GetOrgRelationships/784/0,2026-10-07 09:25:42 EDT,11708
200083,Pioneer CTC JVSD CTPD,784,051417,Pioneer Career & Technology,049437,Lexington Local,Traditional Public District,Career Technical Planning District,2003-04-26T00:00:00,2500-12-31T00:00:00,TRUE,https://oeds.education.ohio.gov/Api/OrgRelationships/GetOrgRelationships/784/0,2026-10-07 09:25:42 EDT,11709
200083,Pioneer CTC JVSD CTPD,784,051417,Pioneer Career & Technology,049445,Lucas Local,Traditional Public District,Career Technical Planning District,2003-04-26T00:00:00,2500-12-31T00:00:00,TRUE,https://oeds.education.ohio.gov/Api/OrgRelationships/GetOrgRelationships/784/0,2026-10-07 09:25:42 EDT,11710
200083,Pioneer CTC JVSD CTPD,784,051417,Pioneer Career & Technology,049460,Plymouth-Shiloh Local,Traditional Public District,Career Technical Planning District,2003-04-26T00:00:00,2500-12-31T00:00:00,TRUE,https://oeds.education.ohio.gov/Api/OrgRelationships/GetOrgRelationships/784/0,2026-10-07 09:25:42 EDT,11712
200083,Pioneer CTC JVSD CTPD,784,051417,Pioneer Career & Technology,049478,Ontario Local,Traditional Public District,Career Technical Planning District,2003-04-26T00:00:00,2500-12-31T00:00:00,TRUE,https://oeds.education.ohio.gov/Api/OrgRelationships/GetOrgRelationships/784/0,2026-10-07 09:25:42 EDT,11713
200084,Pickaway-Ross County JVSD CTPD,799,051433,Pickaway-Ross County JVSD,043745,Chillicothe City,Traditional Public District,Career Technical Planning District,2003-04-26T00:00:00,2500-12-31T00:00:00,TRUE,https://oeds.education.ohio.gov/Api/OrgRelationships/GetOrgRelationships/799/0,2026-10-07 09:25:42 EDT,11153
200084,Pickaway-Ross County JVSD CTPD,799,051433,Pickaway-Ross County JVSD,043760,Circleville City,Traditional Public District,Career Technical Planning District,2003-04-26T00:00:00,2500-12-31T00:00:00,TRUE,https://oeds.education.ohio.gov/Api/OrgRelationships/GetOrgRelationships/799/0,2026-10-07 09:25:42 EDT,11155
200084,Pickaway-Ross County JVSD CTPD,799,051433,Pickaway-Ross County JVSD,049080,Logan Elm Local,Traditional Public District,Career Technical Planning District,2003-04-26T00:00:00,2500-12-31T00:00:00,TRUE,https://oeds.education.ohio.gov/Api/OrgRelationships/GetOrgRelationships/799/0,2026-10-07 09:25:42 EDT,11674
200084,Pickaway-Ross County JVSD CTPD,799,051433,Pickaway-Ross County JVSD,049106,Westfall Local,Traditional Public District,Career Technical Planning District,2003-04-26T00:00:00,2500-12-31T00:00:00,TRUE,https://oeds.education.ohio.gov/Api/OrgRelationships/GetOrgRelationships/799/0,2026-10-07 09:25:42 EDT,11676
200084,Pickaway-Ross County JVSD CTPD,799,051433,Pickaway-Ross County JVSD,049494,Adena Local,Traditional Public District,Career Technical Planning District,2003-04-26T00:00:00,2500-12-31T00:00:00,TRUE,https://oeds.education.ohio.gov/Api/OrgRelationships/GetOrgRelationships/799/0,2026-10-07 09:25:42 EDT,11715
200084,Pickaway-Ross County JVSD CTPD,799,051433,Pickaway-Ross County JVSD,049502,Huntington Local,Traditional Public District,Career Technical Planning District,2003-04-26T00:00:00,2500-12-31T00:00:00,TRUE,https://oeds.education.ohio.gov/Api/OrgRelationships/GetOrgRelationships/799/0,2026-10-07 09:25:42 EDT,11716
200084,Pickaway-Ross County JVSD CTPD,799,051433,Pickaway-Ross County JVSD,049510,Paint Valley Local,Traditional Public District,Career Technical Planning District,2003-04-26T00:00:00,2500-12-31T00:00:00,TRUE,https://oeds.education.ohio.gov/Api/OrgRelationships/GetOrgRelationships/799/0,2026-10-07 09:25:42 EDT,11717
200084,Pickaway-Ross County JVSD CTPD,799,051433,Pickaway-Ross County JVSD,049528,Southeastern Local,Traditional Public District,Career Technical Planning District,2003-04-26T00:00:00,2500-12-31T00:00:00,TRUE,https://oeds.education.ohio.gov/Api/OrgRelationships/GetOrgRelationships/799/0,2026-10-07 09:25:42 EDT,11718
200084,Pickaway-Ross County JVSD CTPD,799,051433,Pickaway-Ross County JVSD,049536,Union-Scioto Local,Traditional Public District,Career Technical Planning District,2003-04-26T00:00:00,2500-12-31T00:00:00,TRUE,https://oeds.education.ohio.gov/Api/OrgRelationships/GetOrgRelationships/799/0,2026-10-07 09:25:42 EDT,11719
200084,Pickaway-Ross County JVSD CTPD,799,051433,Pickaway-Ross County JVSD,049544,Zane Trace Local,Traditional Public District,Career Technical Planning District,2003-04-26T00:00:00,2500-12-31T00:00:00,TRUE,https://oeds.education.ohio.gov/Api/OrgRelationships/GetOrgRelationships/799/0,2026-10-07 09:25:42 EDT,11720
200085,Vanguard-Sentinel JVSD CTPD,820,051458,Vanguard-Sentinel Career & Technology Centers,043992,Fostoria City,Traditional Public District,Career Technical Planning District,2003-04-26T00:00:00,2500-12-31T00:00:00,TRUE,https://oeds.education.ohio.gov/Api/OrgRelationships/GetOrgRelationships/820/0,2026-10-07 09:25:42 EDT,11178
200085,Vanguard-Sentinel JVSD CTPD,820,051458,Vanguard-Sentinel Career & Technology Centers,044016,Fremont City,Traditional Public District,Career Technical Planning District,2003-04-26T00:00:00,2500-12-31T00:00:00,TRUE,https://oeds.education.ohio.gov/Api/OrgRelationships/GetOrgRelationships/820/0,2026-10-07 09:25:42 EDT,11180
200085,Vanguard-Sentinel JVSD CTPD,820,051458,Vanguard-Sentinel Career & Technology Centers,044651,Port Clinton City,Traditional Public District,Career Technical Planning District,2003-04-26T00:00:00,2500-12-31T00:00:00,TRUE,https://oeds.education.ohio.gov/Api/OrgRelationships/GetOrgRelationships/820/0,2026-10-07 09:25:42 EDT,11244
200085,Vanguard-Sentinel JVSD CTPD,820,051458,Vanguard-Sentinel Career & Technology Centers,044891,Tiffin City Schools,Traditional Public District,Career Technical Planning District,2003-04-26T00:00:00,2500-12-31T00:00:00,TRUE,https://oeds.education.ohio.gov/Api/OrgRelationships/GetOrgRelationships/820/0,2026-10-07 09:25:42 EDT,11268
200085,Vanguard-Sentinel JVSD CTPD,820,051458,Vanguard-Sentinel Career & Technology Centers,045302,Clyde-Green Springs Exempted Village,Traditional Public District,Career Technical Planning District,2003-04-26T00:00:00,2500-12-31T00:00:00,TRUE,https://oeds.education.ohio.gov/Api/OrgRelationships/GetOrgRelationships/820/0,2026-10-07 09:25:42 EDT,11309
200085,Vanguard-Sentinel JVSD CTPD,820,051458,Vanguard-Sentinel Career & Technology Centers,045385,Gibsonburg Exempted Village,Traditional Public District,Career Technical Planning District,2003-04-26T00:00:00,2500-12-31T00:00:00,TRUE,https://oeds.education.ohio.gov/Api/OrgRelationships/GetOrgRelationships/820/0,2026-10-07 09:25:42 EDT,11317
200085,Vanguard-Sentinel JVSD CTPD,820,051458,Vanguard-Sentinel Career & Technology Centers,045625,Upper Sandusky Exempted Village,Traditional Public District,Career Technical Planning District,2003-04-26T00:00:00,2500-12-31T00:00:00,TRUE,https://oeds.education.ohio.gov/Api/OrgRelationships/GetOrgRelationships/820/0,2026-10-07 09:25:42 EDT,11341
200085,Vanguard-Sentinel JVSD CTPD,820,051458,Vanguard-Sentinel Career & Technology Centers,049569,Lakota Local,Traditional Public District,Career Technical Planning District,2003-04-26T00:00:00,2500-12-31T00:00:00,TRUE,https://oeds.education.ohio.gov/Api/OrgRelationships/GetOrgRelationships/820/0,2026-10-07 09:25:42 EDT,11722
200085,Vanguard-Sentinel JVSD CTPD,820,051458,Vanguard-Sentinel Career & Technology Centers,049684,Seneca East Local,Traditional Public District,Career Technical Planning District,2003-04-26T00:00:00,2500-12-31T00:00:00,TRUE,https://oeds.education.ohio.gov/Api/OrgRelationships/GetOrgRelationships/820/0,2026-10-07 09:25:42 EDT,11734
200085,Vanguard-Sentinel JVSD CTPD,820,051458,Vanguard-Sentinel Career & Technology Centers,049700,Hopewell-Loudon Local,Traditional Public District,Career Technical Planning District,2003-04-26T00:00:00,2500-12-31T00:00:00,TRUE,https://oeds.education.ohio.gov/Api/OrgRelationships/GetOrgRelationships/820/0,2026-10-07 09:25:42 EDT,11736
200085,Vanguard-Sentinel JVSD CTPD,820,051458,Vanguard-Sentinel Career & Technology Centers,049718,New Riegel Local,Traditional Public District,Career Technical Planning District,2003-04-26T00:00:00,2500-12-31T00:00:00,TRUE,https://oeds.education.ohio.gov/Api/OrgRelationships/GetOrgRelationships/820/0,2026-10-07 09:25:42 EDT,11737
200085,Vanguard-Sentinel JVSD CTPD,820,051458,Vanguard-Sentinel Career & Technology Centers,049726,Old Fort Local,Traditional Public District,Career Technical Planning District,2003-04-26T00:00:00,2500-12-31T00:00:00,TRUE,https://oeds.education.ohio.gov/Api/OrgRelationships/GetOrgRelationships/820/0,2026-10-07 09:25:42 EDT,11738
200085,Vanguard-Sentinel JVSD CTPD,820,051458,Vanguard-Sentinel Career & Technology Centers,050740,Mohawk Local,Traditional Public District,Career Technical Planning District,2003-04-26T00:00:00,2500-12-31T00:00:00,TRUE,https://oeds.education.ohio.gov/Api/OrgRelationships/GetOrgRelationships/820/0,2026-10-07 09:25:42 EDT,11838
200086,Scioto County JVSD CTPD,834,051490,Scioto County Joint Vocational School,044461,New Boston Local,Traditional Public District,Career Technical Planning District,2003-04-26T00:00:00,2500-12-31T00:00:00,TRUE,https://oeds.education.ohio.gov/Api/OrgRelationships/GetOrgRelationships/834/0,2026-10-07 09:25:42 EDT,11225
200086,Scioto County JVSD CTPD,834,051490,Scioto County Joint Vocational School,044669,Portsmouth City,Traditional Public District,Career Technical Planning District,2003-04-26T00:00:00,2500-12-31T00:00:00,TRUE,https://oeds.education.ohio.gov/Api/OrgRelationships/GetOrgRelationships/834/0,2026-10-07 09:25:42 EDT,11245
200086,Scioto County JVSD CTPD,834,051490,Scioto County Joint Vocational School,049593,Bloom-Vernon Local,Traditional Public District,Career Technical Planning District,2003-04-26T00:00:00,2500-12-31T00:00:00,TRUE,https://oeds.education.ohio.gov/Api/OrgRelationships/GetOrgRelationships/834/0,2026-10-07 09:25:42 EDT,11725
200086,Scioto County JVSD CTPD,834,051490,Scioto County Joint Vocational School,049601,Clay Local,Traditional Public District,Career Technical Planning District,2003-04-26T00:00:00,2500-12-31T00:00:00,TRUE,https://oeds.education.ohio.gov/Api/OrgRelationships/GetOrgRelationships/834/0,2026-10-07 09:25:42 EDT,11726
200086,Scioto County JVSD CTPD,834,051490,Scioto County Joint Vocational School,049619,Green Local,Traditional Public District,Career Technical Planning District,2003-04-26T00:00:00,2500-12-31T00:00:00,TRUE,https://oeds.education.ohio.gov/Api/OrgRelationships/GetOrgRelationships/834/0,2026-10-07 09:25:42 EDT,11727
200086,Scioto County JVSD CTPD,834,051490,Scioto County Joint Vocational School,049627,Minford Local,Traditional Public District,Career Technical Planning District,2003-04-26T00:00:00,2500-12-31T00:00:00,TRUE,https://oeds.education.ohio.gov/Api/OrgRelationships/GetOrgRelationships/834/0,2026-10-07 09:25:42 EDT,11728
200086,Scioto County JVSD CTPD,834,051490,Scioto County Joint Vocational School,049635,Northwest Local,Traditional Public District,Career Technical Planning District,2003-04-26T00:00:00,2500-12-31T00:00:00,TRUE,https://oeds.education.ohio.gov/Api/OrgRelationships/GetOrgRelationships/834/0,2026-10-07 09:25:42 EDT,11729
200086,Scioto County JVSD CTPD,834,051490,Scioto County Joint Vocational School,049643,Valley Local,Traditional Public District,Career Technical Planning District,2003-04-26T00:00:00,2500-12-31T00:00:00,TRUE,https://oeds.education.ohio.gov/Api/OrgRelationships/GetOrgRelationships/834/0,2026-10-07 09:25:42 EDT,11730
200086,Scioto County JVSD CTPD,834,051490,Scioto County Joint Vocational School,049650,Washington-Nile Local,Traditional Public District,Career Technical Planning District,2003-04-26T00:00:00,2500-12-31T00:00:00,TRUE,https://oeds.education.ohio.gov/Api/OrgRelationships/GetOrgRelationships/834/0,2026-10-07 09:25:42 EDT,11731
200086,Scioto County JVSD CTPD,834,051490,Scioto County Joint Vocational School,049668,Wheelersburg Local,Traditional Public District,Career Technical Planning District,2003-04-26T00:00:00,2500-12-31T00:00:00,TRUE,https://oeds.education.ohio.gov/Api/OrgRelationships/GetOrgRelationships/834/0,2026-10-07 09:25:42 EDT,11732
200089,Alliance City CTPD,837,043497,Alliance City,043497,Alliance City,Traditional Public District,Career Technical Planning District,2003-04-26T00:00:00,2500-12-31T00:00:00,TRUE,https://oeds.education.ohio.gov/Api/OrgRelationships/GetOrgRelationships/837/0,2026-10-07 09:25:42 EDT,11128
200089,Alliance City CTPD,837,043497,Alliance City,044735,Salem City,Traditional Public District,Career Technical Planning District,2003-04-26T00:00:00,2500-12-31T00:00:00,TRUE,https://oeds.education.ohio.gov/Api/OrgRelationships/GetOrgRelationships/837/0,2026-10-07 09:25:42 EDT,11252
200089,Alliance City CTPD,837,043497,Alliance City,049882,Marlington Local,Traditional Public District,Career Technical Planning District,2003-04-26T00:00:00,2500-12-31T00:00:00,TRUE,https://oeds.education.ohio.gov/Api/OrgRelationships/GetOrgRelationships/837/0,2026-10-07 09:25:42 EDT,11753
200090,Canton City CTPD,838,043711,Canton City,043711,Canton City,Traditional Public District,Career Technical Planning District,2003-04-26T00:00:00,2500-12-31T00:00:00,TRUE,https://oeds.education.ohio.gov/Api/OrgRelationships/GetOrgRelationships/838/0,2026-10-07 09:25:42 EDT,11150
200092,Massillon City CTPD,839,044354,Massillon City,044354,Massillon City,Traditional Public District,Career Technical Planning District,2003-04-26T00:00:00,2500-12-31T00:00:00,TRUE,https://oeds.education.ohio.gov/Api/OrgRelationships/GetOrgRelationships/839/0,2026-10-07 09:25:42 EDT,11214
200093,Stark County Career Compact,843,049932,Plain Local,044503,North Canton City,Traditional Public District,Career Technical Planning District,2003-04-26T00:00:00,2500-12-31T00:00:00,TRUE,https://oeds.education.ohio.gov/Api/OrgRelationships/GetOrgRelationships/843/0,2026-10-07 09:25:42 EDT,11229
200093,Stark County Career Compact,843,049932,Plain Local,049858,Jackson Local,Traditional Public District,Career Technical Planning District,2003-04-26T00:00:00,2500-12-31T00:00:00,TRUE,https://oeds.education.ohio.gov/Api/OrgRelationships/GetOrgRelationships/843/0,2026-10-07 09:25:42 EDT,11750
200093,Stark County Career Compact,843,049932,Plain Local,049866,Lake Local,Traditional Public District,Career Technical Planning District,2003-04-26T00:00:00,2500-12-31T00:00:00,TRUE,https://oeds.education.ohio.gov/Api/OrgRelationships/GetOrgRelationships/843/0,2026-10-07 09:25:42 EDT,11751
200093,Stark County Career Compact,843,049932,Plain Local,049932,Plain Local,Traditional Public District,Career Technical Planning District,2003-04-26T00:00:00,2500-12-31T00:00:00,TRUE,https://oeds.education.ohio.gov/Api/OrgRelationships/GetOrgRelationships/843/0,2026-10-07 09:25:42 EDT,11758
200094,Stark County Area JVSD CTPD,854,062026,Stark County Area,046177,Brown Local,Traditional Public District,Career Technical Planning District,2003-04-26T00:00:00,2500-12-31T00:00:00,TRUE,https://oeds.education.ohio.gov/Api/OrgRelationships/GetOrgRelationships/854/0,2026-10-07 09:25:42 EDT,11390
200094,Stark County Area JVSD CTPD,854,062026,Stark County Area,049841,Fairless Local,Traditional Public District,Career Technical Planning District,2003-04-26T00:00:00,2500-12-31T00:00:00,TRUE,https://oeds.education.ohio.gov/Api/OrgRelationships/GetOrgRelationships/854/0,2026-10-07 09:25:42 EDT,11749
200094,Stark County Area JVSD CTPD,854,062026,Stark County Area,049874,Louisville City,Traditional Public District,Career Technical Planning District,2003-04-26T00:00:00,2500-12-31T00:00:00,TRUE,https://oeds.education.ohio.gov/Api/OrgRelationships/GetOrgRelationships/854/0,2026-10-07 09:25:42 EDT,11752
200094,Stark County Area JVSD CTPD,854,062026,Stark County Area,049890,Minerva Local,Traditional Public District,Career Technical Planning District,2003-04-26T00:00:00,2500-12-31T00:00:00,TRUE,https://oeds.education.ohio.gov/Api/OrgRelationships/GetOrgRelationships/854/0,2026-10-07 09:25:42 EDT,11754
200094,Stark County Area JVSD CTPD,854,062026,Stark County Area,049908,Northwest Local,Traditional Public District,Career Technical Planning District,2003-04-26T00:00:00,2500-12-31T00:00:00,TRUE,https://oeds.education.ohio.gov/Api/OrgRelationships/GetOrgRelationships/854/0,2026-10-07 09:25:42 EDT,11755
200094,Stark County Area JVSD CTPD,854,062026,Stark County Area,049957,Tuslaw Local,Traditional Public District,Career Technical Planning District,2003-04-26T00:00:00,2500-12-31T00:00:00,TRUE,https://oeds.education.ohio.gov/Api/OrgRelationships/GetOrgRelationships/854/0,2026-10-07 09:25:42 EDT,11760
200095,Akron City CTPD,855,043489,Akron City,043489,Akron City,Traditional Public District,Career Technical Planning District,2003-04-26T00:00:00,2500-12-31T00:00:00,TRUE,https://oeds.education.ohio.gov/Api/OrgRelationships/GetOrgRelationships/855/0,2026-10-07 09:25:42 EDT,11127
200096,Four City Compact CTPD,859,044974,Wadsworth City ,043539,Barberton City,Traditional Public District,Career Technical Planning District,2003-04-26T00:00:00,2500-12-31T00:00:00,TRUE,https://oeds.education.ohio.gov/Api/OrgRelationships/GetOrgRelationships/859/0,2026-10-07 09:25:42 EDT,11132
200096,Four City Compact CTPD,859,044974,Wadsworth City ,044552,Norton City,Traditional Public District,Career Technical Planning District,2003-04-26T00:00:00,2500-12-31T00:00:00,TRUE,https://oeds.education.ohio.gov/Api/OrgRelationships/GetOrgRelationships/859/0,2026-10-07 09:25:42 EDT,11234
200096,Four City Compact CTPD,859,044974,Wadsworth City ,044974,Wadsworth City,Traditional Public District,Career Technical Planning District,2003-04-26T00:00:00,2500-12-31T00:00:00,TRUE,https://oeds.education.ohio.gov/Api/OrgRelationships/GetOrgRelationships/859/0,2026-10-07 09:25:42 EDT,11276
200096,Four City Compact CTPD,859,044974,Wadsworth City ,049981,Copley-Fairlawn City,Traditional Public District,Career Technical Planning District,2003-04-26T00:00:00,2500-12-31T00:00:00,TRUE,https://oeds.education.ohio.gov/Api/OrgRelationships/GetOrgRelationships/859/0,2026-10-07 09:25:42 EDT,11763
200097,Six District Voc Ed Compact CTPD,865,050021,Hudson City,043836,Cuyahoga Falls City School District,Traditional Public District,Career Technical Planning District,2003-04-26T00:00:00,2500-12-31T00:00:00,TRUE,https://oeds.education.ohio.gov/Api/OrgRelationships/GetOrgRelationships/865/0,2026-10-07 09:25:42 EDT,11162
200097,Six District Voc Ed Compact CTPD,865,050021,Hudson City,044164,Kent City,Traditional Public District,Career Technical Planning District,2003-04-26T00:00:00,2500-12-31T00:00:00,TRUE,https://oeds.education.ohio.gov/Api/OrgRelationships/GetOrgRelationships/865/0,2026-10-07 09:25:42 EDT,11195
200097,Six District Voc Ed Compact CTPD,865,050021,Hudson City,044834,Stow-Munroe Falls City School District,Traditional Public District,Career Technical Planning District,2003-04-26T00:00:00,2500-12-31T00:00:00,TRUE,https://oeds.education.ohio.gov/Api/OrgRelationships/GetOrgRelationships/865/0,2026-10-07 09:25:42 EDT,11262
200097,Six District Voc Ed Compact CTPD,865,050021,Hudson City,044883,Tallmadge City,Traditional Public District,Career Technical Planning District,2003-04-26T00:00:00,2500-12-31T00:00:00,TRUE,https://oeds.education.ohio.gov/Api/OrgRelationships/GetOrgRelationships/865/0,2026-10-07 09:25:42 EDT,11267
200097,Six District Voc Ed Compact CTPD,865,050021,Hudson City,049973,Woodridge Local,Traditional Public District,Career Technical Planning District,2003-04-26T00:00:00,2500-12-31T00:00:00,TRUE,https://oeds.education.ohio.gov/Api/OrgRelationships/GetOrgRelationships/865/0,2026-10-07 09:25:42 EDT,11762
200097,Six District Voc Ed Compact CTPD,865,050021,Hudson City,050021,Hudson City,Traditional Public District,Career Technical Planning District,2003-04-26T00:00:00,2500-12-31T00:00:00,TRUE,https://oeds.education.ohio.gov/Api/OrgRelationships/GetOrgRelationships/865/0,2026-10-07 09:25:42 EDT,11767
200098,Portage Lakes JVSD CTPD,872,063495,Portage Lakes ,049999,Coventry Local,Traditional Public District,Career Technical Planning District,2003-04-26T00:00:00,2500-12-31T00:00:00,TRUE,https://oeds.education.ohio.gov/Api/OrgRelationships/GetOrgRelationships/872/0,2026-10-07 09:25:42 EDT,11764
200098,Portage Lakes JVSD CTPD,872,063495,Portage Lakes ,050005,Manchester Local,Traditional Public District,Career Technical Planning District,2003-04-26T00:00:00,2500-12-31T00:00:00,TRUE,https://oeds.education.ohio.gov/Api/OrgRelationships/GetOrgRelationships/872/0,2026-10-07 09:25:42 EDT,11765
200098,Portage Lakes JVSD CTPD,872,063495,Portage Lakes ,050013,Green Local,Traditional Public District,Career Technical Planning District,2003-04-26T00:00:00,2500-12-31T00:00:00,TRUE,https://oeds.education.ohio.gov/Api/OrgRelationships/GetOrgRelationships/872/0,2026-10-07 09:25:42 EDT,11766
200098,Portage Lakes JVSD CTPD,872,063495,Portage Lakes ,050062,Springfield Local,Traditional Public District,Career Technical Planning District,2003-04-26T00:00:00,2500-12-31T00:00:00,TRUE,https://oeds.education.ohio.gov/Api/OrgRelationships/GetOrgRelationships/872/0,2026-10-07 09:25:42 EDT,11771
200099,Trumbull County JVSD CTPD,894,051631,Trumbull Career & Tech Ctr,044065,Girard City School District,Traditional Public District,Career Technical Planning District,2003-04-26T00:00:00,2500-12-31T00:00:00,TRUE,https://oeds.education.ohio.gov/Api/OrgRelationships/GetOrgRelationships/894/0,2026-10-07 09:25:42 EDT,11185
200099,Trumbull County JVSD CTPD,894,051631,Trumbull Career & Tech Ctr,044495,Niles City,Traditional Public District,Career Technical Planning District,2003-04-26T00:00:00,2500-12-31T00:00:00,TRUE,https://oeds.education.ohio.gov/Api/OrgRelationships/GetOrgRelationships/894/0,2026-10-07 09:25:42 EDT,11228
200099,Trumbull County JVSD CTPD,894,051631,Trumbull Career & Tech Ctr,044990,Warren City,Traditional Public District,Career Technical Planning District,2003-04-26T00:00:00,2500-12-31T00:00:00,TRUE,https://oeds.education.ohio.gov/Api/OrgRelationships/GetOrgRelationships/894/0,2026-10-07 09:25:42 EDT,11278
200099,Trumbull County JVSD CTPD,894,051631,Trumbull Career & Tech Ctr,045427,Hubbard Exempted Village,Traditional Public District,Career Technical Planning District,2003-04-26T00:00:00,2500-12-31T00:00:00,TRUE,https://oeds.education.ohio.gov/Api/OrgRelationships/GetOrgRelationships/894/0,2026-10-07 09:25:42 EDT,11321
200099,Trumbull County JVSD CTPD,894,051631,Trumbull Career & Tech Ctr,045567,Newton Falls Exempted Village,Traditional Public District,Career Technical Planning District,2003-04-26T00:00:00,2500-12-31T00:00:00,TRUE,https://oeds.education.ohio.gov/Api/OrgRelationships/GetOrgRelationships/894/0,2026-10-07 09:25:42 EDT,11335
200099,Trumbull County JVSD CTPD,894,051631,Trumbull Career & Tech Ctr,050096,Bloomfield-Mespo Local,Traditional Public District,Career Technical Planning District,2003-04-26T00:00:00,2500-12-31T00:00:00,TRUE,https://oeds.education.ohio.gov/Api/OrgRelationships/GetOrgRelationships/894/0,2026-10-07 09:25:42 EDT,11774
200099,Trumbull County JVSD CTPD,894,051631,Trumbull Career & Tech Ctr,050112,Bristol Local,Traditional Public District,Career Technical Planning District,2003-04-26T00:00:00,2500-12-31T00:00:00,TRUE,https://oeds.education.ohio.gov/Api/OrgRelationships/GetOrgRelationships/894/0,2026-10-07 09:25:42 EDT,11775
200099,Trumbull County JVSD CTPD,894,051631,Trumbull Career & Tech Ctr,050120,Brookfield Local,Traditional Public District,Career Technical Planning District,2003-04-26T00:00:00,2500-12-31T00:00:00,TRUE,https://oeds.education.ohio.gov/Api/OrgRelationships/GetOrgRelationships/894/0,2026-10-07 09:25:42 EDT,11776
200099,Trumbull County JVSD CTPD,894,051631,Trumbull Career & Tech Ctr,050138,Champion Local,Traditional Public District,Career Technical Planning District,2003-04-26T00:00:00,2500-12-31T00:00:00,TRUE,https://oeds.education.ohio.gov/Api/OrgRelationships/GetOrgRelationships/894/0,2026-10-07 09:25:42 EDT,11777
200099,Trumbull County JVSD CTPD,894,051631,Trumbull Career & Tech Ctr,050153,Mathews Local,Traditional Public District,Career Technical Planning District,2003-04-26T00:00:00,2500-12-31T00:00:00,TRUE,https://oeds.education.ohio.gov/Api/OrgRelationships/GetOrgRelationships/894/0,2026-10-07 09:25:42 EDT,11779
200099,Trumbull County JVSD CTPD,894,051631,Trumbull Career & Tech Ctr,050161,Howland Local,Traditional Public District,Career Technical Planning District,2003-04-26T00:00:00,2500-12-31T00:00:00,TRUE,https://oeds.education.ohio.gov/Api/OrgRelationships/GetOrgRelationships/894/0,2026-10-07 09:25:42 EDT,11780
200099,Trumbull County JVSD CTPD,894,051631,Trumbull Career & Tech Ctr,050179,Joseph Badger Local,Traditional Public District,Career Technical Planning District,2003-04-26T00:00:00,2500-12-31T00:00:00,TRUE,https://oeds.education.ohio.gov/Api/OrgRelationships/GetOrgRelationships/894/0,2026-10-07 09:25:42 EDT,11781
200099,Trumbull County JVSD CTPD,894,051631,Trumbull Career & Tech Ctr,050187,Lakeview Local,Traditional Public District,Career Technical Planning District,2003-04-26T00:00:00,2500-12-31T00:00:00,TRUE,https://oeds.education.ohio.gov/Api/OrgRelationships/GetOrgRelationships/894/0,2026-10-07 09:25:42 EDT,11782
200099,Trumbull County JVSD CTPD,894,051631,Trumbull Career & Tech Ctr,050195,Liberty Local,Traditional Public District,Career Technical Planning District,2003-04-26T00:00:00,2500-12-31T00:00:00,TRUE,https://oeds.education.ohio.gov/Api/OrgRelationships/GetOrgRelationships/894/0,2026-10-07 09:25:42 EDT,11783
200099,Trumbull County JVSD CTPD,894,051631,Trumbull Career & Tech Ctr,050203,Lordstown Local,Traditional Public District,Career Technical Planning District,2003-04-26T00:00:00,2500-12-31T00:00:00,TRUE,https://oeds.education.ohio.gov/Api/OrgRelationships/GetOrgRelationships/894/0,2026-10-07 09:25:42 EDT,11784
200099,Trumbull County JVSD CTPD,894,051631,Trumbull Career & Tech Ctr,050211,Maplewood Local,Traditional Public District,Career Technical Planning District,2003-04-26T00:00:00,2500-12-31T00:00:00,TRUE,https://oeds.education.ohio.gov/Api/OrgRelationships/GetOrgRelationships/894/0,2026-10-07 09:25:42 EDT,11785
200099,Trumbull County JVSD CTPD,894,051631,Trumbull Career & Tech Ctr,050229,McDonald Local,Traditional Public District,Career Technical Planning District,2003-04-26T00:00:00,2500-12-31T00:00:00,TRUE,https://oeds.education.ohio.gov/Api/OrgRelationships/GetOrgRelationships/894/0,2026-10-07 09:25:42 EDT,11786
200099,Trumbull County JVSD CTPD,894,051631,Trumbull Career & Tech Ctr,050237,Southington Local,Traditional Public District,Career Technical Planning District,2003-04-26T00:00:00,2500-12-31T00:00:00,TRUE,https://oeds.education.ohio.gov/Api/OrgRelationships/GetOrgRelationships/894/0,2026-10-07 09:25:42 EDT,11787
200099,Trumbull County JVSD CTPD,894,051631,Trumbull Career & Tech Ctr,050245,LaBrae Local,Traditional Public District,Career Technical Planning District,2003-04-26T00:00:00,2500-12-31T00:00:00,TRUE,https://oeds.education.ohio.gov/Api/OrgRelationships/GetOrgRelationships/894/0,2026-10-07 09:25:42 EDT,11788
200099,Trumbull County JVSD CTPD,894,051631,Trumbull Career & Tech Ctr,050252,Weathersfield Local,Traditional Public District,Career Technical Planning District,2003-04-26T00:00:00,2500-12-31T00:00:00,TRUE,https://oeds.education.ohio.gov/Api/OrgRelationships/GetOrgRelationships/894/0,2026-10-07 09:25:42 EDT,11789
200101,Buckeye JVSD CTPD,911,051656,Buckeye,043778,Claymont City,Traditional Public District,Career Technical Planning District,2003-04-26T00:00:00,2500-12-31T00:00:00,TRUE,https://oeds.education.ohio.gov/Api/OrgRelationships/GetOrgRelationships/911/0,2026-10-07 09:25:42 EDT,11156
200101,Buckeye JVSD CTPD,911,051656,Buckeye,043893,Dover City,Traditional Public District,Career Technical Planning District,2003-04-26T00:00:00,2500-12-31T00:00:00,TRUE,https://oeds.education.ohio.gov/Api/OrgRelationships/GetOrgRelationships/911/0,2026-10-07 09:25:42 EDT,11168
200101,Buckeye JVSD CTPD,911,051656,Buckeye,044487,New Philadelphia City,Traditional Public District,Career Technical Planning District,2003-04-26T00:00:00,2500-12-31T00:00:00,TRUE,https://oeds.education.ohio.gov/Api/OrgRelationships/GetOrgRelationships/911/0,2026-10-07 09:25:42 EDT,11227
200101,Buckeye JVSD CTPD,911,051656,Buckeye,045278,Carrollton Exempted Village,Traditional Public District,Career Technical Planning District,2003-04-26T00:00:00,2500-12-31T00:00:00,TRUE,https://oeds.education.ohio.gov/Api/OrgRelationships/GetOrgRelationships/911/0,2026-10-07 09:25:42 EDT,11306
200101,Buckeye JVSD CTPD,911,051656,Buckeye,045542,Newcomerstown Exempted Village,Traditional Public District,Career Technical Planning District,2003-04-26T00:00:00,2500-12-31T00:00:00,TRUE,https://oeds.education.ohio.gov/Api/OrgRelationships/GetOrgRelationships/911/0,2026-10-07 09:25:42 EDT,11333
200101,Buckeye JVSD CTPD,911,051656,Buckeye,047548,Conotton Valley Union Local,Traditional Public District,Career Technical Planning District,2003-04-26T00:00:00,2500-12-31T00:00:00,TRUE,https://oeds.education.ohio.gov/Api/OrgRelationships/GetOrgRelationships/911/0,2026-10-07 09:25:42 EDT,11525
200101,Buckeye JVSD CTPD,911,051656,Buckeye,047688,East Holmes Local,Traditional Public District,Career Technical Planning District,2003-04-26T00:00:00,2500-12-31T00:00:00,TRUE,https://oeds.education.ohio.gov/Api/OrgRelationships/GetOrgRelationships/911/0,2026-10-07 09:25:42 EDT,11538
200101,Buckeye JVSD CTPD,911,051656,Buckeye,050278,Garaway Local,Traditional Public District,Career Technical Planning District,2003-04-26T00:00:00,2500-12-31T00:00:00,TRUE,https://oeds.education.ohio.gov/Api/OrgRelationships/GetOrgRelationships/911/0,2026-10-07 09:25:42 EDT,11791
200101,Buckeye JVSD CTPD,911,051656,Buckeye,050286,Indian Valley Local,Traditional Public District,Career Technical Planning District,2003-04-26T00:00:00,2500-12-31T00:00:00,TRUE,https://oeds.education.ohio.gov/Api/OrgRelationships/GetOrgRelationships/911/0,2026-10-07 09:25:42 EDT,11792
200101,Buckeye JVSD CTPD,911,051656,Buckeye,050294,Strasburg-Franklin Local,Traditional Public District,Career Technical Planning District,2003-04-26T00:00:00,2500-12-31T00:00:00,TRUE,https://oeds.education.ohio.gov/Api/OrgRelationships/GetOrgRelationships/911/0,2026-10-07 09:25:42 EDT,11793
200101,Buckeye JVSD CTPD,911,051656,Buckeye,050302,Tuscarawas Valley Local,Traditional Public District,Career Technical Planning District,2003-04-26T00:00:00,2500-12-31T00:00:00,TRUE,https://oeds.education.ohio.gov/Api/OrgRelationships/GetOrgRelationships/911/0,2026-10-07 09:25:42 EDT,11794
200102,Vantage JVSD CTPD,931,051672,Vantage Career Center,043885,Delphos City,Traditional Public District,Career Technical Planning District,2003-04-26T00:00:00,2500-12-31T00:00:00,TRUE,https://oeds.education.ohio.gov/Api/OrgRelationships/GetOrgRelationships/931/0,2026-10-07 09:25:42 EDT,11167
200102,Vantage JVSD CTPD,931,051672,Vantage Career Center,044966,Van Wert City,Traditional Public District,Career Technical Planning District,2003-04-26T00:00:00,2500-12-31T00:00:00,TRUE,https://oeds.education.ohio.gov/Api/OrgRelationships/GetOrgRelationships/931/0,2026-10-07 09:25:42 EDT,11275
200102,Vantage JVSD CTPD,931,051672,Vantage Career Center,045575,Paulding Exempted Village,Traditional Public District,Career Technical Planning District,2003-04-26T00:00:00,2500-12-31T00:00:00,TRUE,https://oeds.education.ohio.gov/Api/OrgRelationships/GetOrgRelationships/931/0,2026-10-07 09:25:42 EDT,11336
200102,Vantage JVSD CTPD,931,051672,Vantage Career Center,048579,Parkway Local,Traditional Public District,Career Technical Planning District,2003-04-26T00:00:00,2500-12-31T00:00:00,TRUE,https://oeds.education.ohio.gov/Api/OrgRelationships/GetOrgRelationships/931/0,2026-10-07 09:25:42 EDT,11627
200102,Vantage JVSD CTPD,931,051672,Vantage Career Center,048991,Antwerp Local,Traditional Public District,Career Technical Planning District,2003-04-26T00:00:00,2500-12-31T00:00:00,TRUE,https://oeds.education.ohio.gov/Api/OrgRelationships/GetOrgRelationships/931/0,2026-10-07 09:25:42 EDT,11668
200102,Vantage JVSD CTPD,931,051672,Vantage Career Center,049031,Wayne Trace Local,Traditional Public District,Career Technical Planning District,2003-04-26T00:00:00,2500-12-31T00:00:00,TRUE,https://oeds.education.ohio.gov/Api/OrgRelationships/GetOrgRelationships/931/0,2026-10-07 09:25:42 EDT,11669
200102,Vantage JVSD CTPD,931,051672,Vantage Career Center,049320,Continental Local,Traditional Public District,Career Technical Planning District,2003-04-26T00:00:00,2500-12-31T00:00:00,TRUE,https://oeds.education.ohio.gov/Api/OrgRelationships/GetOrgRelationships/931/0,2026-10-07 09:25:42 EDT,11698
200102,Vantage JVSD CTPD,931,051672,Vantage Career Center,049338,Jennings Local,Traditional Public District,Career Technical Planning District,2003-04-26T00:00:00,2500-12-31T00:00:00,TRUE,https://oeds.education.ohio.gov/Api/OrgRelationships/GetOrgRelationships/931/0,2026-10-07 09:25:42 EDT,11699
200102,Vantage JVSD CTPD,931,051672,Vantage Career Center,049346,Kalida Local,Traditional Public District,Career Technical Planning District,2003-04-26T00:00:00,2500-12-31T00:00:00,TRUE,https://oeds.education.ohio.gov/Api/OrgRelationships/GetOrgRelationships/931/0,2026-10-07 09:25:42 EDT,11700
200102,Vantage JVSD CTPD,931,051672,Vantage Career Center,049387,Ottoville Local,Traditional Public District,Career Technical Planning District,2003-04-26T00:00:00,2500-12-31T00:00:00,TRUE,https://oeds.education.ohio.gov/Api/OrgRelationships/GetOrgRelationships/931/0,2026-10-07 09:25:42 EDT,11704
200102,Vantage JVSD CTPD,931,051672,Vantage Career Center,050351,Crestview Local,Traditional Public District,Career Technical Planning District,2003-04-26T00:00:00,2500-12-31T00:00:00,TRUE,https://oeds.education.ohio.gov/Api/OrgRelationships/GetOrgRelationships/931/0,2026-10-07 09:25:42 EDT,11799
200102,Vantage JVSD CTPD,931,051672,Vantage Career Center,050369,Lincolnview Local,Traditional Public District,Career Technical Planning District,2003-04-26T00:00:00,2500-12-31T00:00:00,TRUE,https://oeds.education.ohio.gov/Api/OrgRelationships/GetOrgRelationships/931/0,2026-10-07 09:25:42 EDT,11800
200103,Warren County JVSD CTPD,940,051474,Warren County Vocational School,044008,Franklin City,Traditional Public District,Career Technical Planning District,2003-04-26T00:00:00,2500-12-31T00:00:00,TRUE,https://oeds.education.ohio.gov/Api/OrgRelationships/GetOrgRelationships/940/0,2026-10-07 09:25:42 EDT,11179
200103,Warren County JVSD CTPD,940,051474,Warren County Vocational School,044214,Lebanon City,Traditional Public District,Career Technical Planning District,2003-04-26T00:00:00,2500-12-31T00:00:00,TRUE,https://oeds.education.ohio.gov/Api/OrgRelationships/GetOrgRelationships/940/0,2026-10-07 09:25:42 EDT,11200
200103,Warren County JVSD CTPD,940,051474,Warren County Vocational School,050427,Springboro Community City,Traditional Public District,Career Technical Planning District,2003-04-26T00:00:00,2500-12-31T00:00:00,TRUE,https://oeds.education.ohio.gov/Api/OrgRelationships/GetOrgRelationships/940/0,2026-10-07 09:25:42 EDT,11806
200103,Warren County JVSD CTPD,940,051474,Warren County Vocational School,050435,Kings Local,Traditional Public District,Career Technical Planning District,2003-04-26T00:00:00,2500-12-31T00:00:00,TRUE,https://oeds.education.ohio.gov/Api/OrgRelationships/GetOrgRelationships/940/0,2026-10-07 09:25:42 EDT,11807
200103,Warren County JVSD CTPD,940,051474,Warren County Vocational School,050443,Little Miami Local,Traditional Public District,Career Technical Planning District,2003-04-26T00:00:00,2500-12-31T00:00:00,TRUE,https://oeds.education.ohio.gov/Api/OrgRelationships/GetOrgRelationships/940/0,2026-10-07 09:25:42 EDT,11808
200103,Warren County JVSD CTPD,940,051474,Warren County Vocational School,050468,Wayne Local,Traditional Public District,Career Technical Planning District,2003-04-26T00:00:00,2500-12-31T00:00:00,TRUE,https://oeds.education.ohio.gov/Api/OrgRelationships/GetOrgRelationships/940/0,2026-10-07 09:25:42 EDT,11810
200104,Washington County JVSD CTPD,949,051698,Washington County Career Center District,043604,Belpre City,Traditional Public District,Career Technical Planning District,2003-04-26T00:00:00,2500-12-31T00:00:00,TRUE,https://oeds.education.ohio.gov/Api/OrgRelationships/GetOrgRelationships/949/0,2026-10-07 09:25:42 EDT,11139
200104,Washington County JVSD CTPD,949,051698,Washington County Career Center District,044321,Marietta City,Traditional Public District,Career Technical Planning District,2003-04-26T00:00:00,2500-12-31T00:00:00,TRUE,https://oeds.education.ohio.gov/Api/OrgRelationships/GetOrgRelationships/949/0,2026-10-07 09:25:42 EDT,11211
200104,Washington County JVSD CTPD,949,051698,Washington County Career Center District,050484,Fort Frye Local,Traditional Public District,Career Technical Planning District,2003-04-26T00:00:00,2500-12-31T00:00:00,TRUE,https://oeds.education.ohio.gov/Api/OrgRelationships/GetOrgRelationships/949/0,2026-10-07 09:25:42 EDT,11812
200104,Washington County JVSD CTPD,949,051698,Washington County Career Center District,050492,Frontier Local,Traditional Public District,Career Technical Planning District,2003-04-26T00:00:00,2500-12-31T00:00:00,TRUE,https://oeds.education.ohio.gov/Api/OrgRelationships/GetOrgRelationships/949/0,2026-10-07 09:25:42 EDT,11813
200104,Washington County JVSD CTPD,949,051698,Washington County Career Center District,050500,Warren Local,Traditional Public District,Career Technical Planning District,2003-04-26T00:00:00,2500-12-31T00:00:00,TRUE,https://oeds.education.ohio.gov/Api/OrgRelationships/GetOrgRelationships/949/0,2026-10-07 09:25:42 EDT,11814
200104,Washington County JVSD CTPD,949,051698,Washington County Career Center District,050518,Wolf Creek Local,Traditional Public District,Career Technical Planning District,2003-04-26T00:00:00,2500-12-31T00:00:00,TRUE,https://oeds.education.ohio.gov/Api/OrgRelationships/GetOrgRelationships/949/0,2026-10-07 09:25:42 EDT,11815
200105,Wayne County JVSD CTPD,962,051714,Wayne County JVSD,044610,Orrville City,Traditional Public District,Career Technical Planning District,2003-04-26T00:00:00,2500-12-31T00:00:00,TRUE,https://oeds.education.ohio.gov/Api/OrgRelationships/GetOrgRelationships/962/0,2026-10-07 09:25:42 EDT,11240
200105,Wayne County JVSD CTPD,962,051714,Wayne County JVSD,045120,Wooster City,Traditional Public District,Career Technical Planning District,2003-04-26T00:00:00,2500-12-31T00:00:00,TRUE,https://oeds.education.ohio.gov/Api/OrgRelationships/GetOrgRelationships/962/0,2026-10-07 09:25:42 EDT,11291
200105,Wayne County JVSD CTPD,962,051714,Wayne County JVSD,045591,Rittman Exempted Village,Traditional Public District,Career Technical Planning District,2003-04-26T00:00:00,2500-12-31T00:00:00,TRUE,https://oeds.education.ohio.gov/Api/OrgRelationships/GetOrgRelationships/962/0,2026-10-07 09:25:42 EDT,11338
200105,Wayne County JVSD CTPD,962,051714,Wayne County JVSD,050534,Chippewa Local,Traditional Public District,Career Technical Planning District,2003-04-26T00:00:00,2500-12-31T00:00:00,TRUE,https://oeds.education.ohio.gov/Api/OrgRelationships/GetOrgRelationships/962/0,2026-10-07 09:25:42 EDT,11817
200105,Wayne County JVSD CTPD,962,051714,Wayne County JVSD,050542,Dalton Local,Traditional Public District,Career Technical Planning District,2003-04-26T00:00:00,2500-12-31T00:00:00,TRUE,https://oeds.education.ohio.gov/Api/OrgRelationships/GetOrgRelationships/962/0,2026-10-07 09:25:42 EDT,11818
200105,Wayne County JVSD CTPD,962,051714,Wayne County JVSD,050559,Green Local,Traditional Public District,Career Technical Planning District,2003-04-26T00:00:00,2500-12-31T00:00:00,TRUE,https://oeds.education.ohio.gov/Api/OrgRelationships/GetOrgRelationships/962/0,2026-10-07 09:25:42 EDT,11819
200105,Wayne County JVSD CTPD,962,051714,Wayne County JVSD,050567,Norwayne Local,Traditional Public District,Career Technical Planning District,2003-04-26T00:00:00,2500-12-31T00:00:00,TRUE,https://oeds.education.ohio.gov/Api/OrgRelationships/GetOrgRelationships/962/0,2026-10-07 09:25:42 EDT,11820
200105,Wayne County JVSD CTPD,962,051714,Wayne County JVSD,050575,Northwestern Local,Traditional Public District,Career Technical Planning District,2003-04-26T00:00:00,2500-12-31T00:00:00,TRUE,https://oeds.education.ohio.gov/Api/OrgRelationships/GetOrgRelationships/962/0,2026-10-07 09:25:42 EDT,11821
200105,Wayne County JVSD CTPD,962,051714,Wayne County JVSD,050583,Waynedale Local,Traditional Public District,Career Technical Planning District,2003-04-26T00:00:00,2500-12-31T00:00:00,TRUE,https://oeds.education.ohio.gov/Api/OrgRelationships/GetOrgRelationships/962/0,2026-10-07 09:25:42 EDT,11822
200105,Wayne County JVSD CTPD,962,051714,Wayne County JVSD,050591,Triway Local,Traditional Public District,Career Technical Planning District,2003-04-26T00:00:00,2500-12-31T00:00:00,TRUE,https://oeds.education.ohio.gov/Api/OrgRelationships/GetOrgRelationships/962/0,2026-10-07 09:25:42 EDT,11823
200107,Ohio Valley Local CTPD,965,061903,Adams County Ohio Valley Local,000442,Manchester Local,Traditional Public District,Career Technical Planning District,2004-06-30T00:00:00,2500-12-31T00:00:00,TRUE,https://oeds.education.ohio.gov/Api/OrgRelationships/GetOrgRelationships/965/0,2026-10-07 09:25:42 EDT,22012
200107,Ohio Valley Local CTPD,965,061903,Adams County Ohio Valley Local,061903,Adams County Ohio Valley Local,Traditional Public District,Career Technical Planning District,2003-04-26T00:00:00,2500-12-31T00:00:00,TRUE,https://oeds.education.ohio.gov/Api/OrgRelationships/GetOrgRelationships/965/0,2026-10-07 09:25:42 EDT,11902
200108,Coshocton County JVSD CTPD,971,065227,Coshocton County,043828,Coshocton City,Traditional Public District,Career Technical Planning District,2003-04-26T00:00:00,2500-12-31T00:00:00,TRUE,https://oeds.education.ohio.gov/Api/OrgRelationships/GetOrgRelationships/971/0,2026-10-07 09:25:42 EDT,11161
200108,Coshocton County JVSD CTPD,971,065227,Coshocton County,046474,Ridgewood Local,Traditional Public District,Career Technical Planning District,2003-04-26T00:00:00,2500-12-31T00:00:00,TRUE,https://oeds.education.ohio.gov/Api/OrgRelationships/GetOrgRelationships/971/0,2026-10-07 09:25:42 EDT,11420
200108,Coshocton County JVSD CTPD,971,065227,Coshocton County,046482,River View Local,Traditional Public District,Career Technical Planning District,2003-04-26T00:00:00,2500-12-31T00:00:00,TRUE,https://oeds.education.ohio.gov/Api/OrgRelationships/GetOrgRelationships/971/0,2026-10-07 09:25:42 EDT,11421
200111,Tri-Rivers JVSD CTPD,987,065268,Tri-Rivers,044339,Marion City,Traditional Public District,Career Technical Planning District,2003-04-26T00:00:00,2500-12-31T00:00:00,TRUE,https://oeds.education.ohio.gov/Api/OrgRelationships/GetOrgRelationships/987/0,2026-10-07 09:25:42 EDT,11212
200111,Tri-Rivers JVSD CTPD,987,065268,Tri-Rivers,045534,Mount Gilead Exempted Village,Traditional Public District,Career Technical Planning District,2003-04-26T00:00:00,2500-12-31T00:00:00,TRUE,https://oeds.education.ohio.gov/Api/OrgRelationships/GetOrgRelationships/987/0,2026-10-07 09:25:42 EDT,11332
200111,Tri-Rivers JVSD CTPD,987,065268,Tri-Rivers,048413,Elgin Local,Traditional Public District,Career Technical Planning District,2003-04-26T00:00:00,2500-12-31T00:00:00,TRUE,https://oeds.education.ohio.gov/Api/OrgRelationships/GetOrgRelationships/987/0,2026-10-07 09:25:42 EDT,11611
200111,Tri-Rivers JVSD CTPD,987,065268,Tri-Rivers,048421,Pleasant Local,Traditional Public District,Career Technical Planning District,2003-04-26T00:00:00,2500-12-31T00:00:00,TRUE,https://oeds.education.ohio.gov/Api/OrgRelationships/GetOrgRelationships/987/0,2026-10-07 09:25:42 EDT,11612
200111,Tri-Rivers JVSD CTPD,987,065268,Tri-Rivers,048439,Ridgedale Local,Traditional Public District,Career Technical Planning District,2003-04-26T00:00:00,2500-12-31T00:00:00,TRUE,https://oeds.education.ohio.gov/Api/OrgRelationships/GetOrgRelationships/987/0,2026-10-07 09:25:42 EDT,11613
200111,Tri-Rivers JVSD CTPD,987,065268,Tri-Rivers,048447,River Valley Local,Traditional Public District,Career Technical Planning District,2003-04-26T00:00:00,2500-12-31T00:00:00,TRUE,https://oeds.education.ohio.gov/Api/OrgRelationships/GetOrgRelationships/987/0,2026-10-07 09:25:42 EDT,11614
200111,Tri-Rivers JVSD CTPD,987,065268,Tri-Rivers,048793,Cardington-Lincoln Local,Traditional Public District,Career Technical Planning District,2003-04-26T00:00:00,2500-12-31T00:00:00,TRUE,https://oeds.education.ohio.gov/Api/OrgRelationships/GetOrgRelationships/987/0,2026-10-07 09:25:42 EDT,11649
200111,Tri-Rivers JVSD CTPD,987,065268,Tri-Rivers,048801,Highland Local,Traditional Public District,Career Technical Planning District,2003-04-26T00:00:00,2500-12-31T00:00:00,TRUE,https://oeds.education.ohio.gov/Api/OrgRelationships/GetOrgRelationships/987/0,2026-10-07 09:25:42 EDT,11650
200111,Tri-Rivers JVSD CTPD,987,065268,Tri-Rivers,050336,North Union Local School District,Traditional Public District,Career Technical Planning District,2003-04-26T00:00:00,2500-12-31T00:00:00,TRUE,https://oeds.education.ohio.gov/Api/OrgRelationships/GetOrgRelationships/987/0,2026-10-07 09:25:42 EDT,11797
200115,Canton Local CTPD,990,049833,Canton Local,049833,Canton Local,Traditional Public District,Career Technical Planning District,2003-04-26T00:00:00,2500-12-31T00:00:00,TRUE,https://oeds.education.ohio.gov/Api/OrgRelationships/GetOrgRelationships/990/0,2026-10-07 09:25:42 EDT,11748
200115,Canton Local CTPD,990,049833,Canton Local,049916,Osnaburg Local,Traditional Public District,Career Technical Planning District,2003-04-26T00:00:00,2500-12-31T00:00:00,TRUE,https://oeds.education.ohio.gov/Api/OrgRelationships/GetOrgRelationships/990/0,2026-10-07 09:25:42 EDT,11756
200115,Canton Local CTPD,990,049833,Canton Local,049924,Perry Local,Traditional Public District,Career Technical Planning District,2006-07-05T00:00:00,2500-12-31T00:00:00,TRUE,https://oeds.education.ohio.gov/Api/OrgRelationships/GetOrgRelationships/990/0,2026-10-07 09:25:42 EDT,11757
200115,Canton Local CTPD,990,049833,Canton Local,049940,Sandy Valley Local,Traditional Public District,Career Technical Planning District,2003-04-26T00:00:00,2500-12-31T00:00:00,TRUE,https://oeds.education.ohio.gov/Api/OrgRelationships/GetOrgRelationships/990/0,2026-10-07 09:25:42 EDT,11759
200116,Millstream Career Cooperative CTPD,1006,043984,Findlay City,043984,Findlay City,Traditional Public District,Career Technical Planning District,2003-04-26T00:00:00,2500-12-31T00:00:00,TRUE,https://oeds.education.ohio.gov/Api/OrgRelationships/GetOrgRelationships/1006/0,2026-10-07 09:25:42 EDT,11177
200116,Millstream Career Cooperative CTPD,1006,043984,Findlay City,045260,Carey Exempted Village Schools,Traditional Public District,Career Technical Planning District,2003-04-26T00:00:00,2500-12-31T00:00:00,TRUE,https://oeds.education.ohio.gov/Api/OrgRelationships/GetOrgRelationships/1006/0,2026-10-07 09:25:42 EDT,11305
200116,Millstream Career Cooperative CTPD,1006,043984,Findlay City,047415,Arcadia Local,Traditional Public District,Career Technical Planning District,2003-04-26T00:00:00,2500-12-31T00:00:00,TRUE,https://oeds.education.ohio.gov/Api/OrgRelationships/GetOrgRelationships/1006/0,2026-10-07 09:25:42 EDT,11512
200116,Millstream Career Cooperative CTPD,1006,043984,Findlay City,047423,Arlington Local,Traditional Public District,Career Technical Planning District,2003-04-26T00:00:00,2500-12-31T00:00:00,TRUE,https://oeds.education.ohio.gov/Api/OrgRelationships/GetOrgRelationships/1006/0,2026-10-07 09:25:42 EDT,11513
200116,Millstream Career Cooperative CTPD,1006,043984,Findlay City,047431,Cory-Rawson Local,Traditional Public District,Career Technical Planning District,2003-04-26T00:00:00,2500-12-31T00:00:00,TRUE,https://oeds.education.ohio.gov/Api/OrgRelationships/GetOrgRelationships/1006/0,2026-10-07 09:25:42 EDT,11514
200116,Millstream Career Cooperative CTPD,1006,043984,Findlay City,047449,Liberty-Benton Local,Traditional Public District,Career Technical Planning District,2003-04-26T00:00:00,2500-12-31T00:00:00,TRUE,https://oeds.education.ohio.gov/Api/OrgRelationships/GetOrgRelationships/1006/0,2026-10-07 09:25:42 EDT,11515
200116,Millstream Career Cooperative CTPD,1006,043984,Findlay City,047456,McComb Local,Traditional Public District,Career Technical Planning District,2003-04-26T00:00:00,2500-12-31T00:00:00,TRUE,https://oeds.education.ohio.gov/Api/OrgRelationships/GetOrgRelationships/1006/0,2026-10-07 09:25:42 EDT,11516
200116,Millstream Career Cooperative CTPD,1006,043984,Findlay City,047464,Van Buren Local,Traditional Public District,Career Technical Planning District,2003-04-26T00:00:00,2500-12-31T00:00:00,TRUE,https://oeds.education.ohio.gov/Api/OrgRelationships/GetOrgRelationships/1006/0,2026-10-07 09:25:42 EDT,11517
200116,Millstream Career Cooperative CTPD,1006,043984,Findlay City,047472,Vanlue Local,Traditional Public District,Career Technical Planning District,2003-04-26T00:00:00,2500-12-31T00:00:00,TRUE,https://oeds.education.ohio.gov/Api/OrgRelationships/GetOrgRelationships/1006/0,2026-10-07 09:25:42 EDT,11518
200116,Millstream Career Cooperative CTPD,1006,043984,Findlay City,047514,Riverdale Local,Traditional Public District,Career Technical Planning District,2003-04-26T00:00:00,2500-12-31T00:00:00,TRUE,https://oeds.education.ohio.gov/Api/OrgRelationships/GetOrgRelationships/1006/0,2026-10-07 09:25:42 EDT,11522
200116,Millstream Career Cooperative CTPD,1006,043984,Findlay City,049353,Leipsic Local,Traditional Public District,Career Technical Planning District,2003-04-26T00:00:00,2500-12-31T00:00:00,TRUE,https://oeds.education.ohio.gov/Api/OrgRelationships/GetOrgRelationships/1006/0,2026-10-07 09:25:42 EDT,11701
200116,Millstream Career Cooperative CTPD,1006,043984,Findlay City,049361,Miller City-New Cleveland Local,Traditional Public District,Career Technical Planning District,2003-04-26T00:00:00,2500-12-31T00:00:00,TRUE,https://oeds.education.ohio.gov/Api/OrgRelationships/GetOrgRelationships/1006/0,2026-10-07 09:25:42 EDT,11702
200116,Millstream Career Cooperative CTPD,1006,043984,Findlay City,049379,Ottawa-Glandorf Local,Traditional Public District,Career Technical Planning District,2003-04-26T00:00:00,2500-12-31T00:00:00,TRUE,https://oeds.education.ohio.gov/Api/OrgRelationships/GetOrgRelationships/1006/0,2026-10-07 09:25:42 EDT,11703
200116,Millstream Career Cooperative CTPD,1006,043984,Findlay City,049395,Pandora-Gilboa Local,Traditional Public District,Career Technical Planning District,2003-04-26T00:00:00,2500-12-31T00:00:00,TRUE,https://oeds.education.ohio.gov/Api/OrgRelationships/GetOrgRelationships/1006/0,2026-10-07 09:25:42 EDT,11705
200117,Greenville City CTPD,1007,044099,Greenville City ,044099,Greenville City,Traditional Public District,Career Technical Planning District,2003-04-26T00:00:00,2500-12-31T00:00:00,TRUE,https://oeds.education.ohio.gov/Api/OrgRelationships/GetOrgRelationships/1007/0,2026-10-07 09:25:42 EDT,11188
200119,Lancaster City CTPD,1008,044206,Lancaster City,044206,Lancaster City,Traditional Public District,Career Technical Planning District,2003-04-26T00:00:00,2500-12-31T00:00:00,TRUE,https://oeds.education.ohio.gov/Api/OrgRelationships/GetOrgRelationships/1008/0,2026-10-07 09:25:42 EDT,11199
200120,Centerville-Kettering-Oakwood CTPD,1011,044180,Kettering City School District,043737,Centerville City,Traditional Public District,Career Technical Planning District,2003-04-26T00:00:00,2500-12-31T00:00:00,TRUE,https://oeds.education.ohio.gov/Api/OrgRelationships/GetOrgRelationships/1011/0,2026-10-07 09:25:42 EDT,11152
200120,Centerville-Kettering-Oakwood CTPD,1011,044180,Kettering City School District,044180,Kettering City School District,Traditional Public District,Career Technical Planning District,2003-04-26T00:00:00,2500-12-31T00:00:00,TRUE,https://oeds.education.ohio.gov/Api/OrgRelationships/GetOrgRelationships/1011/0,2026-10-07 09:25:42 EDT,11197
200120,Centerville-Kettering-Oakwood CTPD,1011,044180,Kettering City School District,044586,Oakwood City,Traditional Public District,Career Technical Planning District,2003-04-26T00:00:00,2500-12-31T00:00:00,TRUE,https://oeds.education.ohio.gov/Api/OrgRelationships/GetOrgRelationships/1011/0,2026-10-07 09:25:42 EDT,11237
200121,Tri Star CTPD,1024,043729,Celina City,043729,Celina City,Traditional Public District,Career Technical Planning District,2003-04-26T00:00:00,2500-12-31T00:00:00,TRUE,https://oeds.education.ohio.gov/Api/OrgRelationships/GetOrgRelationships/1024/0,2026-10-07 09:25:42 EDT,11151
200121,Tri Star CTPD,1024,043729,Celina City,044727,St Marys City,Traditional Public District,Career Technical Planning District,2003-04-26T00:00:00,2500-12-31T00:00:00,TRUE,https://oeds.education.ohio.gov/Api/OrgRelationships/GetOrgRelationships/1024/0,2026-10-07 09:25:42 EDT,11251
200121,Tri Star CTPD,1024,043729,Celina City,045310,Coldwater Exempted Village,Traditional Public District,Career Technical Planning District,2003-04-26T00:00:00,2500-12-31T00:00:00,TRUE,https://oeds.education.ohio.gov/Api/OrgRelationships/GetOrgRelationships/1024/0,2026-10-07 09:25:42 EDT,11310
200121,Tri Star CTPD,1024,043729,Celina City,045948,Minster Local,Traditional Public District,Career Technical Planning District,2003-04-26T00:00:00,2500-12-31T00:00:00,TRUE,https://oeds.education.ohio.gov/Api/OrgRelationships/GetOrgRelationships/1024/0,2026-10-07 09:25:42 EDT,11368
200121,Tri Star CTPD,1024,043729,Celina City,045955,New Bremen Local,Traditional Public District,Career Technical Planning District,2003-04-26T00:00:00,2500-12-31T00:00:00,TRUE,https://oeds.education.ohio.gov/Api/OrgRelationships/GetOrgRelationships/1024/0,2026-10-07 09:25:42 EDT,11369
200121,Tri Star CTPD,1024,043729,Celina City,045963,New Knoxville Local,Traditional Public District,Career Technical Planning District,2003-04-26T00:00:00,2500-12-31T00:00:00,TRUE,https://oeds.education.ohio.gov/Api/OrgRelationships/GetOrgRelationships/1024/0,2026-10-07 09:25:42 EDT,11370
200121,Tri Star CTPD,1024,043729,Celina City,048553,Marion Local,Traditional Public District,Career Technical Planning District,2003-04-26T00:00:00,2500-12-31T00:00:00,TRUE,https://oeds.education.ohio.gov/Api/OrgRelationships/GetOrgRelationships/1024/0,2026-10-07 09:25:42 EDT,11625
200121,Tri Star CTPD,1024,043729,Celina City,048587,St Henry Consolidated Local,Traditional Public District,Career Technical Planning District,2003-04-26T00:00:00,2500-12-31T00:00:00,TRUE,https://oeds.education.ohio.gov/Api/OrgRelationships/GetOrgRelationships/1024/0,2026-10-07 09:25:42 EDT,11628
200121,Tri Star CTPD,1024,043729,Celina City,048595,Fort Recovery Local,Traditional Public District,Career Technical Planning District,2003-04-26T00:00:00,2500-12-31T00:00:00,TRUE,https://oeds.education.ohio.gov/Api/OrgRelationships/GetOrgRelationships/1024/0,2026-10-07 09:25:42 EDT,11629
