zcta,zcta_ohio_area_sq_km,primary_ctpd_irn,primary_ctpd_name,primary_overlap_sq_km,primary_pct_of_zcta_ohio,assignment_status
43001,76.5167697831499,200055,Licking County JVSD CTPD,76.51676978314701,0.9999999999999623,assigned
43002,0.9469846084963829,200035,Columbus City CTPD,0.6999472099490854,0.7391326149011629,assigned
43003,89.57878134260106,200031,Delaware County JVSD CTPD,89.27307925823162,0.9965873382090312,assigned
43004,32.82928042708574,200036,Eastland JVSD CTPD,23.07492471501086,0.7028763474198153,assigned
43005,5.073355102172315,200051,Knox County JVSD CTPD,5.073355102172404,1,assigned
43006,58.483269793832896,200108,Coshocton County JVSD CTPD,26.691898984883462,0.4564023023845726,assigned
43007,6.211266328431308,200056,Ohio Hi-Point JVSD CTPD,6.211266328431427,1,assigned
43008,5.06499533788085,200055,Licking County JVSD CTPD,5.064871276586495,0.99997550613849,assigned
43009,87.5188759872467,200056,Ohio Hi-Point JVSD CTPD,87.51887598725176,1,assigned
43010,0.5997136801560968,200011,Springfield-Clark County JVSD CTPD,0.5997136801559776,0.9999999999998012,assigned
43011,207.63383161407336,200051,Knox County JVSD CTPD,131.99032609112984,0.6356879563656984,assigned
43013,52.17699757262686,200055,Licking County JVSD CTPD,50.13068331881875,0.9607812954173958,assigned
43014,181.90907841926793,200051,Knox County JVSD CTPD,156.21387965881007,0.8587470236024449,assigned
43015,341.2499983134532,200031,Delaware County JVSD CTPD,338.4229082323118,0.9917154869007659,assigned
43016,49.7439437682727,200037,Tolles Career & Technical Center CTPD,43.03965747290207,0.8652240697560714,assigned
43017,42.84204476647481,200037,Tolles Career & Technical Center CTPD,42.723738996337055,0.9972385592055043,assigned
43018,1.5804784537457972,200055,Licking County JVSD CTPD,1.580478453745775,0.9999999999999859,assigned
43019,288.3814413076088,200051,Knox County JVSD CTPD,201.803161095094,0.6997785994135315,assigned
43021,106.94246393833085,200031,Delaware County JVSD CTPD,106.73016026485696,0.9980147860292773,assigned
43022,109.68511143198111,200051,Knox County JVSD CTPD,95.08050036664316,0.8668496491942328,assigned
43023,130.10415437125496,200055,Licking County JVSD CTPD,130.10415437125963,1,assigned
43025,92.32416077579957,200055,Licking County JVSD CTPD,92.32372285652643,0.9999952567207818,assigned
43026,92.46248668962168,200037,Tolles Career & Technical Center CTPD,91.0289112085981,0.9844955988925994,assigned
43027,0.28260029984860124,200055,Licking County JVSD CTPD,0.282600299848564,0.9999999999998682,assigned
43028,134.110697937681,200051,Knox County JVSD CTPD,134.11069793768294,1,assigned
43029,60.74284119865084,200037,Tolles Career & Technical Center CTPD,60.742841198654176,1,assigned
43030,5.351337195133567,200055,Licking County JVSD CTPD,5.351337195133627,1,assigned
43031,221.10028235873446,200055,Licking County JVSD CTPD,211.28311086707336,0.9555985574196022,assigned
43032,0.04842242297822237,200031,Delaware County JVSD CTPD,0.04842242297813296,0.9999999999981536,assigned
43033,2.006564556678474,200055,Licking County JVSD CTPD,2.0065645566786117,1,assigned
43035,55.18608622932288,200031,Delaware County JVSD CTPD,55.1860862293262,1,assigned
43036,0.44168920087558033,200111,Tri-Rivers JVSD CTPD,0.4416892008757442,1,assigned
43037,8.399307579672534,200055,Licking County JVSD CTPD,4.5493269946608095,0.5416311941797202,assigned
43040,436.7922873793733,200056,Ohio Hi-Point JVSD CTPD,281.4162532065067,0.6442793550566618,assigned
43044,205.9726277102919,200056,Ohio Hi-Point JVSD CTPD,146.9981685129953,0.7136781724208211,assigned
43045,98.45241045194665,200037,Tolles Career & Technical Center CTPD,87.61938858881521,0.8899669209377165,assigned
43046,74.35237418300477,200036,Eastland JVSD CTPD,64.98472260584961,0.8740100544187278,assigned
43047,0.027020485070846974,200056,Ohio Hi-Point JVSD CTPD,0.02702048507085722,1,assigned
43050,400.7779528055111,200051,Knox County JVSD CTPD,337.520976198797,0.842164529850245,assigned
43054,67.193977156608085,200036,Eastland JVSD CTPD,49.81300032365628,0.74133132806766,assigned
43055,295.04233060245036,200055,Licking County JVSD CTPD,288.46465925478367,0.9777060080354041,assigned
43056,226.24884544930975,200055,Licking County JVSD CTPD,204.98544501349534,0.9060176400299979,assigned
43060,67.7585486257794,200056,Ohio Hi-Point JVSD CTPD,67.75854862577864,0.9999999999999889,assigned
43061,118.25527056696713,200031,Delaware County JVSD CTPD,91.18641037477816,0.7710980655457546,assigned
43062,193.2830700576286,200055,Licking County JVSD CTPD,193.27808925309134,0.9999742305182974,assigned
43064,270.117240967219,200037,Tolles Career & Technical Center CTPD,270.11724096721883,0.9999999999999993,assigned
43065,74.72026515644842,200031,Delaware County JVSD CTPD,66.6893984046354,0.8925209013244522,assigned
43066,93.35884200585961,200031,Delaware County JVSD CTPD,87.96857185369257,0.9422628854819265,assigned
43067,86.40692694743319,200056,Ohio Hi-Point JVSD CTPD,63.78514717279576,0.7381948349071632,assigned
43068,51.07369540311825,200036,Eastland JVSD CTPD,33.4350203495215,0.654642670471034,assigned
43070,1.0564283669680263,200056,Ohio Hi-Point JVSD CTPD,1.0564283669679477,0.9999999999999256,assigned
43071,93.06190398804935,200055,Licking County JVSD CTPD,84.2556861512217,0.9053724729513538,assigned
43072,199.52175080070305,200056,Ohio Hi-Point JVSD CTPD,199.50360109831936,0.9999090339659168,assigned
43074,223.03419978664272,200031,Delaware County JVSD CTPD,212.82199140295486,0.9542123656665347,assigned
43076,173.86631460821363,200075,Mid-East Ohio JVSD CTPD,124.65535223947478,0.7169609163245353,assigned
43077,0.4216432017518356,200037,Tolles Career & Technical Center CTPD,0.42164320175190645,1,assigned
43078,389.6829916325271,200056,Ohio Hi-Point JVSD CTPD,384.0866211998303,0.9856386587229493,assigned
43080,190.51752961812056,200055,Licking County JVSD CTPD,175.26734542187603,0.9199539054132578,assigned
43081,68.06421478799979,200035,Columbus City CTPD,52.146481005714456,0.7661365251642961,assigned
43082,62.70050148864502,200031,Delaware County JVSD CTPD,32.03261855478233,0.5108829721335386,assigned
43084,54.04582838048732,200056,Ohio Hi-Point JVSD CTPD,52.931776420446695,0.9793869019418556,assigned
43085,19.333736391359412,200031,Delaware County JVSD CTPD,18.83275292196697,0.974087602145215,assigned
43101,0.7116480542927905,200084,Pickaway-Ross County JVSD CTPD,0.7116480542927757,0.9999999999999791,assigned
43102,148.78315541371754,200036,Eastland JVSD CTPD,142.7715791943466,0.9595950482253539,assigned
43103,218.37454835827697,200036,Eastland JVSD CTPD,212.30553684219532,0.9722082469696766,assigned
43105,146.66173206082053,200036,Eastland JVSD CTPD,130.95282051828855,0.8928901812231598,assigned
43106,101.91011670471566,200044,Great Oaks Career Campuses,101.85814359347275,0.9994900102862848,assigned
43107,77.72281224997097,200036,Eastland JVSD CTPD,71.32541667598167,0.9176896024629926,assigned
43109,0.4297358726600036,200036,Eastland JVSD CTPD,0.4297358726600409,1,assigned
43110,121.64355251153142,200036,Eastland JVSD CTPD,116.6475908377473,0.9589294987639355,assigned
43111,1.0354228495427371,200005,Tri-County JVSD CTPD,1.0354228495427071,0.999999999999971,assigned
43112,92.01198519561109,200036,Eastland JVSD CTPD,91.43437417466015,0.9937224371398685,assigned
43113,423.7894535586501,200084,Pickaway-Ross County JVSD CTPD,399.3206383458087,0.9422618590260526,assigned
43115,115.18395162077367,200084,Pickaway-Ross County JVSD CTPD,114.0542789984597,0.990192447763615,assigned
43116,2.657903188049726,200036,Eastland JVSD CTPD,2.6579031880496227,0.999999999999961,assigned
43117,0.04282845523329824,200084,Pickaway-Ross County JVSD CTPD,0.042828455233305696,1,assigned
43119,83.90987291244514,200038,South-Western City CTPD,55.02515248416573,0.6557649365239909,assigned
43123,156.3501756499113,200038,South-Western City CTPD,150.97275046100117,0.965606529275983,assigned
43125,83.10744975546694,200036,Eastland JVSD CTPD,81.15329228630274,0.9764863742671197,assigned
43126,0.42192852450046686,200038,South-Western City CTPD,0.42192852450047436,1,assigned
43127,2.904447875643462,200005,Tri-County JVSD CTPD,2.9044478756434025,0.9999999999999795,assigned
43128,125.91206028140884,200044,Great Oaks Career Campuses,123.80882779608578,0.9832960204080339,assigned
43130,428.2602602670058,200036,Eastland JVSD CTPD,277.718428375602,0.6484805015586876,assigned
43135,238.45323796956222,200084,Pickaway-Ross County JVSD CTPD,219.61610234730114,0.9210028105189094,assigned
43136,3.0910059700704915,200036,Eastland JVSD CTPD,3.0910059700707087,1,assigned
43137,86.77098251780876,200036,Eastland JVSD CTPD,69.49841138680401,0.8009406989547485,assigned
43138,458.5181073691152,200005,Tri-County JVSD CTPD,456.678475977712,0.995987876243408,assigned
43140,571.4599738012879,200037,Tolles Career & Technical Center CTPD,557.7439236681831,0.9759982312639202,assigned
43142,0.22875217109234958,200044,Great Oaks Career Campuses,0.22875217109233886,0.9999999999999531,assigned
43143,349.60501633236794,200037,Tolles Career & Technical Center CTPD,183.40678487206472,0.5246114223306816,assigned
43144,17.37308000778253,200005,Tri-County JVSD CTPD,17.37308000778316,1,assigned
43145,139.38057465164857,200044,Great Oaks Career Campuses,90.91278677434117,0.65226296420113,assigned
43146,203.65962238360106,200084,Pickaway-Ross County JVSD CTPD,98.45156393559147,0.48341228753804716,assigned
43147,77.5629090786878,200036,Eastland JVSD CTPD,75.04575180960869,0.9675468945275706,assigned
43148,70.0383326508306,200036,Eastland JVSD CTPD,62.91832940829593,0.8983413371927234,assigned
43149,140.5000956148469,200005,Tri-County JVSD CTPD,121.89948042005825,0.8676113698471882,assigned
43150,64.3887469385221,200036,Eastland JVSD CTPD,40.17940924630058,0.6240129084149375,assigned
43151,0.673341126122117,200037,Tolles Career & Technical Center CTPD,0.6733411261222437,1,assigned
43152,123.35452354654807,200005,Tri-County JVSD CTPD,65.13302489132977,0.5280148876482158,assigned
43153,134.4405040064865,200037,Tolles Career & Technical Center CTPD,101.246580976502,0.7530958153178082,assigned
43154,68.3709599415139,200036,Eastland JVSD CTPD,45.404621821844756,0.6640922090414544,assigned
43155,77.979161925964,200036,Eastland JVSD CTPD,55.13799731329743,0.7070863029490786,assigned
43156,0.7492072665764987,200084,Pickaway-Ross County JVSD CTPD,0.7490372789682,0.9997731100379266,assigned
43157,1.012078050435178,200036,Eastland JVSD CTPD,1.0120780504351146,0.9999999999999373,assigned
43158,5.996026186774954,200005,Tri-County JVSD CTPD,5.996026186774611,0.9999999999999428,assigned
43160,552.8402155622869,200044,Great Oaks Career Campuses,523.2297330396573,0.946439347773365,assigned
43162,121.80486508450467,200037,Tolles Career & Technical Center CTPD,121.80416295879085,0.9999942356513155,assigned
43164,163.5718544774146,200084,Pickaway-Ross County JVSD CTPD,163.57185447741247,0.999999999999987,assigned
43201,7.930397014915899,200035,Columbus City CTPD,7.930397014916027,1,assigned
43202,6.725990428406969,200035,Columbus City CTPD,6.725990428406984,1,assigned
43203,3.764649166777501,200035,Columbus City CTPD,3.7646491667775814,1,assigned
43204,25.11026226753986,200035,Columbus City CTPD,17.101437813760104,0.6810537314007749,assigned
43205,6.240531227134913,200035,Columbus City CTPD,6.237070021291874,0.9994453667937773,assigned
43206,7.864062379230105,200035,Columbus City CTPD,7.86406237922991,0.9999999999999752,assigned
43207,62.27775426125902,200035,Columbus City CTPD,34.26440315482136,0.5501868775017171,assigned
43209,16.063662745675682,200035,Columbus City CTPD,9.75516393027145,0.607281420477875,assigned
43210,4.066584847427271,200035,Columbus City CTPD,4.066584847427306,1,assigned
43211,12.225828358294558,200035,Columbus City CTPD,12.225828358294613,1,assigned
43212,9.69473262846601,200035,Columbus City CTPD,9.694732628466479,1,assigned
43213,27.025661456912673,200036,Eastland JVSD CTPD,15.03134163931426,0.5561877426489229,assigned
43214,17.88037674702395,200035,Columbus City CTPD,17.878872573809772,0.9999158757538805,assigned
43215,14.68829034685455,200035,Columbus City CTPD,14.210886806358852,0.9674976781352955,assigned
43217,11.116734901717722,200036,Eastland JVSD CTPD,10.889815848330743,0.9795876167424019,assigned
43218,0.22754656274276971,200035,Columbus City CTPD,0.22754656274283677,1,assigned
43219,41.77107709637285,200035,Columbus City CTPD,38.29157816367659,0.9167007610393078,assigned
43220,17.468753281181964,200035,Columbus City CTPD,16.201596866668922,0.9274615426689852,assigned
43221,25.692492663299845,200035,Columbus City CTPD,17.70622566300129,0.6891595103301733,assigned
43222,3.845644015946515,200035,Columbus City CTPD,3.738582729977168,0.972160375342751,assigned
43223,28.219702311876908,200038,South-Western City CTPD,18.820378083797163,0.6669233387297702,assigned
43224,21.49160953347519,200035,Columbus City CTPD,21.491609533475405,1,assigned
43227,10.76863765611518,200035,Columbus City CTPD,9.98924874871394,0.9276241868015079,assigned
43228,51.956525398494065,200038,South-Western City CTPD,29.293923935193305,0.5638160695026456,assigned
43229,23.57938833543718,200035,Columbus City CTPD,20.42879527701199,0.8663835968259532,assigned
43230,53.63160579819758,200036,Eastland JVSD CTPD,39.441589251805674,0.7354168995091175,assigned
43231,10.840200086837216,200035,Columbus City CTPD,10.840200086836784,0.9999999999999601,assigned
43232,32.87939914928717,200035,Columbus City CTPD,19.848823995269537,0.6036857275021057,assigned
43235,37.02393109859795,200031,Delaware County JVSD CTPD,21.989301667378818,0.5939213102147202,assigned
43240,6.406277468413025,200031,Delaware County JVSD CTPD,6.406277468413174,1,assigned
43302,505.4970508152817,200111,Tri-Rivers JVSD CTPD,485.55831977661626,0.9605561872091882,assigned
43310,173.80305407216704,200056,Ohio Hi-Point JVSD CTPD,173.80305407216701,0.9999999999999999,assigned
43311,269.6936223402116,200056,Ohio Hi-Point JVSD CTPD,269.6936223402175,1,assigned
43314,140.5485907623329,200111,Tri-Rivers JVSD CTPD,123.81474551809825,0.8809390748532547,assigned
43315,217.77430777285238,200111,Tri-Rivers JVSD CTPD,213.58676199568959,0.9807711670858319,assigned
43316,196.74009161909044,200116,Millstream Career Cooperative CTPD,165.10481886925572,0.8392027141520095,assigned
43317,0.564424460585583,200111,Tri-Rivers JVSD CTPD,0.5644244605856686,1,assigned
43318,166.27121181119418,200056,Ohio Hi-Point JVSD CTPD,166.2712118111995,1,assigned
43319,48.687785135367584,200056,Ohio Hi-Point JVSD CTPD,48.68778513536569,0.999999999999961,assigned
43320,81.91843621309077,200111,Tri-Rivers JVSD CTPD,80.71631326939574,0.9853253675330422,assigned
43321,0.3958722933940478,200111,Tri-Rivers JVSD CTPD,0.3958722933940571,1,assigned
43322,0.7602465625838488,200111,Tri-Rivers JVSD CTPD,0.7602465625840052,1,assigned
43323,94.67756508799059,200085,Vanguard-Sentinel JVSD CTPD,78.0601842106851,0.8244844925842593,assigned
43324,78.94041533148241,200056,Ohio Hi-Point JVSD CTPD,78.94041533148312,1,assigned
43325,2.225034649453938,200083,Pioneer CTC JVSD CTPD,2.2250346494541766,1,assigned
43326,483.41284213571174,200056,Ohio Hi-Point JVSD CTPD,420.25486726843303,0.8693498199422101,assigned
43330,0.2853277063803896,200085,Vanguard-Sentinel JVSD CTPD,0.28532770638024063,0.9999999999994779,assigned
43331,91.88784706461482,200056,Ohio Hi-Point JVSD CTPD,91.88784624551249,0.999999991085847,assigned
43332,158.51595550718517,200111,Tri-Rivers JVSD CTPD,133.22013308916124,0.8404209700084272,assigned
43333,78.74563720633041,200056,Ohio Hi-Point JVSD CTPD,69.85554250957671,0.8871036540924832,assigned
43334,171.1863583854145,200111,Tri-Rivers JVSD CTPD,146.74427765656202,0.8572194597783148,assigned
43336,1.4522463783749342,200056,Ohio Hi-Point JVSD CTPD,1.4522463783755526,1,assigned
43337,92.00191322336278,200111,Tri-Rivers JVSD CTPD,74.72650285262883,0.812227705213123,assigned
43338,247.15344235549975,200111,Tri-Rivers JVSD CTPD,159.49622297748053,0.6453327999699267,assigned
43340,126.48589610680693,200056,Ohio Hi-Point JVSD CTPD,100.08048084105063,0.791238263881539,assigned
43341,57.77088302900051,200111,Tri-Rivers JVSD CTPD,57.770883029002306,1,assigned
43342,111.01281758038395,200111,Tri-Rivers JVSD CTPD,107.14122196677378,0.9651247874074833,assigned
43343,92.77398894535386,200056,Ohio Hi-Point JVSD CTPD,86.63631879045025,0.9338427696741718,assigned
43344,255.37365390291447,200111,Tri-Rivers JVSD CTPD,240.5251749232251,0.941855869809756,assigned
43345,73.6706362502191,200056,Ohio Hi-Point JVSD CTPD,73.36834654591844,0.9958967409583114,assigned
43346,2.75898251964955,200056,Ohio Hi-Point JVSD CTPD,2.7589825196498037,1,assigned
43347,79.64727121048391,200056,Ohio Hi-Point JVSD CTPD,79.64727121048224,0.9999999999999791,assigned
43348,7.43235591024759,200056,Ohio Hi-Point JVSD CTPD,7.432355910247713,1,assigned
43350,0.34715022140568497,200111,Tri-Rivers JVSD CTPD,0.3471502214056104,0.9999999999997853,assigned
43351,399.85071035002375,200085,Vanguard-Sentinel JVSD CTPD,382.3978647421162,0.9563515953425978,assigned
43356,53.62619769975374,200111,Tri-Rivers JVSD CTPD,38.89654558569566,0.7253273074379145,assigned
43357,176.36994713247753,200056,Ohio Hi-Point JVSD CTPD,176.3699471324793,1,assigned
43358,158.87341175808646,200056,Ohio Hi-Point JVSD CTPD,105.07826549490323,0.6613961664957754,assigned
43359,56.034012467025086,200116,Millstream Career Cooperative CTPD,48.722608896737036,0.8695184719354041,assigned
43360,78.27103386841732,200056,Ohio Hi-Point JVSD CTPD,78.27103386841593,0.9999999999999822,assigned
43402,287.4711180896584,200039,Penta County JVSD CTPD,287.47111808965707,0.9999999999999954,assigned
43403,0.8038224884149805,200039,Penta County JVSD CTPD,0.8038224884151817,1,assigned
43406,48.75780722161016,200085,Vanguard-Sentinel JVSD CTPD,28.479635073261278,0.584104099345934,assigned
43407,37.995642554599954,200085,Vanguard-Sentinel JVSD CTPD,37.99564255459988,0.9999999999999981,assigned
43408,1.7021016492021084,200039,Penta County JVSD CTPD,1.7021016492022574,1,assigned
43410,133.7164332746802,200085,Vanguard-Sentinel JVSD CTPD,88.7256255649867,0.6635356881134167,assigned
43412,73.90715315545005,200059,Oregon City CTPD,45.53729289165864,0.616141888131983,assigned
43413,86.3265900868036,200039,Penta County JVSD CTPD,86.32659008680344,0.999999999999998,assigned
43414,1.211956380017087,200039,Penta County JVSD CTPD,1.2119563800169677,0.9999999999999016,assigned
43416,73.39092831404439,200039,Penta County JVSD CTPD,73.38885603885942,0.9999717638782807,assigned
43420,358.78492047736347,200085,Vanguard-Sentinel JVSD CTPD,358.0908338723531,0.998065452126341,assigned
43430,66.33971245325982,200039,Penta County JVSD CTPD,66.33971245325898,0.9999999999999873,assigned
43431,130.88492412539478,200085,Vanguard-Sentinel JVSD CTPD,99.42343898700555,0.759624835720213,assigned
43432,56.386403536195516,200039,Penta County JVSD CTPD,56.38640353619778,1,assigned
43433,1.2689994366482495,200085,Vanguard-Sentinel JVSD CTPD,1.2689994366481863,0.9999999999999502,assigned
43434,0.05827923461977113,200059,Oregon City CTPD,0.05827923461983621,1,assigned
43435,90.79692871436849,200085,Vanguard-Sentinel JVSD CTPD,90.79692871437042,1,assigned
43436,2.628356797976449,200032,EHOVE JVSD CTPD,2.6283567979764046,0.9999999999999831,assigned
43437,2.4382316566182225,200039,Penta County JVSD CTPD,2.438231656618476,1,assigned
43438,11.1003153542099,200032,EHOVE JVSD CTPD,11.100315354209453,0.9999999999999597,assigned
43439,0.05443750627979822,200085,Vanguard-Sentinel JVSD CTPD,0.05443750627979636,0.9999999999999658,assigned
43440,46.565792657622275,200032,EHOVE JVSD CTPD,43.34002624383632,0.9307266937877856,assigned
43442,45.414546885363926,200085,Vanguard-Sentinel JVSD CTPD,39.65497649009876,0.8731778518058639,assigned
43443,32.04934452214833,200039,Penta County JVSD CTPD,32.04934452214852,1,assigned
43445,52.71153618965652,200039,Penta County JVSD CTPD,43.24547794237795,0.8204177124867009,assigned
43446,2.7559943604751527,200032,EHOVE JVSD CTPD,2.75599436047481,0.9999999999998757,assigned
43447,44.96686477480784,200039,Penta County JVSD CTPD,44.96686477480728,0.9999999999999876,assigned
43449,227.8859253792037,200039,Penta County JVSD CTPD,217.34578289892227,0.9537481638554791,assigned
43450,105.57488347435546,200039,Penta County JVSD CTPD,105.57488347435253,0.9999999999999722,assigned
43451,64.43780979725236,200039,Penta County JVSD CTPD,64.43780979725219,0.9999999999999973,assigned
43452,128.868969367293,200085,Vanguard-Sentinel JVSD CTPD,117.39745827777911,0.9109831393404053,assigned
43456,6.178293433229884,200032,EHOVE JVSD CTPD,6.178293430252452,0.9999999995180818,assigned
43457,49.4981126434176,200085,Vanguard-Sentinel JVSD CTPD,44.61106274548483,0.9012679547372062,assigned
43458,2.610787061581634,200039,Penta County JVSD CTPD,2.6107870615817235,1,assigned
43460,7.569616845750958,200039,Penta County JVSD CTPD,7.569616845751583,1,assigned
43462,66.10392520457076,200039,Penta County JVSD CTPD,66.10392520456959,0.9999999999999823,assigned
43463,0.7939241802125052,200039,Penta County JVSD CTPD,0.7939241802127958,1,assigned
43464,86.29855995330728,200032,EHOVE JVSD CTPD,52.66265224312635,0.6102379028296651,assigned
43465,31.90869132331206,200039,Penta County JVSD CTPD,31.908691323310197,0.9999999999999417,assigned
43466,73.19544140247109,200039,Penta County JVSD CTPD,73.19523044194835,0.9999971178461569,assigned
43467,0.5560994524592608,200039,Penta County JVSD CTPD,0.5560994524591416,0.9999999999997856,assigned
43468,4.259155325820762,200039,Penta County JVSD CTPD,4.259155325820684,0.9999999999999817,assigned
43469,59.52434758809027,200039,Penta County JVSD CTPD,59.52434758808756,0.9999999999999544,assigned
43501,68.74686876607704,200030,Four County JVSD CTPD,68.74686876607647,0.9999999999999918,assigned
43502,189.68578119874448,200030,Four County JVSD CTPD,189.68578119874667,1,assigned
43504,39.2834368819346,200030,Four County JVSD CTPD,39.28343688193454,0.9999999999999986,assigned
43505,0.21291760172092913,200030,Four County JVSD CTPD,0.21291760172086396,0.9999999999996939,assigned
43506,268.7970581291328,200030,Four County JVSD CTPD,268.7970581291304,0.9999999999999911,assigned
43510,1.5554094109557868,200030,Four County JVSD CTPD,1.5554094109557568,0.9999999999999807,assigned
43511,113.95340072302811,200039,Penta County JVSD CTPD,69.0095402415832,0.6055943903711642,assigned
43512,571.50436618951,200030,Four County JVSD CTPD,540.7198104385734,0.9461341722440515,assigned
43515,212.58004840850518,200030,Four County JVSD CTPD,211.73813383628874,0.9960395409704744,assigned
43516,187.9069072055895,200030,Four County JVSD CTPD,139.75162080930795,0.7437279602308886,assigned
43517,166.29836664943832,200030,Four County JVSD CTPD,166.2368348132964,0.9996299913379689,assigned
43518,177.79151449882937,200030,Four County JVSD CTPD,177.69381866467228,0.9994505033919505,assigned
43519,3.331830791241303,200030,Four County JVSD CTPD,3.3318307912414373,1,assigned
43520,3.038499439656809,200030,Four County JVSD CTPD,3.0384994396564213,0.9999999999998724,assigned
43521,172.79288443498433,200030,Four County JVSD CTPD,172.79288443498515,1,assigned
43522,84.5302982237954,200039,Penta County JVSD CTPD,84.51978934794077,0.9998756791816018,assigned
43523,7.928257338512883,200030,Four County JVSD CTPD,7.928257338512778,0.9999999999999868,assigned
43524,82.23227652066213,200030,Four County JVSD CTPD,82.23086493867284,0.9999828342100083,assigned
43525,2.0744216581943706,200039,Penta County JVSD CTPD,2.0744216581946464,1,assigned
43526,196.9854365190217,200030,Four County JVSD CTPD,183.40530754038315,0.9310602386723792,assigned
43527,131.03022275297607,200030,Four County JVSD CTPD,131.03022275297636,1,assigned
43528,48.452027487574874,200039,Penta County JVSD CTPD,32.724086168823334,0.6753914720537785,assigned
43529,1.9452957167418339,200116,Millstream Career Cooperative CTPD,1.9452957167420983,1,assigned
43530,0.3630149930136204,200030,Four County JVSD CTPD,0.36301499301350115,0.9999999999996715,assigned
43531,0.4534514837683141,200030,Four County JVSD CTPD,0.45345148376837374,1,assigned
43532,119.08243977016866,200030,Four County JVSD CTPD,107.5278458874909,0.9029697921458584,assigned
43533,60.75284472999695,200030,Four County JVSD CTPD,60.75284472999674,0.9999999999999964,assigned
43534,93.98238800483769,200030,Four County JVSD CTPD,87.36835827717555,0.9296247960062295,assigned
43535,60.62955681514511,200030,Four County JVSD CTPD,60.62955681514504,0.9999999999999988,assigned
43536,43.59694021895936,200030,Four County JVSD CTPD,43.59694021895966,1,assigned
43537,50.386378538410035,200039,Penta County JVSD CTPD,50.36925848443103,0.999660224559184,assigned
43540,47.06228170866847,200030,Four County JVSD CTPD,47.062281708668706,1,assigned
43541,1.0097015654579402,200039,Penta County JVSD CTPD,1.0097015654579178,0.9999999999999778,assigned
43542,38.63142699941869,200039,Penta County JVSD CTPD,38.63142699941802,0.9999999999999826,assigned
43543,222.5248953103312,200030,Four County JVSD CTPD,222.52489531033288,1,assigned
43545,356.3142078892324,200030,Four County JVSD CTPD,356.31233871222963,0.9999947541328372,assigned
43547,1.1132601659154167,200039,Penta County JVSD CTPD,1.1132601659155636,1,assigned
43548,63.60755256659544,200030,Four County JVSD CTPD,62.780018241630614,0.9869899989612332,assigned
43549,76.3017825793717,200030,Four County JVSD CTPD,76.30178257937145,0.9999999999999967,assigned
43551,204.39756522219366,200039,Penta County JVSD CTPD,204.39756522219153,0.9999999999999896,assigned
43553,0.7770224255149514,200030,Four County JVSD CTPD,0.7770224255149308,0.9999999999999736,assigned
43554,89.94939919789206,200030,Four County JVSD CTPD,89.94939919789286,1,assigned
43555,1.6693544311922044,200030,Four County JVSD CTPD,1.6693544311920852,0.9999999999999286,assigned
43556,83.4182677478034,200030,Four County JVSD CTPD,83.39966830191227,0.9997770338992491,assigned
43557,108.56155507488222,200030,Four County JVSD CTPD,108.56155507487655,0.9999999999999478,assigned
43558,216.49252418582816,200039,Penta County JVSD CTPD,128.7948903260973,0.5949161099694377,assigned
43560,55.00946833348131,200060,Sylvania City CTPD,46.32728427026047,0.8421692787396664,assigned
43565,0.42507700142678245,200039,Penta County JVSD CTPD,0.42507700142678617,1,assigned
43566,49.786512611529616,200039,Penta County JVSD CTPD,49.78651261153087,1,assigned
43567,296.79755921691515,200030,Four County JVSD CTPD,296.7975592169165,1,assigned
43569,91.20799589304329,200039,Penta County JVSD CTPD,91.20793583445422,0.9999993415205708,assigned
43570,116.22007942559578,200030,Four County JVSD CTPD,116.22007942559407,0.9999999999999852,assigned
43571,56.948418665348036,200039,Penta County JVSD CTPD,56.94841866534653,0.9999999999999736,assigned
43604,7.9539816730735895,200061,Toledo City CTPD,7.9539816730733754,0.9999999999999731,assigned
43605,20.712770417646944,200061,Toledo City CTPD,20.309156249169497,0.9805137526106322,assigned
43606,16.696516680481942,200061,Toledo City CTPD,10.861477695217939,0.6505235734537909,assigned
43607,18.77585744697521,200061,Toledo City CTPD,18.775852468113,0.9999997348263736,assigned
43608,8.630089457001686,200061,Toledo City CTPD,8.26429048031145,0.9576135359299828,assigned
43609,14.269588847596646,200061,Toledo City CTPD,14.269561432674736,0.9999980787868381,assigned
43610,3.2213763695625812,200061,Toledo City CTPD,3.2213763695625812,1,assigned
43611,21.069422707260966,200061,Toledo City CTPD,12.953565844922348,0.6148040231049272,assigned
43612,30.266175419020502,200062,Washington Local CTPD,19.75811497427231,0.6528117510960934,assigned
43613,15.925722235210358,200062,Washington Local CTPD,9.548418667451479,0.5995595381125494,assigned
43614,24.904126602866977,200061,Toledo City CTPD,21.857614758976606,0.8776704000717834,assigned
43615,42.80225685989683,200061,Toledo City CTPD,24.362644957530478,0.5691906629427484,assigned
43616,101.20365089777442,200059,Oregon City CTPD,101.19962642647336,0.9999602339316284,assigned
43617,13.52452529074597,200060,Sylvania City CTPD,8.675535208026965,0.6414668922955188,assigned
43619,30.222455307317734,200039,Penta County JVSD CTPD,30.221732380511888,0.9999760798122291,assigned
43620,2.78295662214227,200061,Toledo City CTPD,2.7829566221424846,1,assigned
43623,17.399964631853532,200060,Sylvania City CTPD,9.55014465022264,0.5488600035852665,assigned
43701,474.24868823198676,200075,Mid-East Ohio JVSD CTPD,474.24868823198966,1,assigned
43711,0.4687415351383686,200075,Mid-East Ohio JVSD CTPD,0.4687415351384282,1,assigned
43713,238.55433986695908,200006,Belmont-Harrison Area JVSD CTPD,238.41731587398093,0.9994256067902408,assigned
43716,169.26806492303126,200070,Switzerland of Ohio Local CTPD,169.15028421865463,0.9993041764586239,assigned
43717,0.7323565327086449,200075,Mid-East Ohio JVSD CTPD,0.7323565327086449,1,assigned
43718,151.06043356518367,200006,Belmont-Harrison Area JVSD CTPD,143.12424321442114,0.9474634742966098,assigned
43719,87.57063622506604,200006,Belmont-Harrison Area JVSD CTPD,87.56968297575573,0.9999891145097101,assigned
43720,125.9429394743027,200075,Mid-East Ohio JVSD CTPD,116.70940158720262,0.9266847516371961,assigned
43721,0.9191526350091099,200075,Mid-East Ohio JVSD CTPD,0.9191526350089834,0.9999999999998623,assigned
43722,1.2922012727126777,200075,Mid-East Ohio JVSD CTPD,1.292201272712648,0.999999999999977,assigned
43723,40.789716759495455,200075,Mid-East Ohio JVSD CTPD,40.789716759495356,0.9999999999999976,assigned
43724,405.5808889589963,200075,Mid-East Ohio JVSD CTPD,375.42595328440456,0.925650008431141,assigned
43725,325.42997371482846,200075,Mid-East Ohio JVSD CTPD,324.38204248284654,0.996779856446474,assigned
43727,185.928944766853,200075,Mid-East Ohio JVSD CTPD,185.92894476685703,1,assigned
43728,95.02450140988515,200074,Morgan Local CTPD,91.74008511381318,0.9654361112414077,assigned
43730,116.00169466563521,200005,Tri-County JVSD CTPD,85.2153434777916,0.7346042980097611,assigned
43731,136.50380488969802,200075,Mid-East Ohio JVSD CTPD,66.05908764604575,0.4839358705013742,assigned
43732,206.5011915392881,200075,Mid-East Ohio JVSD CTPD,206.50083510480854,0.9999982739349982,assigned
43733,2.407722170320451,200075,Mid-East Ohio JVSD CTPD,2.407722170320138,0.99999999999987,assigned
43734,9.47994029275995,200075,Mid-East Ohio JVSD CTPD,9.479940292758466,0.9999999999998433,assigned
43735,1.9337820996240676,200075,Mid-East Ohio JVSD CTPD,1.9337820996242538,1,assigned
43736,0.08103034005892276,200075,Mid-East Ohio JVSD CTPD,0.08103034005893767,1,assigned
43738,0.17220346404556186,200075,Mid-East Ohio JVSD CTPD,0.1722034640455395,0.9999999999998701,assigned
43739,90.37943954998478,200075,Mid-East Ohio JVSD CTPD,90.03197840833626,0.9961555289192033,assigned
43740,0.35737350890277697,200075,Mid-East Ohio JVSD CTPD,0.35737350890283287,1,assigned
43746,46.41780370457721,200075,Mid-East Ohio JVSD CTPD,46.37141781593133,0.9990006875607235,assigned
43747,94.70518193031894,200070,Switzerland of Ohio Local CTPD,53.02323781670925,0.559876838162056,assigned
43748,96.21791445467758,200005,Tri-County JVSD CTPD,96.00022493938113,0.997737536543686,assigned
43749,282.6954004396989,200075,Mid-East Ohio JVSD CTPD,166.96041760398631,0.5906018185803495,assigned
43750,2.63870085857147,200075,Mid-East Ohio JVSD CTPD,2.6387008585713803,0.999999999999966,assigned
43754,185.3483497478006,200070,Switzerland of Ohio Local CTPD,169.80786816223383,0.91615527407332,assigned
43755,100.10499594490874,200075,Mid-East Ohio JVSD CTPD,100.10499594491307,1,assigned
43756,365.12771252764793,200074,Morgan Local CTPD,347.97531244279236,0.9530235599864068,assigned
43758,221.6807274124695,200074,Morgan Local CTPD,221.68072741247016,1,assigned
43759,1.5956978646470905,200006,Belmont-Harrison Area JVSD CTPD,1.5956978646470643,0.9999999999999836,assigned
43760,90.64725558494919,200075,Mid-East Ohio JVSD CTPD,90.64725558494878,0.9999999999999954,assigned
43761,1.4906046195495017,200005,Tri-County JVSD CTPD,1.4906046195492149,0.9999999999998075,assigned
43762,194.43046206079745,200075,Mid-East Ohio JVSD CTPD,191.05805036971185,0.982654921171606,assigned
43764,160.91928968230474,200005,Tri-County JVSD CTPD,145.17766356687181,0.9021768854031679,assigned
43766,101.45926489469278,200005,Tri-County JVSD CTPD,101.45926489468688,0.9999999999999418,assigned
43767,74.28314832080869,200075,Mid-East Ohio JVSD CTPD,74.28314832080454,0.9999999999999442,assigned
43768,1.6606511556099095,200075,Mid-East Ohio JVSD CTPD,1.660651155609887,0.9999999999999865,assigned
43771,60.71440954295541,200075,Mid-East Ohio JVSD CTPD,60.714409542954876,0.9999999999999912,assigned
43772,88.28054374484363,200075,Mid-East Ohio JVSD CTPD,88.28054374484351,0.9999999999999987,assigned
43773,278.252074894985,200075,Mid-East Ohio JVSD CTPD,278.2520699499963,0.9999999822283853,assigned
43777,137.87293341400309,200075,Mid-East Ohio JVSD CTPD,128.57454345149029,0.9325582641040087,assigned
43778,105.99710370121907,200075,Mid-East Ohio JVSD CTPD,105.99710370121598,0.9999999999999708,assigned
43779,94.51196656846554,200075,Mid-East Ohio JVSD CTPD,94.51196656846503,0.9999999999999946,assigned
43780,108.4577039016717,200075,Mid-East Ohio JVSD CTPD,108.45770390166913,0.9999999999999762,assigned
43782,33.859455067425486,200005,Tri-County JVSD CTPD,33.85945506742558,1,assigned
43783,148.9559261052814,200075,Mid-East Ohio JVSD CTPD,143.3897270899495,0.962631906223068,assigned
43786,0.6028684970837012,200070,Switzerland of Ohio Local CTPD,0.6028684970837682,1,assigned
43787,198.3481065334525,200074,Morgan Local CTPD,167.19268583477938,0.8429255451782265,assigned
43788,104.65528314149711,200075,Mid-East Ohio JVSD CTPD,91.1998207933372,0.8714306440701353,assigned
43791,0.4845188891851306,200075,Mid-East Ohio JVSD CTPD,0.4845188891850561,0.9999999999998462,assigned
43793,273.3843456607444,200070,Switzerland of Ohio Local CTPD,266.6798254709333,0.9754758445528149,assigned
43802,108.46582820006567,200075,Mid-East Ohio JVSD CTPD,105.70407632453018,0.9745380464855583,assigned
43804,79.4941616613766,200101,Buckeye JVSD CTPD,71.7638071612891,0.9027556950280613,assigned
43805,2.704099500737786,200108,Coshocton County JVSD CTPD,2.7040995007376076,0.9999999999999339,assigned
43811,55.93025149246491,200108,Coshocton County JVSD CTPD,44.30181327977249,0.7920903642949104,assigned
43812,411.7383788739728,200108,Coshocton County JVSD CTPD,391.70361103224,0.9513410241315757,assigned
43821,213.1178532147012,200075,Mid-East Ohio JVSD CTPD,191.36724511302756,0.8979409384357798,assigned
43822,229.42243043681827,200108,Coshocton County JVSD CTPD,92.95225217630303,0.40515764739883003,assigned
43824,205.73719648766064,200108,Coshocton County JVSD CTPD,161.40161155603838,0.7845037956746856,assigned
43830,134.11811541006978,200075,Mid-East Ohio JVSD CTPD,95.35764824245062,0.7109975259560726,assigned
43832,263.5286276024269,200101,Buckeye JVSD CTPD,195.9215048077189,0.743454351013797,assigned
43836,0.31283908956567386,200108,Coshocton County JVSD CTPD,0.3128390895656347,0.9999999999998749,assigned
43837,128.4019888868078,200101,Buckeye JVSD CTPD,118.85934263585061,0.9256814763253436,assigned
43840,88.85217263488501,200101,Buckeye JVSD CTPD,74.5629576415326,0.839179903320201,assigned
43842,0.6822581438805009,200075,Mid-East Ohio JVSD CTPD,0.6822581438802928,0.999999999999695,assigned
43843,115.26530788741056,200108,Coshocton County JVSD CTPD,79.36986529650689,0.6885841607609654,assigned
43844,321.234466288808,200108,Coshocton County JVSD CTPD,320.52549723066323,0.9977929857081171,assigned
43845,74.30101117074477,200108,Coshocton County JVSD CTPD,74.30101107762349,0.9999999987467023,assigned
43901,80.19487570469519,200050,Jefferson County JVSD CTPD,59.97683023362732,0.7478885615395479,assigned
43902,42.36219893747753,200070,Switzerland of Ohio Local CTPD,42.362198937475384,0.9999999999999494,assigned
43903,96.20420021834069,200101,Buckeye JVSD CTPD,57.69201445099017,0.5996829069838426,assigned
43905,5.270715954382181,200006,Belmont-Harrison Area JVSD CTPD,5.27071595438227,1,assigned
43906,83.86374754242301,200006,Belmont-Harrison Area JVSD CTPD,83.86374744234566,0.9999999988066672,assigned
43907,424.02385958517254,200006,Belmont-Harrison Area JVSD CTPD,401.95635161351464,0.9479569192326894,assigned
43908,79.31905703066927,200050,Jefferson County JVSD CTPD,73.58466570522502,0.9277047466256816,assigned
43909,0.1310799701990038,200006,Belmont-Harrison Area JVSD CTPD,0.13107997019901127,1,assigned
43910,141.50631738803312,200050,Jefferson County JVSD CTPD,131.36881393624319,0.9283600644910341,assigned
43912,46.639764255409794,200006,Belmont-Harrison Area JVSD CTPD,46.639764255409546,0.9999999999999947,assigned
43913,6.732185391996741,200050,Jefferson County JVSD CTPD,6.732176235386178,0.9999986398754594,assigned
43914,1.5077224822438657,200070,Switzerland of Ohio Local CTPD,1.507722482243657,0.9999999999998616,assigned
43915,146.37416264794936,200070,Switzerland of Ohio Local CTPD,146.3741626478636,0.9999999999994141,assigned
43917,83.79965447499004,200050,Jefferson County JVSD CTPD,76.50150849803245,0.9129095934502246,assigned
43920,109.194096240016,200015,Columbiana County JVSD CTPD,76.96941569687866,0.7048862378758526,assigned
43925,0.5246241382344067,200050,Jefferson County JVSD CTPD,0.5246241382342647,0.9999999999997293,assigned
43926,1.186962880245328,200050,Jefferson County JVSD CTPD,1.186962880245328,1,assigned
43928,3.0282137996253744,200006,Belmont-Harrison Area JVSD CTPD,3.0282137996255485,1,assigned
43930,84.37856194378513,200050,Jefferson County JVSD CTPD,68.98730006656206,0.8175927448552978,assigned
43931,1.011694257389199,200070,Switzerland of Ohio Local CTPD,1.0116942573891357,0.9999999999999375,assigned
43932,57.73915081192413,200050,Jefferson County JVSD CTPD,53.54181120325861,0.927305137854596,assigned
43933,124.9011969015097,200006,Belmont-Harrison Area JVSD CTPD,75.19453078016569,0.6020321073420939,assigned
43934,0.43913215392293364,200006,Belmont-Harrison Area JVSD CTPD,0.4391321539229341,1,assigned
43935,50.44325503304966,200006,Belmont-Harrison Area JVSD CTPD,38.52601666731875,0.7637496161196792,assigned
43938,85.50131594194421,200050,Jefferson County JVSD CTPD,85.50131593978658,0.9999999999747649,assigned
43939,2.348251154042959,200050,Jefferson County JVSD CTPD,2.3469768929319383,0.999457357400282,assigned
43940,1.2750662411886602,200006,Belmont-Harrison Area JVSD CTPD,1.2750662411886509,0.9999999999999927,assigned
43942,54.8933172054143,200070,Switzerland of Ohio Local CTPD,54.893316627044975,0.9999999894637571,assigned
43943,117.49479633883932,200050,Jefferson County JVSD CTPD,116.79549348662758,0.9940482227809048,assigned
43944,80.29638018120372,200050,Jefferson County JVSD CTPD,80.2963801812042,1,assigned
43945,175.78688320108688,200015,Columbiana County JVSD CTPD,107.29876732196729,0.6103912042130335,assigned
43946,149.78801093528205,200070,Switzerland of Ohio Local CTPD,149.7879954861182,0.9999998968598105,assigned
43947,44.79469314344123,200006,Belmont-Harrison Area JVSD CTPD,44.79469296936382,0.9999999961138832,assigned
43948,1.5608359097222089,200050,Jefferson County JVSD CTPD,1.560835909721896,0.9999999999997996,assigned
43950,214.30584710308378,200006,Belmont-Harrison Area JVSD CTPD,214.3047158970266,0.9999947215343283,assigned
43951,2.9434281919430196,200006,Belmont-Harrison Area JVSD CTPD,2.943428191943079,1,assigned
43952,67.48279913069705,200050,Jefferson County JVSD CTPD,67.48279907963962,0.9999999992434009,assigned
43953,47.90696176238847,200050,Jefferson County JVSD CTPD,47.90696176238646,0.999999999999958,assigned
43961,0.5100036049267351,200050,Jefferson County JVSD CTPD,0.5100036049268841,1,assigned
43962,1.3972003444285914,200015,Columbiana County JVSD CTPD,1.3972003444283978,0.9999999999998614,assigned
43963,1.1756213312963246,200050,Jefferson County JVSD CTPD,1.1756174875836372,0.9999967304840555,assigned
43964,124.9075848674108,200050,Jefferson County JVSD CTPD,124.90756820777136,0.999999866624277,assigned
43967,1.1733878460179716,200006,Belmont-Harrison Area JVSD CTPD,1.1733878460176885,0.9999999999997587,assigned
43968,88.46975350213808,200015,Columbiana County JVSD CTPD,84.92539474312571,0.9599370562400549,assigned
43971,3.3318726032560244,200050,Jefferson County JVSD CTPD,3.079104146947652,0.9241362181551125,assigned
43972,0.3422129470893666,200006,Belmont-Harrison Area JVSD CTPD,0.3422129470895752,1,assigned
43973,225.88415523580665,200006,Belmont-Harrison Area JVSD CTPD,117.73603403756904,0.5212230752292527,assigned
43974,0.213846645175457,200050,Jefferson County JVSD CTPD,0.21384664517548307,1,assigned
43976,56.60133176431727,200006,Belmont-Harrison Area JVSD CTPD,56.54566899949524,0.9990165820646446,assigned
43977,141.1700394044557,200006,Belmont-Harrison Area JVSD CTPD,141.1700394044513,0.9999999999999688,assigned
43981,0.6126880665520057,200006,Belmont-Harrison Area JVSD CTPD,0.6126880665519927,0.9999999999999788,assigned
43983,54.772546754345385,200006,Belmont-Harrison Area JVSD CTPD,47.873472931443175,0.8740413905921789,assigned
43985,1.7065675709430277,200006,Belmont-Harrison Area JVSD CTPD,1.7065675709427373,0.9999999999998298,assigned
43986,105.79085401611886,200006,Belmont-Harrison Area JVSD CTPD,102.64628897832908,0.9702756437025203,assigned
43988,143.9515900136804,200006,Belmont-Harrison Area JVSD CTPD,88.5214464413026,0.6149389974288578,assigned
44001,86.77915731508389,200058,Lorain County JVSD CTPD,86.77915731508418,1,assigned
44003,171.16222082482255,200004,Ashtabula County Technical and Career Center  CTPD,171.16222050766547,0.999999998147038,assigned
44004,192.20134604617084,200004,Ashtabula County Technical and Career Center  CTPD,192.20133733032122,0.9999999546525048,assigned
44010,47.79387418428758,200004,Ashtabula County Technical and Career Center  CTPD,47.79387418428637,0.9999999999999747,assigned
44011,53.98401161128509,200058,Lorain County JVSD CTPD,53.98320241991413,0.9999850105365123,assigned
44012,28.673553302547575,200058,Lorain County JVSD CTPD,28.673553302547813,1,assigned
44017,16.20517475181657,200028,Polaris JVSD CTPD,16.205174751816372,0.9999999999999877,assigned
44021,107.97482281388103,200052,Auburn JVSD CTPD,102.20421267274672,0.9465559656339398,assigned
44022,79.19626682281056,200025,Mayfield Excel T.E.C.C. CTPD,78.92280037803145,0.9965469780868467,assigned
44023,140.08795384580648,200052,Auburn JVSD CTPD,138.53308948206353,0.9889007989548168,assigned
44024,235.98313299462657,200052,Auburn JVSD CTPD,232.25795024027542,0.9842141990951702,assigned
44026,75.52932326767773,200025,Mayfield Excel T.E.C.C. CTPD,69.01534890014398,0.9137556900324915,assigned
44028,87.73669805615269,200058,Lorain County JVSD CTPD,82.06421380771134,0.9353465040955737,assigned
44030,151.6606143785938,200004,Ashtabula County Technical and Career Center  CTPD,151.66060958735423,0.9999999684081488,assigned
44032,107.10673592189968,200004,Ashtabula County Technical and Career Center  CTPD,107.10673592189885,0.9999999999999921,assigned
44035,124.41998044863247,200058,Lorain County JVSD CTPD,124.4199804486317,0.9999999999999938,assigned
44039,62.81206640301135,200058,Lorain County JVSD CTPD,62.80608213556275,0.9999047274227502,assigned
44040,25.722794214773863,200025,Mayfield Excel T.E.C.C. CTPD,25.722794214773142,0.9999999999999719,assigned
44041,168.65036945609415,200004,Ashtabula County Technical and Career Center  CTPD,164.77613754447725,0.9770280259443753,assigned
44044,141.33477209615194,200058,Lorain County JVSD CTPD,141.33377297081984,0.9999929307889539,assigned
44045,2.4013894165257215,200052,Auburn JVSD CTPD,2.401389416525483,0.9999999999999007,assigned
44046,40.55924184646001,200052,Auburn JVSD CTPD,40.557296179611164,0.9999520290133574,assigned
44047,277.8490172220593,200004,Ashtabula County Technical and Career Center  CTPD,277.84901722206587,1,assigned
44048,72.85330756284678,200004,Ashtabula County Technical and Career Center  CTPD,72.85330756284559,0.9999999999999836,assigned
44049,0.9242320485517979,200058,Lorain County JVSD CTPD,0.9242320485515967,0.9999999999997823,assigned
44050,66.3823891137692,200058,Lorain County JVSD CTPD,66.38238911377209,1,assigned
44052,25.51062133220779,200057,Lorain City CTPD,23.808630421008655,0.9332830475183163,assigned
44053,28.11333544473122,200058,Lorain County JVSD CTPD,13.352923429863468,0.4749675987793888,assigned
44054,32.59471408571994,200058,Lorain County JVSD CTPD,32.59353315495422,0.9999637692552659,assigned
44055,16.37020984805408,200057,Lorain City CTPD,8.492798937843046,0.5187959724812313,assigned
44056,25.37243394336286,200027,Cuyahoga Valley JVSD CTPD,25.36913799277985,0.9998700971853798,assigned
44057,130.4079819839053,200052,Auburn JVSD CTPD,129.71378547872413,0.9946767330141889,assigned
44060,103.79304972665143,022548,Mentor Exempted Village Comprehensive CTPD,90.40186466738585,0.8709818711895209,assigned
44062,194.23613129346467,200052,Auburn JVSD CTPD,139.75974394868982,0.7195352533949085,assigned
44064,59.49368937990382,200052,Auburn JVSD CTPD,57.89109840003595,0.9730628408395664,assigned
44065,58.27165916693363,200025,Mayfield Excel T.E.C.C. CTPD,58.26093103319548,0.9998158944864189,assigned
44067,44.60745678438971,200027,Cuyahoga Valley JVSD CTPD,44.606244578280986,0.9999728250342855,assigned
44068,1.183398009671554,200004,Ashtabula County Technical and Career Center  CTPD,1.1833980096718073,1,assigned
44070,30.29435172585592,200028,Polaris JVSD CTPD,30.28375519693011,0.9996502143692758,assigned
44072,48.213245850090864,200025,Mayfield Excel T.E.C.C. CTPD,48.213245850090146,0.9999999999999851,assigned
44074,132.68386970081522,200058,Lorain County JVSD CTPD,132.68386970081556,1,assigned
44076,176.94089567563927,200004,Ashtabula County Technical and Career Center  CTPD,150.5218767665053,0.8506901482087882,assigned
44077,158.0014984024136,200052,Auburn JVSD CTPD,156.62818236728617,0.9913082087890728,assigned
44080,0.597859435959803,200052,Auburn JVSD CTPD,0.5978594359598458,1,assigned
44081,53.194895057516995,200052,Auburn JVSD CTPD,53.19489505751544,0.9999999999999708,assigned
44082,96.11740913562903,200004,Ashtabula County Technical and Career Center  CTPD,96.11740907662941,0.9999999993861713,assigned
44084,111.5669077846708,200004,Ashtabula County Technical and Career Center  CTPD,111.53795431603372,0.9997404833636425,assigned
44085,130.36431227543127,200004,Ashtabula County Technical and Career Center  CTPD,130.3643122754308,0.9999999999999963,assigned
44086,69.58555691712023,200052,Auburn JVSD CTPD,68.41174891764095,0.9831314420479907,assigned
44087,46.70227198128986,200027,Cuyahoga Valley JVSD CTPD,46.65181387539518,0.9989195792034508,assigned
44089,90.24642342729017,200032,EHOVE JVSD CTPD,66.32726787143963,0.7349573019353864,assigned
44090,263.14984047406256,200058,Lorain County JVSD CTPD,213.04363534452784,0.8095905927996432,assigned
44092,19.170990422489734,022550,Western Lake County Compact CTPD,19.166051350769386,0.999742367420175,assigned
44093,92.11237670511261,200004,Ashtabula County Technical and Career Center  CTPD,92.11237670511315,1,assigned
44094,103.68030057435055,200052,Auburn JVSD CTPD,53.970590861029166,0.5205481712731544,assigned
44095,23.671780120572627,022550,Western Lake County Compact CTPD,23.671780120573224,1,assigned
44099,58.52848298475206,200004,Ashtabula County Technical and Career Center  CTPD,50.18720502556993,0.8574834416713788,assigned
44101,0.22294861683747172,200019,Cleveland Municipal CTPD,0.22294861683745681,0.9999999999999332,assigned
44102,15.782192307493784,200019,Cleveland Municipal CTPD,15.737570356037624,0.9971726392261123,assigned
44103,10.530481300282837,200019,Cleveland Municipal CTPD,10.530481300283082,1,assigned
44104,12.172493321147174,200019,Cleveland Municipal CTPD,12.17249332114762,1,assigned
44105,23.36790939079915,200019,Cleveland Municipal CTPD,20.332045440309233,0.8700840584530316,assigned
44106,11.149171469404687,200019,Cleveland Municipal CTPD,8.042527928122217,0.721356555524538,assigned
44107,13.833654491265088,200023,Lakewood City CTPD,13.688346969076076,0.9894960856308241,assigned
44108,11.512043514997378,200019,Cleveland Municipal CTPD,11.437761959285147,0.9935474917537047,assigned
44109,18.55756051385434,200019,Cleveland Municipal CTPD,18.482180727841662,0.9959380552224845,assigned
44110,10.655102758791386,200019,Cleveland Municipal CTPD,10.605539752533407,0.9953484253150833,assigned
44111,16.9980504435606,200019,Cleveland Municipal CTPD,16.80872925616207,0.9888621822821893,assigned
44112,10.402958698040571,200021,East Cleveland City CTPD,8.327000929005333,0.8004454473681366,assigned
44113,10.467962830209453,200019,Cleveland Municipal CTPD,10.467962830210716,1,assigned
44114,7.428159192551851,200019,Cleveland Municipal CTPD,7.428159090170004,0.9999999862170634,assigned
44115,5.546976169956506,200019,Cleveland Municipal CTPD,5.546976169956885,1,assigned
44116,12.629399076741874,200023,Lakewood City CTPD,12.614931656219959,0.9988544648534736,assigned
44117,9.855130122378378,022546,Euclid City Comprehensive CTPD,9.642260152079642,0.9784000852697656,assigned
44118,18.33528398590097,200020,Tri-Heights Career Prep Consortium CTPD,17.491914888410115,0.9540029432792332,assigned
44119,5.654069623995691,200019,Cleveland Municipal CTPD,3.4145884881954194,0.6039169510230321,assigned
44120,13.622473832750662,200020,Tri-Heights Career Prep Consortium CTPD,7.787263646709219,0.571648273457304,assigned
44121,16.44280204683995,200025,Mayfield Excel T.E.C.C. CTPD,9.856746434344922,0.5994566136760878,assigned
44122,32.319211955812406,200025,Mayfield Excel T.E.C.C. CTPD,16.448403596773325,0.5089357877680302,assigned
44123,6.490113426650345,022546,Euclid City Comprehensive CTPD,6.490113426650256,0.9999999999999862,assigned
44124,39.4033693825984,200025,Mayfield Excel T.E.C.C. CTPD,39.40336938259855,1,assigned
44125,37.047083850905395,200027,Cuyahoga Valley JVSD CTPD,36.929467910358476,0.9968252308057428,assigned
44126,11.644194078613014,200028,Polaris JVSD CTPD,11.282904255401016,0.9689725350872002,assigned
44127,4.6576704423701765,200019,Cleveland Municipal CTPD,4.657670442370005,0.9999999999999633,assigned
44128,22.776131752175345,200020,Tri-Heights Career Prep Consortium CTPD,12.776184453452773,0.560946195450091,assigned
44129,15.21380607563134,200026,Parma City CTPD,14.314113054486096,0.9408633831223652,assigned
44130,44.438618363058566,200026,Parma City CTPD,23.909766749499113,0.5380402818593274,assigned
44131,40.991806381505846,200027,Cuyahoga Valley JVSD CTPD,28.271711042988343,0.6896917588814434,assigned
44132,8.220191643111258,022546,Euclid City Comprehensive CTPD,8.220171871942966,0.9999975948044583,assigned
44133,55.572855749761224,200027,Cuyahoga Valley JVSD CTPD,55.54241952848744,0.9994523185669847,assigned
44134,25.131603491676213,200026,Parma City CTPD,24.500461190310226,0.974886508870195,assigned
44135,26.294304722761513,200019,Cleveland Municipal CTPD,24.53214300481716,0.9329831407780504,assigned
44136,35.017321746694215,200028,Polaris JVSD CTPD,35.01640707466371,0.9999738794406631,assigned
44137,13.433621491689788,200020,Tri-Heights Career Prep Consortium CTPD,13.26911492527315,0.9877541163030086,assigned
44138,35.72061574889577,200028,Polaris JVSD CTPD,35.7191263942622,0.9999583054602407,assigned
44139,59.85074516182822,200025,Mayfield Excel T.E.C.C. CTPD,59.83926372123444,0.9998081654528654,assigned
44140,11.514011277867853,200023,Lakewood City CTPD,11.513895392055987,0.9999899352355084,assigned
44141,62.865173150927305,200027,Cuyahoga Valley JVSD CTPD,57.65739735221334,0.9171596046317873,assigned
44142,19.23513314261614,200028,Polaris JVSD CTPD,19.111578009608955,0.9935765907056061,assigned
44143,36.49383467287085,200025,Mayfield Excel T.E.C.C. CTPD,35.42615282852329,0.9707435008154608,assigned
44144,14.455113838270098,200028,Polaris JVSD CTPD,10.048473774112344,0.695150096120923,assigned
44145,41.26393496302497,200023,Lakewood City CTPD,41.25895845733893,0.9998793981792937,assigned
44146,52.1476038995328,021357,Bedford City Comprehensive CTPD,50.895155169261514,0.9759826217004286,assigned
44147,33.688838356043455,200027,Cuyahoga Valley JVSD CTPD,33.688838356044364,1,assigned
44149,29.313783649351834,200028,Polaris JVSD CTPD,28.772017366238355,0.9815183775116162,assigned
44201,138.59975340068544,200078,Maplewood Area JVSD CTPD,135.13393009460654,0.9749940153496567,assigned
44202,81.96536946487913,200025,Mayfield Excel T.E.C.C. CTPD,62.81489675804335,0.7663589777992589,assigned
44203,94.31546840368559,200096,Four City Compact CTPD,77.84200265548289,0.8253365431246805,assigned
44212,54.58944481891155,200066,Medina County JVSD CTPD,54.58931828522505,0.9999976820851187,assigned
44214,68.76385119477217,200105,Wayne County JVSD CTPD,61.75157342102623,0.8980237777275765,assigned
44215,5.772460717910781,200066,Medina County JVSD CTPD,5.772460717910796,1,assigned
44216,64.51596250972204,200098,Portage Lakes JVSD CTPD,29.46490532402015,0.4567072113289796,assigned
44217,76.37681237156391,200105,Wayne County JVSD CTPD,67.58380481045067,0.8848733367093624,assigned
44221,16.71138159785699,200097,Six District Voc Ed Compact CTPD,16.633216546590358,0.9953226457783324,assigned
44223,38.41265664964074,200097,Six District Voc Ed Compact CTPD,38.40714430553286,0.999856496670924,assigned
44224,53.92672886808329,200097,Six District Voc Ed Compact CTPD,53.9267278053698,0.9999999802933812,assigned
44230,47.044010508291095,200105,Wayne County JVSD CTPD,43.86988109284134,0.932528511469269,assigned
44231,127.36982379214498,200078,Maplewood Area JVSD CTPD,108.17344038128215,0.8492862529024972,assigned
44232,0.05281186403283477,200098,Portage Lakes JVSD CTPD,0.05281186403279379,0.9999999999992241,assigned
44233,69.53957880280537,200066,Medina County JVSD CTPD,69.53493965065768,0.999933287600708,assigned
44234,65.68720093059811,200078,Maplewood Area JVSD CTPD,42.84927307384189,0.652323016764169,assigned
44235,66.01979183851665,200066,Medina County JVSD CTPD,66.01979183851684,1,assigned
44236,83.63875324246014,200097,Six District Voc Ed Compact CTPD,73.87183815227098,0.8832250038223803,assigned
44240,106.08814899656109,200078,Maplewood Area JVSD CTPD,56.12844032787503,0.5290736133938435,assigned
44241,59.332084799450634,200078,Maplewood Area JVSD CTPD,59.14968827461884,0.9969258365781631,assigned
44243,1.108087864825964,200097,Six District Voc Ed Compact CTPD,1.1080878648259398,0.9999999999999781,assigned
44250,2.250882353688091,200098,Portage Lakes JVSD CTPD,2.250882353688002,0.9999999999999604,assigned
44251,3.8242034596668266,200066,Medina County JVSD CTPD,3.8242034596667365,0.9999999999999765,assigned
44253,71.32363196318663,200066,Medina County JVSD CTPD,59.365823838051206,0.8323443745642763,assigned
44254,67.3824501853143,200066,Medina County JVSD CTPD,67.3824501853159,1,assigned
44255,112.25768001786261,200078,Maplewood Area JVSD CTPD,112.2338641696858,0.9997878466028068,assigned
44256,341.32640779414237,200066,Medina County JVSD CTPD,338.7504920706306,0.9924532187821069,assigned
44260,92.1498206317332,200078,Maplewood Area JVSD CTPD,87.84393864663429,0.953273029121707,assigned
44262,7.169084628671408,200097,Six District Voc Ed Compact CTPD,7.169084628671177,0.9999999999999678,assigned
44264,58.14377846846633,200097,Six District Voc Ed Compact CTPD,54.10231290504089,0.930491865684008,assigned
44266,254.79490745891565,200078,Maplewood Area JVSD CTPD,234.76553794302168,0.9213902282598658,assigned
44270,50.96064583116051,200105,Wayne County JVSD CTPD,44.37820219543064,0.8708328058176814,assigned
44272,63.3932900750759,200078,Maplewood Area JVSD CTPD,63.39329007507633,1,assigned
44273,100.27120460354429,200066,Medina County JVSD CTPD,95.1870163910656,0.9492956304596047,assigned
44274,2.9432101233638304,200066,Medina County JVSD CTPD,2.943210123363525,0.9999999999998962,assigned
44275,96.59981917530632,200066,Medina County JVSD CTPD,95.75079612167916,0.9912109250216464,assigned
44276,53.27541326921764,200105,Wayne County JVSD CTPD,53.27541326921688,0.9999999999999857,assigned
44278,37.78506366413157,200097,Six District Voc Ed Compact CTPD,35.714836438514475,0.9452104343658335,assigned
44280,65.6595789176794,200066,Medina County JVSD CTPD,64.59203334441185,0.9837412059159565,assigned
44281,123.94716371114762,200096,Four City Compact CTPD,70.8008133316975,0.5712176964105051,assigned
44285,2.1082936984514893,200078,Maplewood Area JVSD CTPD,2.1082936984512806,0.999999999999901,assigned
44286,61.332958629969895,200027,Cuyahoga Valley JVSD CTPD,59.84972955122293,0.9758167694518785,assigned
44287,173.86954076562742,200105,Wayne County JVSD CTPD,125.08108163308421,0.7193961695780341,assigned
44288,44.0763925578742,200078,Maplewood Area JVSD CTPD,43.06472384667635,0.9770473795043575,assigned
44301,9.348860437913656,200095,Akron City CTPD,9.3475517617037,0.9998600175691309,assigned
44302,2.3472381773033066,200095,Akron City CTPD,2.34723817730321,0.9999999999999587,assigned
44303,5.434609768962078,200095,Akron City CTPD,5.434609768962338,1,assigned
44304,3.365968114814911,200095,Akron City CTPD,3.365968114815131,1,assigned
44305,17.441210744247705,200095,Akron City CTPD,16.538379274215043,0.9482357341315639,assigned
44306,21.61031255292368,200095,Akron City CTPD,18.292806783158003,0.8464850630160438,assigned
44307,5.060460167991727,200095,Akron City CTPD,5.060460167992279,1,assigned
44308,1.1906277977378965,200095,Akron City CTPD,1.1906277977377102,0.9999999999998436,assigned
44310,16.047038944059523,200095,Akron City CTPD,15.993300740469492,0.9966512075045518,assigned
44311,4.879229662795026,200095,Akron City CTPD,4.879229662795216,1,assigned
44312,49.92373149980891,200098,Portage Lakes JVSD CTPD,41.26826112777463,0.8266261332635481,assigned
44313,35.008629373404084,200095,Akron City CTPD,20.58095076309428,0.5878822202256666,assigned
44314,11.69652725525155,200095,Akron City CTPD,11.69591312446369,0.9999474946046414,assigned
44319,54.41521114239259,200098,Portage Lakes JVSD CTPD,54.0704520402652,0.9936642880751628,assigned
44320,26.044447633872643,200095,Akron City CTPD,16.932807830177367,0.6501503916771517,assigned
44321,38.62302737385562,200096,Four City Compact CTPD,31.991020254449396,0.8282887808039743,assigned
44325,0.7515460801706323,200095,Akron City CTPD,0.7515460801705718,0.9999999999999195,assigned
44333,74.1396387739262,200027,Cuyahoga Valley JVSD CTPD,56.44618857569504,0.7613496573380436,assigned
44401,83.68693157068539,200063,Mahoning County JVSD CTPD,83.65144080763396,0.9995759103316931,assigned
44402,95.63071932800457,200099,Trumbull County JVSD CTPD,95.63071932800224,0.9999999999999756,assigned
44403,37.193500793487864,200099,Trumbull County JVSD CTPD,37.193500793485256,0.9999999999999298,assigned
44404,41.51160312451029,200099,Trumbull County JVSD CTPD,41.51160159409583,0.999999963132851,assigned
44405,9.39058675666824,200063,Mahoning County JVSD CTPD,9.38783135402318,0.9997065782238684,assigned
44406,144.29659760755246,200063,Mahoning County JVSD CTPD,144.2965976075534,1,assigned
44408,93.83155921956742,200015,Columbiana County JVSD CTPD,75.83801284106359,0.8082356668890194,assigned
44410,193.93578023642254,200099,Trumbull County JVSD CTPD,193.93578023642283,1,assigned
44411,57.54979873308412,200078,Maplewood Area JVSD CTPD,57.38780748162303,0.9971851986448744,assigned
44412,58.77928304017535,200078,Maplewood Area JVSD CTPD,44.15533358834006,0.7512057191674167,assigned
44413,63.38654870034368,200015,Columbiana County JVSD CTPD,63.38654869956402,0.9999999999876998,assigned
44415,0.9497003844277561,200015,Columbiana County JVSD CTPD,0.9497003844274878,0.9999999999997176,assigned
44417,89.37516595764271,200099,Trumbull County JVSD CTPD,89.17089092041516,0.9977144094219152,assigned
44418,42.977641196339604,200099,Trumbull County JVSD CTPD,42.97764119633913,0.9999999999999889,assigned
44420,38.505316761675715,200099,Trumbull County JVSD CTPD,38.50531676167477,0.9999999999999755,assigned
44423,75.54408146784137,200015,Columbiana County JVSD CTPD,75.54404786797859,0.9999995552283896,assigned
44424,5.765316078969568,200099,Trumbull County JVSD CTPD,5.76531607897006,1,assigned
44425,79.25154886929911,200099,Trumbull County JVSD CTPD,76.88476690807781,0.9701358270596757,assigned
44427,82.73344666564971,200101,Buckeye JVSD CTPD,43.33082429289429,0.5237401080122643,assigned
44428,147.73465614428247,200099,Trumbull County JVSD CTPD,142.57248746093893,0.965057835324015,assigned
44429,24.04291524916896,200063,Mahoning County JVSD CTPD,23.3221740484236,0.9700227200705093,assigned
44430,34.19856782000327,200099,Trumbull County JVSD CTPD,34.1985678200044,1,assigned
44431,71.36255078522784,200015,Columbiana County JVSD CTPD,71.36249062288829,0.9999991569480227,assigned
44432,276.0019911514191,200015,Columbiana County JVSD CTPD,276.0019911514187,0.9999999999999986,assigned
44436,57.96058778942102,200063,Mahoning County JVSD CTPD,34.0843066833874,0.5880600591426107,assigned
44437,10.054480993268768,200099,Trumbull County JVSD CTPD,9.476970527691574,0.942561882014216,assigned
44438,24.49576756717183,200099,Trumbull County JVSD CTPD,24.4957658563793,0.9999999301596685,assigned
44439,7.53820811611855,200099,Trumbull County JVSD CTPD,7.538208116119504,1,assigned
44440,24.732388556185327,200099,Trumbull County JVSD CTPD,23.963249834739713,0.9689015591964222,assigned
44441,43.12970864693357,200015,Columbiana County JVSD CTPD,43.12970864693372,1,assigned
44442,23.637996564074694,200063,Mahoning County JVSD CTPD,23.637996564074367,0.9999999999999861,assigned
44443,35.551186527046674,200063,Mahoning County JVSD CTPD,30.644360250334127,0.8619785510399344,assigned
44444,107.24577017234222,200099,Trumbull County JVSD CTPD,73.88658130690186,0.6889463443468896,assigned
44445,40.23774911479968,200015,Columbiana County JVSD CTPD,40.237749114797815,0.9999999999999536,assigned
44446,37.73451752137077,200099,Trumbull County JVSD CTPD,37.734517521371345,1,assigned
44449,35.73362005626356,200063,Mahoning County JVSD CTPD,29.341754033595265,0.8211245876403195,assigned
44450,119.63951732569248,200099,Trumbull County JVSD CTPD,119.61955392563453,0.9998331370728988,assigned
44451,102.65413424616453,200063,Mahoning County JVSD CTPD,102.64807777686012,0.9999410012139415,assigned
44452,37.61432607172067,200063,Mahoning County JVSD CTPD,37.59535270696052,0.9994955814249078,assigned
44454,18.036859968173115,200063,Mahoning County JVSD CTPD,16.51029488543391,0.9153641440121563,assigned
44455,46.57235477865689,200015,Columbiana County JVSD CTPD,46.57235477865684,0.9999999999999989,assigned
44460,279.30366740772365,200063,Mahoning County JVSD CTPD,152.8755604198547,0.5473453386370651,assigned
44470,70.45423463361698,200099,Trumbull County JVSD CTPD,70.40612345866633,0.9993171286977874,assigned
44471,12.24399085030894,200063,Mahoning County JVSD CTPD,12.243984308577165,0.9999994657189919,assigned
44473,63.48501898726724,200099,Trumbull County JVSD CTPD,63.48501898726985,1,assigned
44481,147.700750697646,200099,Trumbull County JVSD CTPD,143.09824390158167,0.9688389749251446,assigned
44483,47.686930151641725,200099,Trumbull County JVSD CTPD,47.68693015164014,0.9999999999999668,assigned
44484,46.347052051378995,200099,Trumbull County JVSD CTPD,46.347052051379976,1,assigned
44485,20.591537106228554,200099,Trumbull County JVSD CTPD,20.59153710622844,0.9999999999999944,assigned
44490,2.091806248525668,200015,Columbiana County JVSD CTPD,2.010912304590002,0.9613281851544897,assigned
44491,79.50797954640996,200099,Trumbull County JVSD CTPD,66.48383098039183,0.8361906736868374,assigned
44493,2.969707032042533,200015,Columbiana County JVSD CTPD,2.9697070320422054,0.9999999999998896,assigned
44502,14.700008391092867,200064,Youngstown City CTPD,14.68514788943553,0.9989890820969639,assigned
44503,1.21919160833174,200064,Youngstown City CTPD,1.2191916083315966,0.9999999999998823,assigned
44504,3.200957836475173,200064,Youngstown City CTPD,3.150713835777536,0.9843034481350856,assigned
44505,47.236009924405366,200064,Youngstown City CTPD,30.56384015802616,0.6470453411907423,assigned
44506,4.884388754208887,200064,Youngstown City CTPD,4.882455747715532,0.9996042480255715,assigned
44507,4.531443444280799,200064,Youngstown City CTPD,4.527019907034431,0.999023812765014,assigned
44509,14.729659194296717,200064,Youngstown City CTPD,13.19181916058417,0.8955956812423743,assigned
44510,5.161662477159142,200064,Youngstown City CTPD,5.16166247715922,1,assigned
44511,19.60194563507592,200064,Youngstown City CTPD,11.157131847332376,0.5691849194483883,assigned
44512,44.491411473445446,200063,Mahoning County JVSD CTPD,43.472289280280414,0.9770939568016787,assigned
44514,60.54426585012405,200063,Mahoning County JVSD CTPD,58.34424364944112,0.9636625835693666,assigned
44515,51.1713976528697,200063,Mahoning County JVSD CTPD,50.883526427899646,0.994374372439016,assigned
44555,0.24475667388397454,200064,Youngstown City CTPD,0.24475667388415337,1,assigned
44601,220.2814802472132,200089,Alliance City CTPD,164.32820412513692,0.74599191879734,assigned
44606,110.1360217645005,200105,Wayne County JVSD CTPD,110.13602176449831,0.9999999999999801,assigned
44607,3.4278109142189326,200101,Buckeye JVSD CTPD,3.427810914219022,1,assigned
44608,57.72370936147515,200094,Stark County Area JVSD CTPD,46.130055037325505,0.7991526453792441,assigned
44609,70.8396670771141,200063,Mahoning County JVSD CTPD,70.8396670771132,0.9999999999999873,assigned
44610,0.6974101471783481,200101,Buckeye JVSD CTPD,0.6974101471783519,1,assigned
44611,69.1092757650257,200003,Heartland Technical Education Center CTPD,68.78166349605141,0.9952595036578276,assigned
44612,68.79462861382454,200101,Buckeye JVSD CTPD,59.356498195518,0.862807160842643,assigned
44613,5.245894810373306,200094,Stark County Area JVSD CTPD,5.245894810372978,0.9999999999999375,assigned
44614,59.954475798651394,200094,Stark County Area JVSD CTPD,53.52035920389608,0.8926832983018085,assigned
44615,375.5552597348024,200101,Buckeye JVSD CTPD,370.666270591049,0.9869819713157373,assigned
44618,109.13599368709096,200105,Wayne County JVSD CTPD,100.33249521663066,0.9193346010510407,assigned
44619,1.4725741301921123,200063,Mahoning County JVSD CTPD,1.4725741301920117,0.9999999999999317,assigned
44620,62.4525003799288,200101,Buckeye JVSD CTPD,57.50535051828499,0.9207853995989288,assigned
44621,83.15684240249647,200101,Buckeye JVSD CTPD,83.15684240248956,0.999999999999917,assigned
44622,145.16694243544637,200101,Buckeye JVSD CTPD,145.1669424354458,0.9999999999999961,assigned
44624,127.13459633569963,200101,Buckeye JVSD CTPD,112.98265798846445,0.8886853873365288,assigned
44625,50.22959701388162,200015,Columbiana County JVSD CTPD,22.99122478846966,0.4577226606479786,assigned
44626,73.282383937777,200115,Canton Local CTPD,49.60184626143057,0.67685907029917,assigned
44627,123.05987554767505,200105,Wayne County JVSD CTPD,65.63096107060474,0.533325430230737,assigned
44628,106.2386790755874,200003,Heartland Technical Education Center CTPD,71.82920684561059,0.6761116334523047,assigned
44629,54.87448871152014,200101,Buckeye JVSD CTPD,54.87448871151948,0.9999999999999881,assigned
44630,0.03002825046346616,200093,Stark County Career Compact,0.030028250463441014,0.9999999999991626,assigned
44632,73.17431376645021,200093,Stark County Career Compact,39.78654292292222,0.5437228021011385,assigned
44633,58.16130199015948,200105,Wayne County JVSD CTPD,56.367276662030235,0.9691543128035067,assigned
44634,47.16190606693291,200063,Mahoning County JVSD CTPD,38.090724117644676,0.8076587079323242,assigned
44637,135.88762228605617,200003,Heartland Technical Education Center CTPD,116.97106773014056,0.8607926591275952,assigned
44638,74.64886677661589,200003,Heartland Technical Education Center CTPD,74.64485835460084,0.9999463029756762,assigned
44639,0.6005664358579209,200101,Buckeye JVSD CTPD,0.6005664358576648,0.9999999999995736,assigned
44640,0.6069263071976081,200089,Alliance City CTPD,0.6068347856370062,0.9998492048218762,assigned
44641,142.48860357162678,200094,Stark County Area JVSD CTPD,87.22498862407875,0.6121541403150331,assigned
44643,77.55071757930811,200115,Canton Local CTPD,76.34402907978993,0.9844400085881327,assigned
44644,62.42464298348139,200094,Stark County Area JVSD CTPD,62.25178887770845,0.9972309956851707,assigned
44645,64.05602552307302,200105,Wayne County JVSD CTPD,61.638534486481994,0.9622597403312161,assigned
44646,75.00334803294534,200115,Canton Local CTPD,29.949026308748888,0.3993025257431672,assigned
44647,75.25069368019065,200094,Stark County Area JVSD CTPD,51.46418310595478,0.6839031055935961,assigned
44651,58.46711899107694,200101,Buckeye JVSD CTPD,58.46707296711123,0.9999992128230961,assigned
44652,0.5577982093236931,200093,Stark County Career Compact,0.5577982093236744,0.9999999999999666,assigned
44653,1.5167262432648987,200101,Buckeye JVSD CTPD,1.5167262432649882,1,assigned
44654,416.35883982418045,200003,Heartland Technical Education Center CTPD,231.65001293257475,0.556371069317024,assigned
44656,106.80911681606418,200101,Buckeye JVSD CTPD,81.52777808610168,0.7633035504497293,assigned
44657,163.78261963507808,200094,Stark County Area JVSD CTPD,140.37423984082818,0.857076533234077,assigned
44659,0.4189190705345273,200105,Wayne County JVSD CTPD,0.4189190705344193,0.9999999999997421,assigned
44660,1.9407067631062418,200101,Buckeye JVSD CTPD,1.940706763105929,0.9999999999998388,assigned
44661,1.7018309226019979,200003,Heartland Technical Education Center CTPD,1.7018309226020574,1,assigned
44662,149.93929910987688,200094,Stark County Area JVSD CTPD,126.40969976626212,0.8430725001163833,assigned
44663,251.30236698050544,200101,Buckeye JVSD CTPD,251.30236698050803,1,assigned
44665,1.3856481120185553,200063,Mahoning County JVSD CTPD,1.3856481120188235,1,assigned
44666,61.15186137346953,200094,Stark County Area JVSD CTPD,45.97425215399727,0.7518046241179994,assigned
44667,116.01412217701352,200105,Wayne County JVSD CTPD,116.01412217701387,1,assigned
44669,46.16074892516816,200094,Stark County Area JVSD CTPD,34.345610220580944,0.7440436089167248,assigned
44670,0.39118298758025094,200094,Stark County Area JVSD CTPD,0.39118298758027703,1,assigned
44671,2.289623544812128,200115,Canton Local CTPD,2.289623544811707,0.9999999999998161,assigned
44672,8.190561307899788,200063,Mahoning County JVSD CTPD,8.1905613078995,0.9999999999999649,assigned
44675,71.02241608498255,200101,Buckeye JVSD CTPD,71.02241608498574,1,assigned
44676,144.5848405006386,200105,Wayne County JVSD CTPD,106.50873462651013,0.7366521570153111,assigned
44677,44.085755986298025,200105,Wayne County JVSD CTPD,44.08575598629987,1,assigned
44678,7.70195225508213,200101,Buckeye JVSD CTPD,7.701952255082428,1,assigned
44680,47.12170036862023,200101,Buckeye JVSD CTPD,47.1165151106436,0.9998899602956585,assigned
44681,146.09154197320714,200101,Buckeye JVSD CTPD,146.0915419732065,0.9999999999999956,assigned
44682,1.1754440668470263,200101,Buckeye JVSD CTPD,1.175444066846881,0.9999999999998764,assigned
44683,175.5647810470801,200101,Buckeye JVSD CTPD,168.95699701214917,0.9623627017017784,assigned
44685,66.44467022088243,200098,Portage Lakes JVSD CTPD,34.23850989706215,0.515293548500472,assigned
44687,1.3738534611464153,200101,Buckeye JVSD CTPD,1.3738534611465334,1,assigned
44688,60.31355819202333,200115,Canton Local CTPD,48.65251885084003,0.8066597347140845,assigned
44689,6.9986374539936635,200101,Buckeye JVSD CTPD,6.03053002677799,0.8616720135055377,assigned
44690,0.5178532695241869,200101,Buckeye JVSD CTPD,0.5178532695240975,0.9999999999998275,assigned
44691,402.9404304036194,200105,Wayne County JVSD CTPD,386.8805064328019,0.960143180581977,assigned
44693,4.131765986347497,200006,Belmont-Harrison Area JVSD CTPD,4.1317659863471095,0.9999999999999063,assigned
44695,77.53794617524008,200101,Buckeye JVSD CTPD,75.85883943875686,0.9783447096639838,assigned
44697,4.175518916421536,200101,Buckeye JVSD CTPD,4.175518916421637,1,assigned
44699,156.91148472506447,200006,Belmont-Harrison Area JVSD CTPD,111.08170165593425,0.7079258847787224,assigned
44702,1.4026314463015497,200090,Canton City CTPD,1.40263144630152,0.9999999999999788,assigned
44703,2.7267344647632985,200090,Canton City CTPD,2.726734464763351,1,assigned
44704,5.371566680476772,200090,Canton City CTPD,2.9908148671228068,0.5567863241823048,assigned
44705,20.833716452364236,200093,Stark County Career Compact,13.252279045869194,0.6360976965473344,assigned
44706,48.718535573353606,200115,Canton Local CTPD,41.394499896431086,0.8496663417582615,assigned
44707,39.67871411532396,200115,Canton Local CTPD,32.74687691221255,0.8253008607344376,assigned
44708,26.975475093427242,200093,Stark County Career Compact,12.262778217744538,0.4545898886033873,assigned
44709,15.057207985816241,200093,Stark County Career Compact,11.060867677136699,0.7345895525621975,assigned
44710,5.714433303862661,200115,Canton Local CTPD,3.2677094971688594,0.571834392565236,assigned
44714,6.779003157539636,200093,Stark County Career Compact,4.539878775215924,0.6696971029090983,assigned
44718,22.45619211146307,200093,Stark County Career Compact,22.447106621823043,0.9995954127220265,assigned
44720,89.56181417169995,200093,Stark County Career Compact,65.76322089166223,0.7342774540674983,assigned
44721,41.148381322465674,200093,Stark County Career Compact,33.86560956767356,0.8230119503919353,assigned
44730,93.7281012635043,200115,Canton Local CTPD,86.40821157520601,0.9219029342361329,assigned
44802,71.84986055466557,200116,Millstream Career Cooperative CTPD,42.42648742310196,0.5904880969229244,assigned
44804,50.40270296060747,200116,Millstream Career Cooperative CTPD,50.27047926582992,0.9973766546829663,assigned
44805,396.15970583566195,200003,Heartland Technical Education Center CTPD,329.13828971550674,0.83082222867977,assigned
44807,181.5151160840018,200085,Vanguard-Sentinel JVSD CTPD,160.6054183771382,0.884804647910497,assigned
44809,1.2630977191601098,200085,Vanguard-Sentinel JVSD CTPD,1.2630977191599757,0.9999999999998939,assigned
44811,307.1685093241695,200032,EHOVE JVSD CTPD,249.5570100584898,0.8124433413033249,assigned
44813,177.37711298307195,200051,Knox County JVSD CTPD,149.53864716650833,0.8430549164523813,assigned
44814,66.23011809011572,200032,EHOVE JVSD CTPD,52.15526315623066,0.7874855829981433,assigned
44815,2.9776147084897757,200085,Vanguard-Sentinel JVSD CTPD,2.9776147084895337,0.9999999999999187,assigned
44817,80.19300439767594,200039,Penta County JVSD CTPD,76.07286630548892,0.9486222255528012,assigned
44818,195.2612155150553,200083,Pioneer CTC JVSD CTPD,177.45631322755258,0.9088149572328669,assigned
44820,417.3471664613411,200083,Pioneer CTC JVSD CTPD,416.71995554086396,0.9984971482475964,assigned
44822,118.48548666154385,200051,Knox County JVSD CTPD,118.47310509964323,0.9998955014470593,assigned
44824,66.53256798956296,200032,EHOVE JVSD CTPD,66.5325679895649,1,assigned
44825,0.25343932358431814,200083,Pioneer CTC JVSD CTPD,0.2534393235843019,0.9999999999999358,assigned
44826,73.14804585393658,200032,EHOVE JVSD CTPD,73.14804585393709,1,assigned
44827,125.89561331726074,200083,Pioneer CTC JVSD CTPD,125.89561331725996,0.9999999999999938,assigned
44828,0.40442260319289564,200032,EHOVE JVSD CTPD,0.40442260319289564,1,assigned
44830,307.8395618464481,200085,Vanguard-Sentinel JVSD CTPD,230.67307906597017,0.7493288961378884,assigned
44833,234.88194815326563,200083,Pioneer CTC JVSD CTPD,222.74413008569954,0.9483237508757127,assigned
44836,92.71024458559,200085,Vanguard-Sentinel JVSD CTPD,75.21781506556742,0.811321503915637,assigned
44837,173.61587202042085,200032,EHOVE JVSD CTPD,112.36791561561073,0.6472214452973165,assigned
44838,0.7114066771421507,200003,Heartland Technical Education Center CTPD,0.7114066771421284,0.9999999999999686,assigned
44839,95.4010705136734,200032,EHOVE JVSD CTPD,94.0680920681815,0.986027636395329,assigned
44840,126.68666554913355,200003,Heartland Technical Education Center CTPD,123.10194214747858,0.971704019628927,assigned
44841,51.39842231036871,200085,Vanguard-Sentinel JVSD CTPD,51.398422310369014,1,assigned
44842,189.29729459695267,200003,Heartland Technical Education Center CTPD,189.29264564435852,0.9999754409982242,assigned
44843,71.16537839204003,200083,Pioneer CTC JVSD CTPD,65.8781105809019,0.9257044938058039,assigned
44844,47.61219283996692,200085,Vanguard-Sentinel JVSD CTPD,47.60636739196169,0.9998776479792726,assigned
44846,58.438616377828595,200032,EHOVE JVSD CTPD,58.43861637782878,1,assigned
44847,177.99273856425495,200032,EHOVE JVSD CTPD,155.39000448370783,0.8730131674872367,assigned
44849,130.4477127354802,200083,Pioneer CTC JVSD CTPD,82.19426079909356,0.6300935376748673,assigned
44850,0.9910026619214714,200083,Pioneer CTC JVSD CTPD,0.991002661921531,1,assigned
44851,198.95540818245348,200032,EHOVE JVSD CTPD,157.08365684663355,0.7895420299536611,assigned
44853,70.72769088981318,200085,Vanguard-Sentinel JVSD CTPD,70.72769088981104,0.9999999999999699,assigned
44854,106.09052249763899,200083,Pioneer CTC JVSD CTPD,99.4183059484353,0.9371082695030353,assigned
44855,72.24805964594331,200032,EHOVE JVSD CTPD,70.39285240054727,0.9743217014479334,assigned
44856,0.10315976823299472,200083,Pioneer CTC JVSD CTPD,0.10315976823299378,0.9999999999999909,assigned
44857,212.55067892556139,200032,EHOVE JVSD CTPD,212.55067892556542,1,assigned
44859,81.03297374172274,200003,Heartland Technical Education Center CTPD,66.5673194730101,0.8214843464239734,assigned
44861,0.5554445053266185,200085,Vanguard-Sentinel JVSD CTPD,0.5554445053264498,0.9999999999996964,assigned
44864,157.98502435121486,200003,Heartland Technical Education Center CTPD,122.88245706438204,0.7778107929470791,assigned
44865,99.77080615899101,200083,Pioneer CTC JVSD CTPD,93.71907818617848,0.939343699767558,assigned
44866,71.2959627101945,200003,Heartland Technical Education Center CTPD,64.52665774303851,0.9050534601142561,assigned
44867,159.58277649492567,200085,Vanguard-Sentinel JVSD CTPD,139.21898667816032,0.8723935611095671,assigned
44870,167.1513644611695,200032,EHOVE JVSD CTPD,135.23598622578365,0.8090630110123928,assigned
44874,1.104822967309907,200083,Pioneer CTC JVSD CTPD,1.104822967310071,1,assigned
44875,212.28394380639696,200083,Pioneer CTC JVSD CTPD,212.28394380640364,1,assigned
44878,150.75431599288336,200083,Pioneer CTC JVSD CTPD,133.41805119916276,0.8850031942399647,assigned
44880,78.5733199374206,200066,Medina County JVSD CTPD,76.7754184999275,0.9771181688781251,assigned
44881,0.16064373374783994,200083,Pioneer CTC JVSD CTPD,0.16064373374781757,0.9999999999998608,assigned
44882,185.61847402224828,200085,Vanguard-Sentinel JVSD CTPD,145.89360853678156,0.7859864666234392,assigned
44883,430.5871856745,200085,Vanguard-Sentinel JVSD CTPD,420.62477274331917,0.9768631922578581,assigned
44887,77.71069134322036,200083,Pioneer CTC JVSD CTPD,77.71069134321905,0.9999999999999831,assigned
44889,200.1342664301703,200032,EHOVE JVSD CTPD,121.38210097481168,0.6065033396825307,assigned
44890,221.73015938616294,200083,Pioneer CTC JVSD CTPD,151.23310556423218,0.6820592470726825,assigned
44901,0.047409264978960156,200082,Mansfield City CTPD,0.04740926497897506,1,assigned
44902,5.0979888098429065,200082,Mansfield City CTPD,5.087008410013254,0.9978461310451581,assigned
44903,301.6002370813125,200083,Pioneer CTC JVSD CTPD,199.32206242251047,0.6608816503309728,assigned
44904,136.70340674391852,200083,Pioneer CTC JVSD CTPD,125.25319747773348,0.9162404980321062,assigned
44905,33.333240979990094,200081,Madison Local CTPD,30.837485844266617,0.9251271384855233,assigned
44906,50.66892130855315,200083,Pioneer CTC JVSD CTPD,27.962976386102824,0.5518762915006549,assigned
44907,20.19888371228656,200081,Madison Local CTPD,10.622171654595062,0.5258791429218347,assigned
45001,2.366467572297506,200044,Great Oaks Career Campuses,2.3399513624556736,0.9887950250608806,assigned
45002,68.6311299110947,200044,Great Oaks Career Campuses,67.51028880179659,0.9836686193167727,assigned
45003,41.60593729043165,200079,College Corner Local CTPD,24.843371362998486,0.5971112052969386,assigned
45005,96.40595400568633,200103,Warren County JVSD CTPD,72.17022990161607,0.7486076004948744,assigned
45011,158.25793166769435,200008,Butler County JVSD CTPD,158.25793166770003,1,assigned
45013,306.2032292184491,200008,Butler County JVSD CTPD,296.24133438932483,0.9674663952612422,assigned
45014,59.37786582741253,200008,Butler County JVSD CTPD,59.37786582741186,0.9999999999999888,assigned
45015,14.869580079696119,200008,Butler County JVSD CTPD,14.869580079696537,1,assigned
45030,106.70567163009206,200044,Great Oaks Career Campuses,106.65990907276976,0.9995711328496115,assigned
45032,0.9931190562824999,200044,Great Oaks Career Campuses,0.9931190562825128,1,assigned
45033,0.8043475943171577,200044,Great Oaks Career Campuses,0.8043475943172574,1,assigned
45034,2.002053945731178,200103,Warren County JVSD CTPD,2.0020539457313458,1,assigned
45036,210.81078667281284,200103,Warren County JVSD CTPD,200.8221704488638,0.9526180971021574,assigned
45039,41.18386508607977,200103,Warren County JVSD CTPD,41.18386508608119,1,assigned
45040,73.80338947808949,200044,Great Oaks Career Campuses,59.0543076750637,0.8001571214096549,assigned
45041,0.4989490528745949,200044,Great Oaks Career Campuses,0.49894905287461166,1,assigned
45042,129.10410269071002,200008,Butler County JVSD CTPD,117.34294948122543,0.9089017857344135,assigned
45044,99.2836625647931,200008,Butler County JVSD CTPD,95.15270924801165,0.9583924161330615,assigned
45050,21.815306148719205,200008,Butler County JVSD CTPD,21.814597651380257,0.9999675229247704,assigned
45051,1.166034836412996,200044,Great Oaks Career Campuses,1.1660348364128768,0.9999999999998977,assigned
45052,36.63692710510374,200044,Great Oaks Career Campuses,36.636766679620166,0.9999956212079929,assigned
45053,70.32936918218684,200008,Butler County JVSD CTPD,61.84186312275946,0.8793177564632969,assigned
45054,80.61630401583254,200044,Great Oaks Career Campuses,46.32722751452381,0.5746632530489791,assigned
45055,0.5766223565626294,200008,Butler County JVSD CTPD,0.5766223565626144,0.999999999999974,assigned
45056,194.15861037753558,200008,Butler County JVSD CTPD,194.14883027269505,0.9999496282713318,assigned
45062,2.064184005958885,200008,Butler County JVSD CTPD,2.064184005959049,1,assigned
45064,83.75960725261807,200008,Butler County JVSD CTPD,52.68496714093774,0.629002079511195,assigned
45065,7.816859772039543,200103,Warren County JVSD CTPD,7.816859772039786,1,assigned
45066,52.83390539932618,200103,Warren County JVSD CTPD,52.6426352911071,0.996379784784535,assigned
45067,51.30575017807741,200008,Butler County JVSD CTPD,51.3057501780781,1,assigned
45068,194.08264087849287,200103,Warren County JVSD CTPD,132.22865494718891,0.681300781711703,assigned
45069,75.1107582257502,200008,Butler County JVSD CTPD,72.40151119033209,0.9639299735561808,assigned
45070,1.047340570736371,200073,Miami Valley Career Technology JVSD CTPD,1.0473405707363785,1,assigned
45101,46.86594807251644,200007,Southern Hills JVSD CTPD,46.22493700358822,0.9863224559559454,assigned
45102,57.658121530394496,200044,Great Oaks Career Campuses,50.53602343795356,0.8764771049870829,assigned
45103,227.72178830023034,200044,Great Oaks Career Campuses,184.77890042123536,0.8114238949222605,assigned
45105,0.024370014330111444,200107,Ohio Valley Local CTPD,0.02437001433005929,0.9999999999978599,assigned
45106,193.17148336480585,200012,U S Grant JVSD CTPD,152.73167081204707,0.790653300123042,assigned
45107,209.45674700612634,200044,Great Oaks Career Campuses,143.26527686143334,0.6839850179533391,assigned
45111,3.6404731701188284,200044,Great Oaks Career Campuses,3.6404731701192556,1,assigned
45112,1.0199228106448055,200012,U S Grant JVSD CTPD,1.0199227777224331,0.9999999677207215,assigned
45113,98.37747130677909,200044,Great Oaks Career Campuses,87.04516891718006,0.8848079520741033,assigned
45115,11.727002015277208,200007,Southern Hills JVSD CTPD,11.726930444654524,0.999993896937803,assigned
45118,106.53806732065351,200007,Southern Hills JVSD CTPD,92.44819640071492,0.8677480146365756,assigned
45119,0.03854628208148479,200007,Southern Hills JVSD CTPD,0.03854628208149597,1,assigned
45120,101.9363813425178,200012,U S Grant JVSD CTPD,76.73573323641378,0.7527806287195247,assigned
45121,280.7405752739009,200007,Southern Hills JVSD CTPD,267.2093904690005,0.9518018199125691,assigned
45122,109.73157791342928,200044,Great Oaks Career Campuses,101.80587844125618,0.9277719356371059,assigned
45123,279.5399021919284,200044,Great Oaks Career Campuses,279.5399021919309,1,assigned
45130,98.25307624856826,200007,Southern Hills JVSD CTPD,81.3042577686823,0.8274983427795429,assigned
45131,0.7651301147929132,200007,Southern Hills JVSD CTPD,0.7651301147929132,1,assigned
45132,0.39304261885179953,200044,Great Oaks Career Campuses,0.393042618851766,0.9999999999999147,assigned
45133,823.253853460274,200044,Great Oaks Career Campuses,534.8795726074472,0.6497140224236531,assigned
45135,193.70275927789933,200044,Great Oaks Career Campuses,193.7027592778995,1,assigned
45140,115.89565183705211,200044,Great Oaks Career Campuses,81.79058277092913,0.7057260688772492,assigned
45142,160.56167982184053,200044,Great Oaks Career Campuses,150.2910181730566,0.9360329210545115,assigned
45144,186.2731828520295,200107,Ohio Valley Local CTPD,168.63718668951591,0.9053218724644698,assigned
45146,67.30319901837719,200044,Great Oaks Career Campuses,67.30319901837802,1,assigned
45147,0.5855046630536764,200044,Great Oaks Career Campuses,0.5855046630536914,1,assigned
45148,63.03089197194719,200044,Great Oaks Career Campuses,61.324790873106835,0.9729323027889296,assigned
45150,84.52229472563835,200044,Great Oaks Career Campuses,84.52229472563687,0.9999999999999826,assigned
45152,126.96230623001445,200103,Warren County JVSD CTPD,126.95765962713038,0.9999634017132956,assigned
45153,74.7941857347334,200012,U S Grant JVSD CTPD,74.79418534785415,0.9999999948274154,assigned
45154,170.34647890144515,200007,Southern Hills JVSD CTPD,150.91748572376346,0.8859442631102318,assigned
45155,1.2674036250951886,200007,Southern Hills JVSD CTPD,1.2674036250951588,0.9999999999999766,assigned
45156,0.4700794047575593,200012,U S Grant JVSD CTPD,0.4700794047575593,1,assigned
45157,107.74856225247588,200012,U S Grant JVSD CTPD,106.18933725600036,0.9855290412801802,assigned
45158,6.768264973595947,200044,Great Oaks Career Campuses,6.768264973595381,0.9999999999999163,assigned
45159,141.73358900020708,200044,Great Oaks Career Campuses,141.73358900020682,0.9999999999999982,assigned
45160,0.7891514821119606,200044,Great Oaks Career Campuses,0.789151482111901,0.9999999999999245,assigned
45162,62.3905880137463,200044,Great Oaks Career Campuses,36.81638257706871,0.5900951369292605,assigned
45164,0.45416565540789255,200044,Great Oaks Career Campuses,0.4541390507815182,0.9999414208757146,assigned
45166,1.9152233807783798,200044,Great Oaks Career Campuses,1.9152233807783128,0.999999999999965,assigned
45167,162.37450828552855,200007,Southern Hills JVSD CTPD,162.37375659668825,0.9999953706474727,assigned
45168,71.6640108582078,200007,Southern Hills JVSD CTPD,71.66401085820843,1,assigned
45169,243.52549079478013,200044,Great Oaks Career Campuses,221.1086653218521,0.9079487514848342,assigned
45171,210.80783138792478,200007,Southern Hills JVSD CTPD,153.373311345767,0.727550349225557,assigned
45172,1.1427743936184496,200107,Ohio Valley Local CTPD,1.1427743936185017,1,assigned
45174,3.351985190464288,200044,Great Oaks Career Campuses,3.35198519046399,0.9999999999999111,assigned
45176,139.01924183070201,200012,U S Grant JVSD CTPD,59.767859569987685,0.4299250865054575,assigned
45177,446.4493878820287,200044,Great Oaks Career Campuses,446.44938788203274,1,assigned
45202,7.648850355336566,200043,Cincinnati City CTPD,7.648844615146398,0.9999992495355641,assigned
45203,3.326755649388999,200043,Cincinnati City CTPD,3.326744147916734,0.9999965427360837,assigned
45204,8.79274081334879,200043,Cincinnati City CTPD,8.339844118707228,0.9484919771598418,assigned
45205,7.247408323844299,200043,Cincinnati City CTPD,7.240115440928132,0.9989937253994405,assigned
45206,5.282303304944603,200043,Cincinnati City CTPD,5.282303304944173,0.9999999999999186,assigned
45207,3.0463297927701696,200043,Cincinnati City CTPD,3.0417561835384817,0.9984986493443545,assigned
45208,11.162328568137404,200043,Cincinnati City CTPD,11.161584107324433,0.9999333059577644,assigned
45209,5.881264763350695,200043,Cincinnati City CTPD,5.441558213522981,0.9252360559300509,assigned
45211,23.342637619204165,200043,Cincinnati City CTPD,16.856453273671985,0.7221314724007047,assigned
45212,9.490287648899914,200044,Great Oaks Career Campuses,7.735948214806151,0.8151437028047174,assigned
45213,8.101243304075556,200043,Cincinnati City CTPD,8.101243304076105,1,assigned
45214,7.012956305020168,200043,Cincinnati City CTPD,7.012956305020421,1,assigned
45215,31.081870094145806,200044,Great Oaks Career Campuses,29.426197904365647,0.9467318991822181,assigned
45216,7.24343359713833,200043,Cincinnati City CTPD,6.1223679146004555,0.8452300739002045,assigned
45217,5.672746315356385,200044,Great Oaks Career Campuses,3.974447382765458,0.7006213854489574,assigned
45218,3.374107602005988,200044,Great Oaks Career Campuses,3.3741076020058545,0.9999999999999604,assigned
45219,4.138830484483927,200043,Cincinnati City CTPD,4.13883048448398,1,assigned
45220,7.5230605600789335,200043,Cincinnati City CTPD,7.523060560078993,1,assigned
45223,12.027486847826987,200043,Cincinnati City CTPD,11.764252394775175,0.9781139271751214,assigned
45224,15.75076606908831,200043,Cincinnati City CTPD,9.887427579193051,0.6277426466638748,assigned
45225,7.654033683792576,200043,Cincinnati City CTPD,7.654033683792308,0.9999999999999649,assigned
45226,15.956399025592722,200043,Cincinnati City CTPD,15.29544245111712,0.9585773348099729,assigned
45227,15.144949287894155,200043,Cincinnati City CTPD,8.477301354581199,0.5597444529812575,assigned
45229,7.021023113254927,200043,Cincinnati City CTPD,6.993061803871587,0.9960174879170314,assigned
45230,36.600788741407456,200044,Great Oaks Career Campuses,22.629135677307314,0.6182690716636488,assigned
45231,38.854922433169946,200044,Great Oaks Career Campuses,34.82296686009523,0.8962305077301431,assigned
45232,10.544935139922142,200043,Cincinnati City CTPD,10.514562005319775,0.9971196470912962,assigned
45233,28.746418095966266,200044,Great Oaks Career Campuses,21.41568600920025,0.7449862427279358,assigned
45236,17.819614846301914,200044,Great Oaks Career Campuses,12.331948183625087,0.6920434751250711,assigned
45237,15.775763025201499,200043,Cincinnati City CTPD,14.93757640642398,0.9468687113619462,assigned
45238,26.638104814878442,200044,Great Oaks Career Campuses,13.988859810284538,0.5251447093364991,assigned
45239,16.229940205493612,200008,Butler County JVSD CTPD,10.603944737158399,0.6533569811655319,assigned
45240,25.409361704174994,200044,Great Oaks Career Campuses,21.21984587438268,0.8351192021835032,assigned
45241,45.38417781400764,200044,Great Oaks Career Campuses,38.27158461700529,0.8432803338169744,assigned
45242,35.235928234953555,200044,Great Oaks Career Campuses,35.23592823495319,0.9999999999999897,assigned
45243,50.46189388654123,200044,Great Oaks Career Campuses,50.312446436618266,0.9970384098096083,assigned
45244,57.99086040157043,200044,Great Oaks Career Campuses,57.982529029151735,0.9998563330090121,assigned
45245,41.12827350320321,200044,Great Oaks Career Campuses,28.609675110226863,0.6956206199124465,assigned
45246,24.422617451567397,200044,Great Oaks Career Campuses,20.082342067764916,0.8222845936800304,assigned
45247,55.155992463161006,200008,Butler County JVSD CTPD,49.16719644317926,0.8914207549799471,assigned
45248,29.461787267039284,200044,Great Oaks Career Campuses,29.30359167808466,0.9946304822745222,assigned
45249,17.663473746907666,200044,Great Oaks Career Campuses,17.004957183347717,0.9627187396434274,assigned
45251,30.851166171709522,200008,Butler County JVSD CTPD,30.368182733104856,0.9843447266817563,assigned
45252,29.766381781589182,200008,Butler County JVSD CTPD,29.762014344117745,0.9998532761723113,assigned
45255,34.0422407876806,200044,Great Oaks Career Campuses,31.626631358453135,0.9290408218338659,assigned
45267,0.11867790213279612,200043,Cincinnati City CTPD,0.11867790213280917,1,assigned
45301,0.28858530348041656,200042,Greene County JVSD CTPD,0.28858530348038675,0.9999999999998967,assigned
45302,135.2406341236531,200069,Upper Valley JVSD CTPD,135.20788298274516,0.9997578306171058,assigned
45303,80.71150146042586,200073,Miami Valley Career Technology JVSD CTPD,78.80190843561093,0.9763405092178685,assigned
45304,220.79773265997247,200073,Miami Valley Career Technology JVSD CTPD,219.8436418021158,0.9956788919597922,assigned
45305,36.05702102283561,200042,Greene County JVSD CTPD,36.056898771588806,0.9999966095023011,assigned
45306,80.85041129491138,200069,Upper Valley JVSD CTPD,76.46118785721681,0.9457117982778794,assigned
45307,0.4427496448441446,200042,Greene County JVSD CTPD,0.44274964484421164,1,assigned
45308,132.97399886465396,200069,Upper Valley JVSD CTPD,66.7362319451427,0.501874295087338,assigned
45309,170.88429242117172,200073,Miami Valley Career Technology JVSD CTPD,170.88429242117115,0.9999999999999967,assigned
45310,0.4507918043078147,200121,Tri Star CTPD,0.450791804307729,0.99999999999981,assigned
45311,221.12370299366725,200073,Miami Valley Career Technology JVSD CTPD,219.59278024359685,0.9930766230424685,assigned
45312,70.7948387538507,200073,Miami Valley Career Technology JVSD CTPD,69.37763170035686,0.9799814918934785,assigned
45314,133.61929872146038,200042,Greene County JVSD CTPD,120.05331997247065,0.898472908638227,assigned
45315,28.16618382795604,200073,Miami Valley Career Technology JVSD CTPD,28.16618382795681,1,assigned
45316,0.3299858292234354,200042,Greene County JVSD CTPD,0.3299858292234149,0.9999999999999379,assigned
45317,55.86374419999277,200056,Ohio Hi-Point JVSD CTPD,25.004260309628506,0.4475937062169159,assigned
45318,122.24698113905978,200069,Upper Valley JVSD CTPD,121.87071181713617,0.9969220563287726,assigned
45319,0.9221849703108669,200011,Springfield-Clark County JVSD CTPD,0.9221849703111052,1,assigned
45320,347.9191244116388,200073,Miami Valley Career Technology JVSD CTPD,347.91912441163566,0.999999999999991,assigned
45321,36.65604820042926,200073,Miami Valley Career Technology JVSD CTPD,36.65604820042944,1,assigned
45322,55.107237829537,200073,Miami Valley Career Technology JVSD CTPD,55.107237829535606,0.9999999999999747,assigned
45323,16.148588516474486,200011,Springfield-Clark County JVSD CTPD,15.844431312149212,0.9811650904340662,assigned
45324,88.040718813647,200042,Greene County JVSD CTPD,63.98227400190382,0.7267350251573146,assigned
45325,66.72690439753491,200073,Miami Valley Career Technology JVSD CTPD,66.72690439753359,0.9999999999999802,assigned
45326,60.79344266252911,200073,Miami Valley Career Technology JVSD CTPD,60.79344266252843,0.9999999999999888,assigned
45327,124.71838828569027,200073,Miami Valley Career Technology JVSD CTPD,122.65008227494884,0.983416190353554,assigned
45328,0.9873059488666878,200117,Greenville City CTPD,0.9873059488669634,1,assigned
45330,2.4086886467175486,200073,Miami Valley Career Technology JVSD CTPD,2.408688646717515,0.999999999999986,assigned
45331,393.07216015481947,200117,Greenville City CTPD,272.7689519454577,0.6939411629610758,assigned
45332,35.099730259897946,200073,Miami Valley Career Technology JVSD CTPD,35.099261475514545,0.9999866442169233,assigned
45333,59.38141671147072,200069,Upper Valley JVSD CTPD,59.381416711469946,0.999999999999987,assigned
45334,69.87256881437136,200069,Upper Valley JVSD CTPD,69.81499647088671,0.9991760379722463,assigned
45335,214.12168660962374,200042,Greene County JVSD CTPD,198.2822439158923,0.9260259764224203,assigned
45336,1.382432155278638,200069,Upper Valley JVSD CTPD,1.3824321552785337,0.9999999999999245,assigned
45337,53.90121152890795,200073,Miami Valley Career Technology JVSD CTPD,43.02217254435107,0.7981670786987357,assigned
45338,127.90626379066515,200073,Miami Valley Career Technology JVSD CTPD,127.9062637906628,0.9999999999999817,assigned
45339,36.77096965538772,200073,Miami Valley Career Technology JVSD CTPD,18.662501042711405,0.507533557521428,assigned
45340,62.41873658903506,200069,Upper Valley JVSD CTPD,62.41873658903474,0.9999999999999948,assigned
45341,18.36201668002832,200011,Springfield-Clark County JVSD CTPD,18.340696695384203,0.9988389083282282,assigned
45342,89.96353899200196,200073,Miami Valley Career Technology JVSD CTPD,87.48949364073056,0.9724994661282572,assigned
45344,182.02600537313117,200011,Springfield-Clark County JVSD CTPD,145.92369629912594,0.8016640039976711,assigned
45345,57.856999435537354,200073,Miami Valley Career Technology JVSD CTPD,57.856999435538185,1,assigned
45346,104.23308386774787,200073,Miami Valley Career Technology JVSD CTPD,104.23308386774313,0.9999999999999546,assigned
45347,143.7861510936452,200073,Miami Valley Career Technology JVSD CTPD,143.78533193765074,0.9999943029562428,assigned
45348,77.40469684740782,200073,Miami Valley Career Technology JVSD CTPD,58.69375008691931,0.7582711705805858,assigned
45349,0.45782494769030807,200011,Springfield-Clark County JVSD CTPD,0.45782494769036025,1,assigned
45350,0.504523423149623,200073,Miami Valley Career Technology JVSD CTPD,0.5045234231497049,1,assigned
45351,0.8811918019897491,200121,Tri Star CTPD,0.8811918019897211,0.9999999999999682,assigned
45352,0.3819027023710981,200073,Miami Valley Career Technology JVSD CTPD,0.38190270237119495,1,assigned
45353,7.254310562512875,200069,Upper Valley JVSD CTPD,7.254310562512776,0.9999999999999865,assigned
45354,2.3434877228078843,200073,Miami Valley Career Technology JVSD CTPD,2.343487722807869,0.9999999999999936,assigned
45356,197.50303008646907,200069,Upper Valley JVSD CTPD,171.39508687302956,0.8678099105517056,assigned
45358,0.4048528249082044,200073,Miami Valley Career Technology JVSD CTPD,0.4048528249080628,0.9999999999996502,assigned
45359,36.040576810251125,200069,Upper Valley JVSD CTPD,36.040576810250876,0.9999999999999931,assigned
45360,0.45001509901282194,200069,Upper Valley JVSD CTPD,0.45001509901268033,0.9999999999996854,assigned
45361,1.16596766777578,200073,Miami Valley Career Technology JVSD CTPD,1.1659676677758395,1,assigned
45362,82.76123582953751,200073,Miami Valley Career Technology JVSD CTPD,82.7599815007703,0.9999848440063196,assigned
45363,59.10854661857845,200069,Upper Valley JVSD CTPD,58.201830172789606,0.9846601464989523,assigned
45365,405.52815319634243,200069,Upper Valley JVSD CTPD,402.8150391876412,0.9933096777934733,assigned
45368,205.44199659698168,200011,Springfield-Clark County JVSD CTPD,195.0714084347815,0.9495206027298093,assigned
45369,111.78730392687392,200011,Springfield-Clark County JVSD CTPD,107.21295707382559,0.9590799071776465,assigned
45370,43.53351375653163,200042,Greene County JVSD CTPD,42.26506359517603,0.9708626744799508,assigned
45371,134.03938687848265,200073,Miami Valley Career Technology JVSD CTPD,134.03442014143585,0.9999629456896031,assigned
45372,0.5589602994142399,200011,Springfield-Clark County JVSD CTPD,0.5589602994142026,0.9999999999999333,assigned
45373,228.91943107570054,200073,Miami Valley Career Technology JVSD CTPD,134.7094276817772,0.5884578126407742,assigned
45377,55.64317140462309,200073,Miami Valley Career Technology JVSD CTPD,55.64317140462324,1,assigned
45378,0.7867607352644699,200073,Miami Valley Career Technology JVSD CTPD,0.7867607352644503,0.9999999999999751,assigned
45380,178.74597594772806,200073,Miami Valley Career Technology JVSD CTPD,168.0510964866399,0.9401671595436881,assigned
45381,140.17922331800048,200073,Miami Valley Career Technology JVSD CTPD,140.17922331800003,0.9999999999999968,assigned
45382,52.968053335680366,200073,Miami Valley Career Technology JVSD CTPD,52.96805333567888,0.9999999999999719,assigned
45383,61.26132831135726,200073,Miami Valley Career Technology JVSD CTPD,61.26132831135574,0.9999999999999751,assigned
45384,6.14205641234599,200042,Greene County JVSD CTPD,6.1420564123458865,0.9999999999999831,assigned
45385,357.925428403851,200042,Greene County JVSD CTPD,356.95800809460377,0.9972971456273408,assigned
45387,74.53841279333429,200042,Greene County JVSD CTPD,71.90499836090139,0.9646703715071808,assigned
45388,45.20294161764838,200121,Tri Star CTPD,21.8890194353562,0.4842388272096471,assigned
45389,0.5392407057662874,200056,Ohio Hi-Point JVSD CTPD,0.5392407057663277,1,assigned
45390,139.69413819793394,200073,Miami Valley Career Technology JVSD CTPD,135.255091282957,0.9682230981754782,assigned
45402,11.664331403914787,200071,Dayton City CTPD,11.664331403914467,0.9999999999999726,assigned
45403,8.188138437743321,200071,Dayton City CTPD,8.166777321655632,0.997391212147901,assigned
45404,20.525554351742088,200071,Dayton City CTPD,14.966083037060917,0.7291439140005826,assigned
45405,10.46239709148541,200071,Dayton City CTPD,10.462397091485604,1,assigned
45406,12.90532198465664,200071,Dayton City CTPD,12.708070478798081,0.9847154913226439,assigned
45409,9.642740555498605,200120,Centerville-Kettering-Oakwood CTPD,6.66394785510423,0.6910844294472104,assigned
45410,6.239243765267834,200071,Dayton City CTPD,6.239243765268617,1,assigned
45414,57.29154403681135,200073,Miami Valley Career Technology JVSD CTPD,50.37281038262953,0.8792363904569171,assigned
45415,15.769611806963816,200073,Miami Valley Career Technology JVSD CTPD,9.131279557249137,0.5790427607873512,assigned
45416,5.014331066029005,200071,Dayton City CTPD,5.000256135713101,0.9971930592275291,assigned
45417,83.80804575887447,200073,Miami Valley Career Technology JVSD CTPD,55.19498610267562,0.6585881534748828,assigned
45419,9.65352317950876,200120,Centerville-Kettering-Oakwood CTPD,8.358732659288142,0.8658737855450506,assigned
45420,16.727895676551253,200120,Centerville-Kettering-Oakwood CTPD,10.62784893247225,0.6353368730873964,assigned
45423,0.025417996194429696,200071,Dayton City CTPD,0.025417996194422244,0.9999999999997068,assigned
45424,82.73389904088458,200073,Miami Valley Career Technology JVSD CTPD,62.76637005427474,0.7586535964327936,assigned
45426,51.62013274461043,200073,Miami Valley Career Technology JVSD CTPD,51.55762623235917,0.9987891059373963,assigned
45428,1.1582319516238906,200071,Dayton City CTPD,1.1582167655170261,0.9999868885443515,assigned
45429,25.75004858269727,200120,Centerville-Kettering-Oakwood CTPD,25.733145302449973,0.9993435631706475,assigned
45430,12.528464555161356,200042,Greene County JVSD CTPD,12.5284645551624,1,assigned
45431,30.36536110414711,200042,Greene County JVSD CTPD,18.78943547049103,0.6187785946640656,assigned
45432,18.506376459060743,200042,Greene County JVSD CTPD,14.28560120714439,0.7719285965432819,assigned
45433,18.542235203952135,200042,Greene County JVSD CTPD,18.53702548720826,0.9997190351278273,assigned
45434,27.117563911036893,200042,Greene County JVSD CTPD,27.117563911036694,0.9999999999999927,assigned
45435,0.44863819587823006,200042,Greene County JVSD CTPD,0.44863819587828685,1,assigned
45439,20.806115664888345,200073,Miami Valley Career Technology JVSD CTPD,12.013801848198495,0.5774168538567032,assigned
45440,23.827773197223543,200042,Greene County JVSD CTPD,15.216016351323962,0.6385832291326728,assigned
45449,18.060921237495123,200073,Miami Valley Career Technology JVSD CTPD,18.06092123749599,1,assigned
45458,51.53246512349617,200120,Centerville-Kettering-Oakwood CTPD,42.44485263670004,0.8236526728341461,assigned
45459,36.943514598398856,200120,Centerville-Kettering-Oakwood CTPD,30.434700797617047,0.8238171470273729,assigned
45469,0.04656733570993506,200071,Dayton City CTPD,0.046567335709915496,0.99999999999958,assigned
45501,0.02039383378846152,200011,Springfield-Clark County JVSD CTPD,0.02039383378845453,0.9999999999996574,assigned
45502,299.4580538820146,200011,Springfield-Clark County JVSD CTPD,287.2798270502525,0.9593324451491951,assigned
45503,53.555127274333884,200011,Springfield-Clark County JVSD CTPD,53.55512727433256,0.9999999999999754,assigned
45504,57.1788543542318,200011,Springfield-Clark County JVSD CTPD,57.178854354230005,0.9999999999999686,assigned
45505,35.40539106944948,200011,Springfield-Clark County JVSD CTPD,35.40539106945047,1,assigned
45506,31.816138430286703,200011,Springfield-Clark County JVSD CTPD,31.81613843028605,0.9999999999999795,assigned
45601,911.8359765250951,200084,Pickaway-Ross County JVSD CTPD,854.2958024861952,0.9368963546950855,assigned
45612,290.69679911453636,200084,Pickaway-Ross County JVSD CTPD,151.88665443905532,0.5224916645167841,assigned
45613,214.07311579251493,200077,Pike County Career  Technology Center CTPD,194.80834378901113,0.9100084476643219,assigned
45614,185.85965551599514,200040,Gallia-Jackson-Vinton JVSD CTPD,185.85675281950643,0.999984382320732,assigned
45616,188.21802260077473,200107,Ohio Valley Local CTPD,140.03764745611485,0.7440182694573609,assigned
45617,0.4216612209764272,200084,Pickaway-Ross County JVSD CTPD,0.4216612209764458,1,assigned
45618,0.07641992307666502,200107,Ohio Valley Local CTPD,0.07641992307671905,1,assigned
45619,84.22034672967933,200054,Lawrence County JVSD CTPD,84.22033859838429,0.9999999034521305,assigned
45620,58.52322628581885,200040,Gallia-Jackson-Vinton JVSD CTPD,57.17718685276598,0.9769999106597608,assigned
45621,1.243904111766525,200040,Gallia-Jackson-Vinton JVSD CTPD,1.2439041117663048,0.9999999999998229,assigned
45622,57.19724491017193,200040,Gallia-Jackson-Vinton JVSD CTPD,47.159951651392554,0.8245143927029542,assigned
45623,188.3324193141694,200040,Gallia-Jackson-Vinton JVSD CTPD,168.95481636918748,0.8971095735107777,assigned
45624,0.05405798506488651,200077,Pike County Career  Technology Center CTPD,0.05405798506487161,0.9999999999997244,assigned
45628,196.2487480598086,200084,Pickaway-Ross County JVSD CTPD,184.46261356477737,0.9399428805964188,assigned
45629,85.26859075225025,200086,Scioto County JVSD CTPD,84.57590657234692,0.9918764439075118,assigned
45630,0.546282920710206,200086,Scioto County JVSD CTPD,0.5462829207100943,0.9999999999997955,assigned
45631,301.44945515407164,200040,Gallia-Jackson-Vinton JVSD CTPD,301.44944440678296,0.9999999643479578,assigned
45634,92.31357305034315,200040,Gallia-Jackson-Vinton JVSD CTPD,92.31357305034209,0.9999999999999885,assigned
45636,4.74103652705586,200086,Scioto County JVSD CTPD,4.740162936797418,0.9998157385513787,assigned
45638,202.5263852183764,200054,Lawrence County JVSD CTPD,179.7159259411474,0.887370431992684,assigned
45640,453.66181540601747,200040,Gallia-Jackson-Vinton JVSD CTPD,453.0312672029973,0.9986100919636451,assigned
45642,0.10560711936986446,200077,Pike County Career  Technology Center CTPD,0.10560711936984211,0.9999999999997884,assigned
45644,157.90804265500574,200084,Pickaway-Ross County JVSD CTPD,157.90804265500375,0.9999999999999875,assigned
45645,118.48416479442206,200054,Lawrence County JVSD CTPD,118.48416479441998,0.9999999999999825,assigned
45646,38.95506989255714,200077,Pike County Career  Technology Center CTPD,38.90866896979028,0.9988088604924893,assigned
45647,171.75480427666503,200040,Gallia-Jackson-Vinton JVSD CTPD,110.49777737271309,0.643346064397254,assigned
45648,364.80377646728385,200086,Scioto County JVSD CTPD,247.0650260641483,0.6772545735592336,assigned
45650,38.46832811415499,200107,Ohio Valley Local CTPD,38.46832811415541,1,assigned
45651,369.17338812217116,200040,Gallia-Jackson-Vinton JVSD CTPD,369.1732339233789,0.9999995823133595,assigned
45652,92.01556030441391,200086,Scioto County JVSD CTPD,92.01556030441529,1,assigned
45653,111.3102798992454,200086,Scioto County JVSD CTPD,109.89598805282446,0.9872941488629702,assigned
45654,138.909256157439,200040,Gallia-Jackson-Vinton JVSD CTPD,100.91278091122678,0.7264654905131216,assigned
45656,347.7713762343647,200040,Gallia-Jackson-Vinton JVSD CTPD,344.95112468564105,0.9918905012273838,assigned
45657,245.82250743323635,200086,Scioto County JVSD CTPD,214.09845278192878,0.870947314863251,assigned
45658,244.1118898481464,200040,Gallia-Jackson-Vinton JVSD CTPD,233.4380793249568,0.9562749256915367,assigned
45659,257.9820267558582,200054,Lawrence County JVSD CTPD,257.3879036942056,0.9976970370024464,assigned
45660,526.7273309564977,200107,Ohio Valley Local CTPD,403.0748157055807,0.7652437836738541,assigned
45661,263.95064960411077,200077,Pike County Career  Technology Center CTPD,263.62489238898365,0.9987658404492821,assigned
45662,146.2995286697243,200086,Scioto County JVSD CTPD,146.29945127337353,0.9999994709733416,assigned
45663,175.65909821623904,200086,Scioto County JVSD CTPD,175.65909520057957,0.9999999828323184,assigned
45669,93.474689525196,200054,Lawrence County JVSD CTPD,93.47466612050867,0.9999997496147092,assigned
45671,38.574585624378365,200086,Scioto County JVSD CTPD,26.422680209426147,0.6849763848850665,assigned
45672,149.79873583725077,200040,Gallia-Jackson-Vinton JVSD CTPD,148.97879888728028,0.9945264094160225,assigned
45673,1.2660117278003693,200084,Pickaway-Ross County JVSD CTPD,1.2660117278001606,0.9999999999998351,assigned
45674,3.04726764648363,200040,Gallia-Jackson-Vinton JVSD CTPD,3.0472676464836375,1,assigned
45677,1.6579409281736612,200086,Scioto County JVSD CTPD,1.6579409281736017,0.9999999999999641,assigned
45678,119.48008295319792,200054,Lawrence County JVSD CTPD,97.38456254440803,0.8150694252744616,assigned
45679,162.54872330160296,200107,Ohio Valley Local CTPD,143.89266414234308,0.8852278948715933,assigned
45680,90.87215948756412,200054,Lawrence County JVSD CTPD,90.87215906509635,0.999999995350966,assigned
45681,93.82772844338007,200044,Great Oaks Career Campuses,48.753456716282514,0.5196060644876698,assigned
45682,125.66378606121829,200086,Scioto County JVSD CTPD,96.44164153928345,0.7674577104680024,assigned
45684,219.31421187149704,200107,Ohio Valley Local CTPD,126.79206683711126,0.5781297333863737,assigned
45685,78.80551911162777,200040,Gallia-Jackson-Vinton JVSD CTPD,78.80551911162641,0.9999999999999827,assigned
45686,251.92192845199776,200040,Gallia-Jackson-Vinton JVSD CTPD,236.04676413854924,0.9369837933085152,assigned
45688,88.39077239981961,200054,Lawrence County JVSD CTPD,82.859902914672,0.937427071457983,assigned
45690,370.6575531493654,200077,Pike County Career  Technology Center CTPD,337.48010257157017,0.9104902886885847,assigned
45692,211.5779447957405,200040,Gallia-Jackson-Vinton JVSD CTPD,211.57794479574233,1,assigned
45693,343.2018520968624,200107,Ohio Valley Local CTPD,342.6653826130911,0.9984368689140409,assigned
45694,177.44235106591867,200086,Scioto County JVSD CTPD,177.43314101260626,0.9999480955180254,assigned
45695,85.26498119733685,200040,Gallia-Jackson-Vinton JVSD CTPD,85.26436324520516,0.9999927525682524,assigned
45696,90.56479313028973,200054,Lawrence County JVSD CTPD,90.56422112505625,0.9999936840220829,assigned
45697,250.42267035862574,200107,Ohio Valley Local CTPD,128.4763848701135,0.5130381553959344,assigned
45698,6.092022257830247,200040,Gallia-Jackson-Vinton JVSD CTPD,6.092022257829703,0.9999999999999107,assigned
45699,0.6524177565476745,200086,Scioto County JVSD CTPD,0.6524177565475852,0.999999999999863,assigned
45701,389.8700574438267,200005,Tri-County JVSD CTPD,389.8695637355177,0.999998733659332,assigned
45710,252.58509962171306,200005,Tri-County JVSD CTPD,169.16424202752887,0.6697316757040681,assigned
45711,130.31811147112955,200005,Tri-County JVSD CTPD,101.4677221252807,0.7786156580987569,assigned
45714,94.60049641134071,200104,Washington County JVSD CTPD,94.60045616847884,0.9999995746020011,assigned
45715,110.3644665175153,200104,Washington County JVSD CTPD,94.27479157511009,0.8542132676385319,assigned
45716,1.4526845811844766,200005,Tri-County JVSD CTPD,1.4526845811843128,0.9999999999998872,assigned
45719,1.7871881597890258,200005,Tri-County JVSD CTPD,1.7871881597899795,1,assigned
45720,0.25893708623538914,200067,Meigs Local CTPD,0.258937086235106,0.9999999999989064,assigned
45721,0.08341368909809739,200104,Washington County JVSD CTPD,0.08341368909808249,0.9999999999998214,assigned
45723,173.03540092160452,200005,Tri-County JVSD CTPD,135.6441833006088,0.7839100125070002,assigned
45724,140.70986034850193,200104,Washington County JVSD CTPD,140.70497826608218,0.9999653039068643,assigned
45727,81.96092063108338,200075,Mid-East Ohio JVSD CTPD,81.96080582818884,0.999998599297157,assigned
45729,67.78116951573884,200104,Washington County JVSD CTPD,67.78116951573979,1,assigned
45732,209.64509445130912,200005,Tri-County JVSD CTPD,140.9029639894367,0.672102365944756,assigned
45734,80.08539945948435,200070,Switzerland of Ohio Local CTPD,79.98376924222035,0.9987309769577235,assigned
45735,125.31951692860004,200005,Tri-County JVSD CTPD,125.090223522247,0.9981703296344202,assigned
45739,0.6695033881691247,200005,Tri-County JVSD CTPD,0.6695033881690801,0.9999999999999334,assigned
45740,0.7555657821086887,200005,Tri-County JVSD CTPD,0.7555657821087688,1,assigned
45741,106.63544237168121,200067,Meigs Local CTPD,105.03775603902015,0.9850173047804099,assigned
45742,70.32008492249417,200104,Washington County JVSD CTPD,68.18227021899867,0.9695988037293787,assigned
45743,93.27337877165589,200067,Meigs Local CTPD,93.27337877165526,0.9999999999999933,assigned
45744,147.51657943430794,200104,Washington County JVSD CTPD,139.99106126206223,0.948985272020919,assigned
45745,188.93665946695432,200070,Switzerland of Ohio Local CTPD,104.93633706273273,0.5554048502751604,assigned
45746,45.12259622654569,200075,Mid-East Ohio JVSD CTPD,41.67073417365459,0.9235003669655788,assigned
45750,282.04029154007594,200104,Washington County JVSD CTPD,282.0402789474954,0.9999999553518383,assigned
45760,52.98085895605248,200067,Meigs Local CTPD,49.26394674980807,0.9298442441386694,assigned
45761,89.18263601968097,200005,Tri-County JVSD CTPD,89.18263601968036,0.9999999999999931,assigned
45764,206.3389752157365,200005,Tri-County JVSD CTPD,206.33717477621178,0.999991274360441,assigned
45766,84.48846039226282,200005,Tri-County JVSD CTPD,68.12591994214154,0.806334020360256,assigned
45767,290.36603657608094,200104,Washington County JVSD CTPD,198.12423706662696,0.6823257960981086,assigned
45768,81.70400747326732,200104,Washington County JVSD CTPD,81.70400307753218,0.9999999461992712,assigned
45769,272.33700584673403,200067,Meigs Local CTPD,254.8659741317076,0.9358477498836174,assigned
45770,57.99778763404863,200067,Meigs Local CTPD,57.99778740361011,0.9999999960267706,assigned
45771,162.09492627970272,200067,Meigs Local CTPD,162.09492526658175,0.9999999937498293,assigned
45772,106.58718058245316,200067,Meigs Local CTPD,106.58422136070597,0.9999722366073385,assigned
45773,32.126816423126755,200104,Washington County JVSD CTPD,32.1268164231294,1,assigned
45775,80.46177890224713,200067,Meigs Local CTPD,80.29601500689047,0.9979398430208951,assigned
45776,46.98697454668805,200067,Meigs Local CTPD,26.408320977761306,0.5620349305853048,assigned
45778,70.51658910159199,200005,Tri-County JVSD CTPD,67.35128626613087,0.955112649721317,assigned
45779,2.675976475519255,200067,Meigs Local CTPD,2.6759763833777757,0.9999999655671564,assigned
45780,7.650830168745468,200005,Tri-County JVSD CTPD,7.650830168745593,1,assigned
45782,1.7730191967590452,200005,Tri-County JVSD CTPD,1.7730191967594624,1,assigned
45783,1.4228643105355798,200067,Meigs Local CTPD,1.4228643105356265,1,assigned
45784,97.94608132992269,200104,Washington County JVSD CTPD,97.94608132992026,0.9999999999999752,assigned
45786,167.21576302142057,200104,Washington County JVSD CTPD,160.20290277706604,0.958061009813673,assigned
45788,84.10147764797438,200104,Washington County JVSD CTPD,84.10147764797406,0.9999999999999963,assigned
45789,36.29109965253727,200104,Washington County JVSD CTPD,32.67136588103025,0.9002583606955005,assigned
45801,119.87507345270923,200001,Apollo JVSD CTPD,111.99534609078458,0.9342671738588489,assigned
45804,57.86369627935848,200001,Apollo JVSD CTPD,49.70054724341084,0.8589245146639612,assigned
45805,38.11084343060124,200001,Apollo JVSD CTPD,31.12380284836249,0.8166652859582614,assigned
45806,164.87747665603703,200001,Apollo JVSD CTPD,158.65972740939438,0.9622886680900997,assigned
45807,196.5494881263655,200001,Apollo JVSD CTPD,193.19178728311053,0.9829167662797664,assigned
45808,1.5521333954721093,200001,Apollo JVSD CTPD,1.5521333954723235,1,assigned
45809,0.8328132449162081,200001,Apollo JVSD CTPD,0.8328132449163124,1,assigned
45810,169.94167310606647,200001,Apollo JVSD CTPD,152.19568063666273,0.8955759811878052,assigned
45812,100.59473423189287,200056,Ohio Hi-Point JVSD CTPD,98.54420578507808,0.9796159464760066,assigned
45813,146.98630066210174,200102,Vantage JVSD CTPD,144.59589035345394,0.98373718980694,assigned
45814,92.75873704138958,200116,Millstream Career Cooperative CTPD,92.758737041389125,0.9999999999999951,assigned
45815,0.5398130970413312,200116,Millstream Career Cooperative CTPD,0.5398130970413089,0.9999999999999587,assigned
45816,0.6984841768812164,200116,Millstream Career Cooperative CTPD,0.6984841768813134,1,assigned
45817,166.52849053296757,200001,Apollo JVSD CTPD,88.71181746704501,0.5327125537685864,assigned
45819,0.6835686830612272,200001,Apollo JVSD CTPD,0.6835686830611228,0.9999999999998473,assigned
45820,0.7195968379858434,200001,Apollo JVSD CTPD,0.7195968379858733,1,assigned
45821,102.4452285360752,200102,Vantage JVSD CTPD,98.90721830469796,0.9654643727000779,assigned
45822,449.1120883318193,200121,Tri Star CTPD,408.7837264933001,0.9102042387941176,assigned
45826,0.6546945965406596,200121,Tri Star CTPD,0.6546945965407901,1,assigned
45827,166.96671022408617,200102,Vantage JVSD CTPD,166.9667102240857,0.9999999999999971,assigned
45828,87.93296150811766,200121,Tri Star CTPD,87.93296150811702,0.9999999999999927,assigned
45830,245.24626998631214,200001,Apollo JVSD CTPD,210.31970669764956,0.8575857512915,assigned
45831,193.22208955171354,200102,Vantage JVSD CTPD,159.41264489500625,0.8250228804835557,assigned
45832,177.93188972643426,200102,Vantage JVSD CTPD,177.90319730665743,0.999838744927506,assigned
45833,188.43237808751297,200102,Vantage JVSD CTPD,169.70622233235113,0.9006213478531544,assigned
45835,47.830739604528844,200001,Apollo JVSD CTPD,47.83073960452879,0.9999999999999988,assigned
45836,64.07565079668437,200001,Apollo JVSD CTPD,61.388148194596475,0.9580573498876275,assigned
45838,0.20455766393535213,200102,Vantage JVSD CTPD,0.2045576639353931,1,assigned
45840,435.6099496552341,200116,Millstream Career Cooperative CTPD,435.6099496552349,1,assigned
45841,58.634112887187065,200116,Millstream Career Cooperative CTPD,58.63187115526271,0.9999617674453664,assigned
45843,261.0574247795068,200116,Millstream Career Cooperative CTPD,194.62449845032413,0.7455237046588774,assigned
45844,151.4655409603197,200102,Vantage JVSD CTPD,129.4901440060116,0.8549148749281191,assigned
45845,85.18662446727662,200069,Upper Valley JVSD CTPD,75.34247701148472,0.8844402214860221,assigned
45846,197.1291393605807,200121,Tri Star CTPD,189.5760084466356,0.9616843509871505,assigned
45848,0.3001531555146277,200116,Millstream Career Cooperative CTPD,0.3001531555147618,1,assigned
45849,112.70165316656622,200102,Vantage JVSD CTPD,112.70165316656626,1,assigned
45850,151.94183231874348,200001,Apollo JVSD CTPD,122.76820617142081,0.8079947720643368,assigned
45851,94.1117354589653,200102,Vantage JVSD CTPD,94.11173545896638,1,assigned
45853,4.1615751884420815,200102,Vantage JVSD CTPD,4.161575188441634,0.9999999999998924,assigned
45854,1.023040057093829,200001,Apollo JVSD CTPD,1.0230400570937508,0.9999999999999236,assigned
45855,0.6266741757034361,200102,Vantage JVSD CTPD,0.6266741757034063,0.9999999999999525,assigned
45856,265.1843282644792,200116,Millstream Career Cooperative CTPD,250.6683549435897,0.9452608175758708,assigned
45858,160.5791732892139,200116,Millstream Career Cooperative CTPD,160.57893286591494,0.9999985027740892,assigned
45859,0.9037139403767884,200056,Ohio Hi-Point JVSD CTPD,0.9037139403766989,0.999999999999901,assigned
45860,86.05110305849915,200121,Tri Star CTPD,86.05110305849885,0.9999999999999966,assigned
45861,3.491728652231045,200102,Vantage JVSD CTPD,3.4917286522309556,0.9999999999999745,assigned
45862,95.07391662373313,200102,Vantage JVSD CTPD,82.92494817644354,0.8722155468216309,assigned
45863,63.670215578537196,200102,Vantage JVSD CTPD,63.670215578540564,1,assigned
45864,2.9435611862080098,200116,Millstream Career Cooperative CTPD,2.9435611862078943,0.9999999999999608,assigned
45865,94.87629763312984,200121,Tri Star CTPD,73.05097781247139,0.7699602496605299,assigned
45866,0.2710360806603432,200121,Tri Star CTPD,0.2710360806603432,1,assigned
45867,63.84080505356943,200116,Millstream Career Cooperative CTPD,63.840805053568246,0.9999999999999815,assigned
45868,46.23220736893107,200116,Millstream Career Cooperative CTPD,46.23220736893117,1,assigned
45869,93.32613853124863,200121,Tri Star CTPD,89.424173477512,0.9581900085533901,assigned
45870,0.8488889385250258,200056,Ohio Hi-Point JVSD CTPD,0.8488889385248423,0.9999999999997838,assigned
45871,61.13854302404642,200121,Tri Star CTPD,61.13768713973374,0.999986000904334,assigned
45872,79.79511946403122,200039,Penta County JVSD CTPD,69.03741998194542,0.865183490489854,assigned
45873,137.57321295001876,200102,Vantage JVSD CTPD,137.57187299704714,0.999990260073579,assigned
45874,150.6349169065577,200102,Vantage JVSD CTPD,150.63491690655613,0.9999999999999897,assigned
45875,266.69167640910104,200116,Millstream Career Cooperative CTPD,239.7948058902061,0.8991461942830359,assigned
45876,2.4733545747724697,200102,Vantage JVSD CTPD,2.473354574772288,0.9999999999999266,assigned
45877,69.49753161927549,200116,Millstream Career Cooperative CTPD,65.16497700260354,0.9376588705278519,assigned
45879,268.22724964733817,200102,Vantage JVSD CTPD,268.2272496473358,0.9999999999999911,assigned
45880,149.74790588057667,200102,Vantage JVSD CTPD,149.72556933015633,0.9998508389797575,assigned
45881,78.80269161126387,200116,Millstream Career Cooperative CTPD,78.80269161126284,0.999999999999987,assigned
45882,221.10082385491023,200102,Vantage JVSD CTPD,221.10082385490966,0.9999999999999974,assigned
45883,94.34564803339961,200121,Tri Star CTPD,94.34554698117876,0.9999989289148682,assigned
45884,1.475207493260637,200001,Apollo JVSD CTPD,1.4752074932608903,1,assigned
45885,188.10107993304138,200121,Tri Star CTPD,171.03984866817498,0.9092975368831497,assigned
45886,49.56523130534703,200102,Vantage JVSD CTPD,49.565231305347204,1,assigned
45887,180.88978585867673,200001,Apollo JVSD CTPD,169.51508916021834,0.9371180819057132,assigned
45888,0.6705223930714336,200001,Apollo JVSD CTPD,0.6705223930713237,0.9999999999998361,assigned
45889,49.66796926462388,200116,Millstream Career Cooperative CTPD,46.95341975951074,0.9453460742344748,assigned
45890,37.07353281630145,200116,Millstream Career Cooperative CTPD,37.07353281630141,0.9999999999999989,assigned
45891,348.94032786046114,200102,Vantage JVSD CTPD,348.94032786045756,0.9999999999999898,assigned
45893,0.38518432646458967,200001,Apollo JVSD CTPD,0.3851843264645189,0.9999999999998163,assigned
45894,87.27083109540315,200102,Vantage JVSD CTPD,59.7907157233217,0.6851168365517156,assigned
45895,484.9169234559666,200001,Apollo JVSD CTPD,355.8194239343944,0.7337739862706709,assigned
45896,95.69698430619137,200056,Ohio Hi-Point JVSD CTPD,89.82767281369564,0.9386677486751691,assigned
45897,3.1275553707312493,200116,Millstream Career Cooperative CTPD,3.1275553707305193,0.9999999999997665,assigned
45898,76.01431639927506,200102,Vantage JVSD CTPD,75.9853413533546,0.9996188211998347,assigned
45899,0.6963356062066406,200102,Vantage JVSD CTPD,0.6963356062065661,0.999999999999893,assigned
