zcta,ctpd_irn,ctpd_name,overlap_rank,overlap_sq_km,zcta_ohio_area_sq_km,ctpd_area_sq_km,pct_of_zcta_ohio,pct_of_ctpd
43001,200055,Licking County JVSD CTPD,1,76.51676978314701,76.5167697831499,1791.3006817574187,0.9999999999999623,0.042715759873477824
43002,200035,Columbus City CTPD,1,0.6999472099490854,0.9469846084963829,482.75136655087556,0.7391326149011629,0.0014499124361884543
43002,200037,Tolles Career & Technical Center CTPD,2,0.24703739854755252,0.9469846084963829,1773.906133035386,0.2608673850991065,1.3926182110033023e-4
43003,200031,Delaware County JVSD CTPD,1,89.27307925823162,89.57878134260106,1206.3465515240075,0.9965873382090312,0.07400284698078734
43003,200111,Tri-Rivers JVSD CTPD,2,0.30570208437226387,89.57878134260106,2192.3195189319144,0.0034126617910002852,1.394423037939288e-4
43004,200036,Eastland JVSD CTPD,1,23.07492471501086,32.82928042708574,1886.4704760398772,0.7028763474198153,0.012231797427039663
43004,200055,Licking County JVSD CTPD,2,8.200445155620397,32.82928042708574,1791.3006817574187,0.24979058477488386,0.004577927781267331
43004,200035,Columbus City CTPD,3,1.5539105564540847,32.82928042708574,482.75136655087556,0.04733306780528864,0.003218863092105454
43005,200051,Knox County JVSD CTPD,1,5.073355102172404,5.073355102172315,1516.7319841515923,1,0.003344925244001012
43006,200108,Coshocton County JVSD CTPD,1,26.691898984883462,58.483269793832896,1397.301956720096,0.4564023023845726,0.019102455884007837
43006,200051,Knox County JVSD CTPD,2,20.487274248342903,58.483269793832896,1516.7319841515923,0.35031000011738916,0.013507511190121555
43006,200003,Heartland Technical Education Center CTPD,3,11.304096560604595,58.483269793832896,1643.0960551292524,0.19328769749800515,0.006879753940931573
43007,200056,Ohio Hi-Point JVSD CTPD,1,6.211266328431427,6.211266328431308,3696.2096246781216,1,0.0016804421175036373
43008,200055,Licking County JVSD CTPD,1,5.064871276586495,5.06499533788085,1791.3006817574187,0.99997550613849,0.0028274824702335427
43008,200036,Eastland JVSD CTPD,2,1.240612945947796e-4,5.06499533788085,1886.4704760398772,2.449386155737031e-5,6.576370856076792e-8
43009,200056,Ohio Hi-Point JVSD CTPD,1,87.51887598725176,87.5188759872467,3696.2096246781216,1,0.023678006626821985
43010,200011,Springfield-Clark County JVSD CTPD,1,0.5997136801559776,0.5997136801560968,1058.5124427647388,0.9999999999998012,5.665627119031116e-4
43011,200051,Knox County JVSD CTPD,1,131.99032609112984,207.63383161407336,1516.7319841515923,0.6356879563656984,0.08702284086463746
43011,200055,Licking County JVSD CTPD,2,34.154884607042725,207.63383161407336,1791.3006817574187,0.16449575842980166,0.019067086254628045
43011,200111,Tri-Rivers JVSD CTPD,3,32.74307001929155,207.63383161407336,2192.3195189319144,0.1576962182162622,0.014935354877122924
43011,200031,Delaware County JVSD CTPD,4,8.745550896606497,207.63383161407336,1206.3465515240075,0.04212006698822451,0.007249617355442369
43013,200055,Licking County JVSD CTPD,1,50.13068331881875,52.17699757262686,1791.3006817574187,0.9607812954173958,0.02798563291431133
43013,200051,Knox County JVSD CTPD,2,1.9322889884591699,52.17699757262686,1516.7319841515923,0.03703334952858401,0.0012739818297825543
43013,200031,Delaware County JVSD CTPD,3,0.11402526534969733,52.17699757262686,1206.3465515240075,0.002185355054034718,9.452115165882174e-5
43014,200051,Knox County JVSD CTPD,1,156.21387965881007,181.90907841926793,1516.7319841515923,0.8587470236024449,0.10299372683578684
43014,200003,Heartland Technical Education Center CTPD,2,20.11737572185639,181.90907841926793,1643.0960551292524,0.11059027892763787,0.012243578614321413
43014,200108,Coshocton County JVSD CTPD,3,5.577823038604511,181.90907841926793,1397.301956720096,0.030662697469933994,0.003991852306352883
43015,200031,Delaware County JVSD CTPD,1,338.4229082323118,341.2499983134532,1206.3465515240075,0.9917154869007659,0.2805353965697284
43015,200037,Tolles Career & Technical Center CTPD,2,2.827090081135258,341.2499983134532,1773.906133035386,0.00828451309921605,0.001593708950257552
43016,200037,Tolles Career & Technical Center CTPD,1,43.03965747290207,49.7439437682727,1773.906133035386,0.8652240697560714,0.02426264652417407
43016,200035,Columbus City CTPD,2,5.530667098536306,49.7439437682727,482.75136655087556,0.11118272255011338,0.011456553998078526
43016,200031,Delaware County JVSD CTPD,3,1.1736191968353153,49.7439437682727,1206.3465515240075,0.023593207693835168,9.728706857516633e-4
43017,200037,Tolles Career & Technical Center CTPD,1,42.723738996337055,42.84204476647481,1773.906133035386,0.9972385592055043,0.02408455453233658
43017,200035,Columbus City CTPD,2,0.1183057701371843,42.84204476647481,482.75136655087556,0.0027614407944823896,2.4506563488871337e-4
43018,200055,Licking County JVSD CTPD,1,1.580478453745775,1.5804784537457972,1791.3006817574187,0.9999999999999859,8.823077386400539e-4
43019,200051,Knox County JVSD CTPD,1,201.803161095094,288.3814413076088,1516.7319841515923,0.6997785994135315,0.13305129924320527
43019,200111,Tri-Rivers JVSD CTPD,2,62.24216252040009,288.3814413076088,2192.3195189319144,0.21583276038213584,0.02839100869326024
43019,200083,Pioneer CTC JVSD CTPD,3,24.336117692119895,288.3814413076088,2622.425815431423,0.08438864020435077,0.009280002335591822
43021,200031,Delaware County JVSD CTPD,1,106.73016026485696,106.94246393833085,1206.3465515240075,0.9980147860292773,0.0884738801880953
43021,200035,Columbus City CTPD,2,0.21230367347653956,106.94246393833085,482.75136655087556,0.001985213970747542,4.3977850335958724e-4
43022,200051,Knox County JVSD CTPD,1,95.08050036664316,109.68511143198111,1516.7319841515923,0.8668496491942328,0.0626877400622813
43022,200055,Licking County JVSD CTPD,2,14.604611065341025,109.68511143198111,1791.3006817574187,0.13315035080579524,0.008153076261330206
43023,200055,Licking County JVSD CTPD,1,130.10415437125963,130.10415437125496,1791.3006817574187,1,0.07263110861076452
43025,200055,Licking County JVSD CTPD,1,92.32372285652643,92.32416077579957,1791.3006817574187,0.9999952567207818,0.05154004785279766
43025,200036,Eastland JVSD CTPD,2,4.3791927022114396e-4,92.32416077579957,1886.4704760398772,4.743279186523983e-6,2.321368268325271e-7
43026,200037,Tolles Career & Technical Center CTPD,1,91.0289112085981,92.46248668962168,1773.906133035386,0.9844955988925994,0.05131551749744261
43026,200035,Columbus City CTPD,2,1.4335754810274028,92.46248668962168,482.75136655087556,0.015504401107441905,0.0029695938330944593
43027,200055,Licking County JVSD CTPD,1,0.282600299848564,0.28260029984860124,1791.3006817574187,0.9999999999998682,1.5776262618920516e-4
43028,200051,Knox County JVSD CTPD,1,134.11069793768294,134.110697937681,1516.7319841515923,1,0.08842082802961385
43029,200037,Tolles Career & Technical Center CTPD,1,60.742841198654176,60.74284119865084,1773.906133035386,1,0.03424242132514375
43030,200055,Licking County JVSD CTPD,1,5.351337195133627,5.351337195133567,1791.3006817574187,1,0.0029874030918603284
43031,200055,Licking County JVSD CTPD,1,211.28311086707336,221.10028235873446,1791.3006817574187,0.9555985574196022,0.11794955085920394
43031,200031,Delaware County JVSD CTPD,2,9.817171491661414,221.10028235873446,1206.3465515240075,0.04440144258039927,0.008137936382591833
43032,200031,Delaware County JVSD CTPD,1,0.04842242297813296,0.04842242297822237,1206.3465515240075,0.9999999999981536,4.0139728436210734e-5
43033,200055,Licking County JVSD CTPD,1,2.0065645566786117,2.006564556678474,1791.3006817574187,1,0.001120171826602556
43035,200031,Delaware County JVSD CTPD,1,55.1860862293262,55.18608622932288,1206.3465515240075,1,0.04574646162796938
43036,200111,Tri-Rivers JVSD CTPD,1,0.4416892008757442,0.44168920087558033,2192.3195189319144,1,2.0147118020959494e-4
43037,200055,Licking County JVSD CTPD,1,4.5493269946608095,8.399307579672534,1791.3006817574187,0.5416311941797202,0.002539678034509277
43037,200051,Knox County JVSD CTPD,2,3.84998058501035,8.399307579672534,1516.7319841515923,0.4583688058201162,0.002538339420041898
43040,200056,Ohio Hi-Point JVSD CTPD,1,281.4162532065067,436.7922873793733,3696.2096246781216,0.6442793550566618,0.07613644294620152
43040,200037,Tolles Career & Technical Center CTPD,2,94.1580697085379,436.7922873793733,1773.906133035386,0.21556715269277973,0.05307951077852192
43040,200111,Tri-Rivers JVSD CTPD,3,61.180345541552995,436.7922873793733,2192.3195189319144,0.14006736682237975,0.027906673736755174
43040,200031,Delaware County JVSD CTPD,4,0.03761892277513631,436.7922873793733,1206.3465515240075,8.61254281774042e-5,3.118417566462257e-5
43044,200056,Ohio Hi-Point JVSD CTPD,1,146.9981685129953,205.9726277102919,3696.2096246781216,0.7136781724208211,0.03976997612136146
43044,200011,Springfield-Clark County JVSD CTPD,2,40.9509276004838,205.9726277102919,1058.5124427647388,0.1988173285728179,0.038687242535877686
43044,200037,Tolles Career & Technical Center CTPD,3,18.02353159680754,205.9726277102919,1773.906133035386,0.08750449900633546,0.01016036376511474
43045,200037,Tolles Career & Technical Center CTPD,1,87.61938858881521,98.45241045194665,1773.906133035386,0.8899669209377165,0.04939347519977675
43045,200056,Ohio Hi-Point JVSD CTPD,2,10.833021863123369,98.45241045194665,3696.2096246781216,0.1100330790622016,0.002930846181124466
43046,200036,Eastland JVSD CTPD,1,64.98472260584961,74.35237418300477,1886.4704760398772,0.8740100544187278,0.0344477814157299
43046,200055,Licking County JVSD CTPD,2,9.366204252006842,74.35237418300477,1791.3006817574187,0.12597047982561582,0.005228716958237183
43046,200075,Mid-East Ohio JVSD CTPD,3,0.0014473251489400863,74.35237418300477,4715.036467588955,1.9465755664745287e-5,3.069594814141871e-7
43047,200056,Ohio Hi-Point JVSD CTPD,1,0.02702048507085722,0.027020485070846974,3696.2096246781216,1,7.310322685827175e-6
43050,200051,Knox County JVSD CTPD,1,337.520976198797,400.7779528055111,1516.7319841515923,0.842164529850245,0.22253171933180707
43050,200055,Licking County JVSD CTPD,2,60.82149820552134,400.7779528055111,1791.3006817574187,0.15175859295592714,0.033953818487832126
43050,200111,Tri-Rivers JVSD CTPD,3,2.4354784011998176,400.7779528055111,2192.3195189319144,0.006076877193845298,0.0011109139795399754
43054,200036,Eastland JVSD CTPD,1,49.81300032365628,67.193977156608085,1886.4704760398772,0.74133132806766,0.026405396191635552
43054,200055,Licking County JVSD CTPD,2,13.547205486070073,67.193977156608085,1791.3006817574187,0.20161338946340066,0.0075627758220798025
43054,200035,Columbus City CTPD,3,3.253853408535287,67.193977156608085,482.75136655087556,0.048424777728985666,0.006740226199219623
43054,200031,Delaware County JVSD CTPD,4,0.579917938347781,67.193977156608085,1206.3465515240075,0.008630504739973557,4.8072250682455747e-4
43055,200055,Licking County JVSD CTPD,1,288.46465925478367,295.04233060245036,1791.3006817574187,0.9777060080354041,0.1610364257617405
43055,200108,Coshocton County JVSD CTPD,2,6.5776172583627925,295.04233060245036,1397.301956720096,0.022293808637329698,0.004707369961609811
43055,200051,Knox County JVSD CTPD,3,5.4089301808155145e-5,295.04233060245036,1516.7319841515923,1.833272591689117e-7,3.566174009207753e-8
43056,200055,Licking County JVSD CTPD,1,204.98544501349534,226.24884544930975,1791.3006817574187,0.9060176400299979,0.11443385641565611
43056,200075,Mid-East Ohio JVSD CTPD,2,21.26340043581418,226.24884544930975,4715.036467588955,0.09398235997000112,0.004509700101362582
43060,200056,Ohio Hi-Point JVSD CTPD,1,67.75854862577864,67.7585486257794,3696.2096246781216,0.9999999999999889,0.018331900921793442
43061,200031,Delaware County JVSD CTPD,1,91.18641037477816,118.25527056696713,1206.3465515240075,0.7710980655457546,0.07558890126521281
43061,200037,Tolles Career & Technical Center CTPD,2,17.6515335017021,118.25527056696713,1773.906133035386,0.14926635757605544,0.009950658139671694
43061,200111,Tri-Rivers JVSD CTPD,3,9.412119495908946,118.25527056696713,2192.3195189319144,0.07959154336870701,0.004293224329131767
43061,200056,Ohio Hi-Point JVSD CTPD,4,0.005207194576036418,118.25527056696713,3696.2096246781216,4.403350946702727e-5,1.4087930893502498e-6
43062,200055,Licking County JVSD CTPD,1,193.27808925309134,193.2830700576286,1791.3006817574187,0.9999742305182974,0.1078981832706439
43062,200036,Eastland JVSD CTPD,2,0.004980804537776858,193.2830700576286,1886.4704760398772,2.576948170520987e-5,2.640276962209702e-6
43064,200037,Tolles Career & Technical Center CTPD,1,270.11724096721883,270.117240967219,1773.906133035386,0.9999999999999993,0.15227256726657393
43065,200031,Delaware County JVSD CTPD,1,66.6893984046354,74.72026515644842,1206.3465515240075,0.8925209013244522,0.05528212296904652
43065,200037,Tolles Career & Technical Center CTPD,2,8.03086675181289,74.72026515644842,1773.906133035386,0.10747909867554613,0.004527221932578262
43066,200031,Delaware County JVSD CTPD,1,87.96857185369257,93.35884200585961,1206.3465515240075,0.9422628854819265,0.07292147662092596
43066,200111,Tri-Rivers JVSD CTPD,2,5.390270152168919,93.35884200585961,2192.3195189319144,0.05773711451809355,0.002458706454794066
43067,200056,Ohio Hi-Point JVSD CTPD,1,63.78514717279576,86.40692694743319,3696.2096246781216,0.7381948349071632,0.017256907386130834
43067,200111,Tri-Rivers JVSD CTPD,2,22.621779774643556,86.40692694743319,2192.3195189319144,0.26180516509290763,0.01031865089887297
43068,200036,Eastland JVSD CTPD,1,33.4350203495215,51.07369540311825,1886.4704760398772,0.654642670471034,0.01772358527428909
43068,200055,Licking County JVSD CTPD,2,16.7505019941585,51.07369540311825,1791.3006817574187,0.327967300230557,0.009351027532532858
43068,200035,Columbus City CTPD,3,0.8881730594349188,51.07369540311825,482.75136655087556,0.017390029298343903,0.0018398146975339886
43070,200056,Ohio Hi-Point JVSD CTPD,1,1.0564283669679477,1.0564283669680263,3696.2096246781216,0.9999999999999256,2.8581397546140127e-4
43071,200055,Licking County JVSD CTPD,1,84.2556861512217,93.06190398804935,1791.3006817574187,0.9053724729513538,0.047036037561577704
43071,200051,Knox County JVSD CTPD,2,8.806217836827244,93.06190398804935,1516.7319841515923,0.09462752704864177,0.005806047428842967
43072,200056,Ohio Hi-Point JVSD CTPD,1,199.50360109831936,199.52175080070305,3696.2096246781216,0.9999090339659168,0.053975185759571956
43072,200011,Springfield-Clark County JVSD CTPD,2,0.018149702377475797,199.52175080070305,1058.5124427647388,9.096603405212222e-5,1.714642326742085e-5
43074,200031,Delaware County JVSD CTPD,1,212.82199140295486,223.03419978664272,1206.3465515240075,0.9542123656665347,0.17641861796188796
43074,200055,Licking County JVSD CTPD,2,5.601239152120966,223.03419978664272,1791.3006817574187,0.025113812847891406,0.003126911751423928
43074,200111,Tri-Rivers JVSD CTPD,3,3.1908957090101904,223.03419978664272,2192.3195189319144,0.01430675525126927,0.0014554884365417576
43074,200051,Knox County JVSD CTPD,4,1.4200735225612522,223.03419978664272,1516.7319841515923,0.006367066234325104,9.362718907491045e-4
43076,200075,Mid-East Ohio JVSD CTPD,1,124.65535223947478,173.86631460821363,4715.036467588955,0.7169609163245353,0.026437834170817683
43076,200055,Licking County JVSD CTPD,2,33.60465908230567,173.86631460821363,1791.3006817574187,0.19327872197688,0.018759920891302646
43076,200036,Eastland JVSD CTPD,3,15.606303286430743,173.86631460821363,1886.4704760398772,0.0897603616985707,0.008272752467980236
43077,200037,Tolles Career & Technical Center CTPD,1,0.42164320175190645,0.4216432017518356,1773.906133035386,1,2.3769194654647236e-4
43078,200056,Ohio Hi-Point JVSD CTPD,1,384.0866211998303,389.6829916325271,3696.2096246781216,0.9856386587229493,0.10391364673568206
43078,200011,Springfield-Clark County JVSD CTPD,2,5.596370432700656,389.6829916325271,1058.5124427647388,0.01436134127706056,0.005287014310463316
43080,200055,Licking County JVSD CTPD,1,175.26734542187603,190.51752961812056,1791.3006817574187,0.9199539054132578,0.09784362123388678
43080,200051,Knox County JVSD CTPD,2,15.2501841962457,190.51752961812056,1516.7319841515923,0.0800460945867483,0.010054633485411813
43081,200035,Columbus City CTPD,1,52.146481005714456,68.06421478799979,482.75136655087556,0.7661365251642961,0.10801933379968778
43081,200036,Eastland JVSD CTPD,2,12.605682983018257,68.06421478799979,1886.4704760398772,0.1852027974212483,0.0066821522749088555
43081,200031,Delaware County JVSD CTPD,3,3.3120507992666157,68.06421478799979,1206.3465515240075,0.048660677414448836,0.0027455218362272596
43082,200031,Delaware County JVSD CTPD,1,32.03261855478233,62.70050148864502,1206.3465515240075,0.5108829721335386,0.026553413290993977
43082,200035,Columbus City CTPD,2,30.658527523029427,62.70050148864502,482.75136655087556,0.4889678199556609,0.06350790416622969
43082,200036,Eastland JVSD CTPD,3,0.009355410831901303,62.70050148864502,1886.4704760398772,1.4920791077876078e-4,4.959214019368275e-6
43084,200056,Ohio Hi-Point JVSD CTPD,1,52.931776420446695,54.04582838048732,3696.2096246781216,0.9793869019418556,0.014320555865403919
43084,200037,Tolles Career & Technical Center CTPD,2,1.1140519600411847,54.04582838048732,1773.906133035386,0.020613098058154686,6.280219337958405e-4
43085,200031,Delaware County JVSD CTPD,1,18.83275292196697,19.333736391359412,1206.3465515240075,0.974087602145215,0.015611395330947884
43085,200035,Columbus City CTPD,2,0.5009834693921097,19.333736391359412,482.75136655087556,0.0259123978547679,0.0010377670662467461
43101,200084,Pickaway-Ross County JVSD CTPD,1,0.7116480542927757,0.7116480542927905,2753.332965341154,0.9999999999999791,2.5846785087418525e-4
43102,200036,Eastland JVSD CTPD,1,142.7715791943466,148.78315541371754,1886.4704760398772,0.9595950482253539,0.07568185190687746
43102,200084,Pickaway-Ross County JVSD CTPD,2,6.011576219372459,148.78315541371754,2753.332965341154,0.040404951774656354,0.0021833814852928947
43103,200036,Eastland JVSD CTPD,1,212.30553684219532,218.37454835827697,1886.4704760398772,0.9722082469696766,0.11254113941283198
43103,200084,Pickaway-Ross County JVSD CTPD,2,6.0690115160807965,218.37454835827697,2753.332965341154,0.027791753030319503,0.0022042417653357848
43105,200036,Eastland JVSD CTPD,1,130.95282051828855,146.66173206082053,1886.4704760398772,0.8928901812231598,0.06941684069882066
43105,200055,Licking County JVSD CTPD,2,15.708911542532284,146.66173206082053,1791.3006817574187,0.10710981877684227,0.008769555944745414
43106,200044,Great Oaks Career Campuses,1,101.85814359347275,101.91011670471566,4960.960625789521,0.9994900102862848,0.02053193953283238
43106,200037,Tolles Career & Technical Center CTPD,2,0.05197311124337464,101.91011670471566,1773.906133035386,5.099897137196557e-4,2.929868174842027e-5
43107,200036,Eastland JVSD CTPD,1,71.32541667598167,77.72281224997097,1886.4704760398772,0.9176896024629926,0.037808922843950175
43107,200005,Tri-County JVSD CTPD,2,6.397395573989755,77.72281224997097,2811.4931448934267,0.08231039753701326,0.0022754441303225216
43109,200036,Eastland JVSD CTPD,1,0.4297358726600409,0.4297358726600036,1886.4704760398772,1,2.2779888586549864e-4
43110,200036,Eastland JVSD CTPD,1,116.6475908377473,121.64355251153142,1886.4704760398772,0.9589294987639355,0.06183377493541094
43110,200035,Columbus City CTPD,2,4.995961673783559,121.64355251153142,482.75136655087556,0.04107050123605982,0.01034893326036199
43111,200005,Tri-County JVSD CTPD,1,1.0354228495427071,1.0354228495427371,2811.4931448934267,0.999999999999971,3.6828218892276767e-4
43112,200036,Eastland JVSD CTPD,1,91.43437417466015,92.01198519561109,1886.4704760398772,0.9937224371398685,0.04846848934874471
43112,200119,Lancaster City CTPD,2,0.5776110209521577,92.01198519561109,150.3182996891604,0.00627756286014476,0.0038425861797704314
43113,200084,Pickaway-Ross County JVSD CTPD,1,399.3206383458087,423.7894535586501,2753.332965341154,0.9422618590260526,0.1450317282262774
43113,200036,Eastland JVSD CTPD,2,24.468815212844344,423.7894535586501,1886.4704760398772,0.05773814097395417,0.012970685480437442
43115,200084,Pickaway-Ross County JVSD CTPD,1,114.0542789984597,115.18395162077367,2753.332965341154,0.990192447763615,0.04142407781193573
43115,200044,Great Oaks Career Campuses,2,1.1296726223117008,115.18395162077367,4960.960625789521,0.00980755223636521,2.2771247496686532e-4
43116,200036,Eastland JVSD CTPD,1,2.6579031880496227,2.657903188049726,1886.4704760398772,0.999999999999961,0.0014089291201785225
43117,200084,Pickaway-Ross County JVSD CTPD,1,0.042828455233305696,0.04282845523329824,2753.332965341154,1,1.5555131098355553e-5
43119,200038,South-Western City CTPD,1,55.02515248416573,83.90987291244514,307.8992274290578,0.6557649365239909,0.178711563986772
43119,200037,Tolles Career & Technical Center CTPD,2,24.78325623122137,83.90987291244514,1773.906133035386,0.29535566401204294,0.01397100769295722
43119,200035,Columbus City CTPD,3,4.101464197052693,83.90987291244514,482.75136655087556,0.04887939946390245,0.00849601778728565
43123,200038,South-Western City CTPD,1,150.97275046100117,156.3501756499113,307.8992274290578,0.965606529275983,0.4903316962553483
43123,200035,Columbus City CTPD,2,3.0732680336401343,156.3501756499113,482.75136655087556,0.019656313277968983,0.006366150873062837
43123,200037,Tolles Career & Technical Center CTPD,3,2.2820974811424835,156.3501756499113,1773.906133035386,0.014596065988773822,0.0012864815328404754
43123,200036,Eastland JVSD CTPD,4,0.022059674131812063,156.3501756499113,1886.4704760398772,1.410914573016316e-4,1.1693622779679142e-5
43125,200036,Eastland JVSD CTPD,1,81.15329228630274,83.10744975546694,1886.4704760398772,0.9764863742671197,0.043018585934438594
43125,200035,Columbus City CTPD,2,1.9541574691658914,83.10744975546694,482.75136655087556,0.0235136257329006,0.004047958441066265
43126,200038,South-Western City CTPD,1,0.42192852450047436,0.42192852450046686,307.8992274290578,1,0.0013703461617086705
43127,200005,Tri-County JVSD CTPD,1,2.9044478756434025,2.904447875643462,2811.4931448934267,0.9999999999999795,0.0010330624070411878
43128,200044,Great Oaks Career Campuses,1,123.80882779608578,125.91206028140884,4960.960625789521,0.9832960204080339,0.024956623753969422
43128,200042,Greene County JVSD CTPD,2,2.091425978691097,125.91206028140884,1085.567353150921,0.016610211714563613,0.0019265741297586135
43128,200037,Tolles Career & Technical Center CTPD,3,0.011806506643883883,125.91206028140884,1773.906133035386,9.376787749717361e-5,6.655654673047103e-6
43130,200036,Eastland JVSD CTPD,1,277.718428375602,428.2602602670058,1886.4704760398772,0.6484805015586876,0.14721588909177896
43130,200119,Lancaster City CTPD,2,149.74068866820426,428.2602602670058,150.3182996891604,0.3496488060200729,0.9961574138202031
43130,200084,Pickaway-Ross County JVSD CTPD,3,0.8011432231994122,428.2602602670058,2753.332965341154,0.0018706924212391935,2.9097215385286536e-4
43135,200084,Pickaway-Ross County JVSD CTPD,1,219.61610234730114,238.45323796956222,2753.332965341154,0.9210028105189094,0.07976372822024068
43135,200005,Tri-County JVSD CTPD,2,16.97118268349383,238.45323796956222,2811.4931448934267,0.07117195315947081,0.0060363592613835605
43135,200040,Gallia-Jackson-Vinton JVSD CTPD,3,1.865952938767707,238.45323796956222,3433.722679023267,0.007825236321621642,5.434198137685606e-4
43136,200036,Eastland JVSD CTPD,1,3.0910059700707087,3.0910059700704915,1886.4704760398772,1,0.001638512772571676
43137,200036,Eastland JVSD CTPD,1,69.49841138680401,86.77098251780876,1886.4704760398772,0.8009406989547485,0.03684044477213166
43137,200035,Columbus City CTPD,2,14.349019261870694,86.77098251780876,482.75136655087556,0.16536656432264923,0.02972341510784413
43137,200038,South-Western City CTPD,3,2.9235518691372797,86.77098251780876,307.8992274290578,0.033692736722639435,0.009495158183892771
43138,200005,Tri-County JVSD CTPD,1,456.678475977712,458.5181073691152,2811.4931448934267,0.995987876243408,0.1624327190010001
43138,200040,Gallia-Jackson-Vinton JVSD CTPD,2,1.2835226603742838,458.5181073691152,3433.722679023267,0.0027992845642212014,3.737991621208576e-4
43138,200036,Eastland JVSD CTPD,3,0.5561087310262919,458.5181073691152,1886.4704760398772,0.0012128391923650127,2.9478793232623935e-4
43140,200037,Tolles Career & Technical Center CTPD,1,557.7439236681831,571.4599738012879,1773.906133035386,0.9759982312639202,0.3144156916092342
43140,200011,Springfield-Clark County JVSD CTPD,2,7.028885899931796,571.4599738012879,1058.5124427647388,0.012299874395710397,0.006640343198586292
43140,200038,South-Western City CTPD,3,5.003825772723734,571.4599738012879,307.8992274290578,0.00875621391195405,0.01625150480079282
43140,200056,Ohio Hi-Point JVSD CTPD,4,1.6833384604554558,571.4599738012879,3696.2096246781216,0.0029456804284262927,4.554228876026063e-4
43142,200044,Great Oaks Career Campuses,1,0.22875217109233886,0.22875217109234958,4960.960625789521,0.9999999999999531,4.611045891055297e-5
43143,200037,Tolles Career & Technical Center CTPD,1,183.40678487206472,349.60501633236794,1773.906133035386,0.5246114223306816,0.10339148247840582
43143,200084,Pickaway-Ross County JVSD CTPD,2,103.93638161191589,349.60501633236794,2753.332965341154,0.29729659689180216,0.037749296187661624
43143,200044,Great Oaks Career Campuses,3,62.26184984838786,349.60501633236794,4960.960625789521,0.17809198077751778,0.012550361622448694
43144,200005,Tri-County JVSD CTPD,1,17.37308000778316,17.37308000778253,2811.4931448934267,1,0.006179307262170724
43145,200044,Great Oaks Career Campuses,1,90.91278677434117,139.38057465164857,4960.960625789521,0.65226296420113,0.01832564167143993
43145,200084,Pickaway-Ross County JVSD CTPD,2,48.46778787730817,139.38057465164857,2753.332965341154,0.34773703579887555,0.017603315141110343
43146,200084,Pickaway-Ross County JVSD CTPD,1,98.45156393559147,203.65962238360106,2753.332965341154,0.48341228753804716,0.03575723139006282
43146,200036,Eastland JVSD CTPD,2,65.02861382466932,203.65962238360106,1886.4704760398772,0.31930047332693823,0.034471047732047684
43146,200038,South-Western City CTPD,3,37.82054727214278,203.65962238360106,307.8992274290578,0.1857046911385619,0.12283417398589254
43146,200037,Tolles Career & Technical Center CTPD,4,2.358897351192891,203.65962238360106,1773.906133035386,0.011582547996430109,0.001329775745888261
43147,200036,Eastland JVSD CTPD,1,75.04575180960869,77.5629090786878,1886.4704760398772,0.9675468945275706,0.03978103700151538
43147,200055,Licking County JVSD CTPD,2,2.2685631912064608,77.5629090786878,1791.3006817574187,0.029248041598143218,0.0012664334995846744
43147,200035,Columbus City CTPD,3,0.2485940778728202,77.5629090786878,482.75136655087556,0.0032050638742884283,5.149526134932685e-4
43148,200036,Eastland JVSD CTPD,1,62.91832940829593,70.0383326508306,1886.4704760398772,0.8983413371927234,0.03335240609774904
43148,200075,Mid-East Ohio JVSD CTPD,2,7.1200032425310305,70.0383326508306,4715.036467588955,0.1016586628072248,0.0015100632394836728
43149,200005,Tri-County JVSD CTPD,1,121.89948042005825,140.5000956148469,2811.4931448934267,0.8676113698471882,0.04335755918219712
43149,200084,Pickaway-Ross County JVSD CTPD,2,18.60061519478862,140.5000956148469,2753.332965341154,0.1323886301528115,0.006755672281170649
43150,200036,Eastland JVSD CTPD,1,40.17940924630058,64.3887469385221,1886.4704760398772,0.6240129084149375,0.021298721478348357
43150,200075,Mid-East Ohio JVSD CTPD,2,22.821472625542327,64.3887469385221,4715.036467588955,0.3544326254295972,0.004840147638818187
43150,200005,Tri-County JVSD CTPD,3,1.387865066679798,64.3887469385221,2811.4931448934267,0.021554466155474673,4.93639854395735e-4
43151,200037,Tolles Career & Technical Center CTPD,1,0.6733411261222437,0.673341126122117,1773.906133035386,1,3.795810350855875e-4
43152,200005,Tri-County JVSD CTPD,1,65.13302489132977,123.35452354654807,2811.4931448934267,0.5280148876482158,0.02316670236583441
43152,200084,Pickaway-Ross County JVSD CTPD,2,29.782204910457253,123.35452354654807,2753.332965341154,0.24143585540435314,0.010816782890175096
43152,200040,Gallia-Jackson-Vinton JVSD CTPD,3,28.439293744755613,123.35452354654807,3433.722679023267,0.230549256947387,0.00828235020798047
43153,200037,Tolles Career & Technical Center CTPD,1,101.246580976502,134.4405040064865,1773.906133035386,0.7530958153178082,0.05707550083456549
43153,200011,Springfield-Clark County JVSD CTPD,2,18.486624748828927,134.4405040064865,1058.5124427647388,0.1375078506692967,0.017464721246491476
43153,200044,Great Oaks Career Campuses,3,11.455191636347708,134.4405040064865,4960.960625789521,0.0852064020512376,0.0023090672352443133
43153,200042,Greene County JVSD CTPD,4,3.252106644809246,134.4405040064865,1085.567353150921,0.02418993196166788,0.002995766808360459
43154,200036,Eastland JVSD CTPD,1,45.404621821844756,68.3709599415139,1886.4704760398772,0.6640922090414544,0.02406855680941225
43154,200084,Pickaway-Ross County JVSD CTPD,2,22.966338119663707,68.3709599415139,2753.332965341154,0.335907790958466,0.00834128614619556
43155,200036,Eastland JVSD CTPD,1,55.13799731329743,77.979161925964,1886.4704760398772,0.7070863029490786,0.029228126288540917
43155,200005,Tri-County JVSD CTPD,2,22.841164612666546,77.979161925964,2811.4931448934267,0.2929136970509212,0.008124211383603558
43156,200084,Pickaway-Ross County JVSD CTPD,1,0.7490372789682,0.7492072665764987,2753.332965341154,0.9997731100379266,2.720474742419648e-4
43156,200036,Eastland JVSD CTPD,2,1.6998760821111501e-4,0.7492072665764987,1886.4704760398772,2.268899619565532e-4,9.01088092128306e-8
43157,200036,Eastland JVSD CTPD,1,1.0120780504351146,1.012078050435178,1886.4704760398772,0.9999999999999373,5.36492918012527e-4
43158,200005,Tri-County JVSD CTPD,1,5.996026186774611,5.996026186774954,2811.4931448934267,0.9999999999999428,0.0021326839077183304
43160,200044,Great Oaks Career Campuses,1,523.2297330396573,552.8402155622869,4960.960625789521,0.946439347773365,0.10546943878563578
43160,200084,Pickaway-Ross County JVSD CTPD,2,29.61048252263551,552.8402155622869,2753.332965341154,0.053560652226645744,0.010754413975850757
43162,200037,Tolles Career & Technical Center CTPD,1,121.80416295879085,121.80486508450467,1773.906133035386,0.9999942356513155,0.0686643789603275
43162,200038,South-Western City CTPD,2,7.021257136685308e-4,121.80486508450467,307.8992274290578,5.764348683292875e-6,2.2803750419617587e-6
43164,200084,Pickaway-Ross County JVSD CTPD,1,163.57185447741247,163.5718544774146,2753.332965341154,0.999999999999987,0.05940867179394882
43201,200035,Columbus City CTPD,1,7.930397014916027,7.930397014915899,482.75136655087556,1,0.01642749780612018
43202,200035,Columbus City CTPD,1,6.725990428406984,6.725990428406969,482.75136655087556,1,0.013932618102072539
43203,200035,Columbus City CTPD,1,3.7646491667775814,3.764649166777501,482.75136655087556,1,0.007798319026365382
43204,200035,Columbus City CTPD,1,17.101437813760104,25.11026226753986,482.75136655087556,0.6810537314007749,0.0354249392103126
43204,200038,South-Western City CTPD,2,7.014115921926929,25.11026226753986,307.8992274290578,0.2793326428531217,0.022780557068929414
43204,200037,Tolles Career & Technical Center CTPD,3,0.9947085318500316,25.11026226753986,1773.906133035386,0.03961362574599213,5.607447391525475e-4
43205,200035,Columbus City CTPD,1,6.237070021291874,6.240531227134913,482.75136655087556,0.9994453667937773,0.012919839183167947
43205,200036,Eastland JVSD CTPD,2,0.003461205842527095,6.240531227134913,1886.4704760398772,5.546332061407162e-4,1.8347521927790458e-6
43206,200035,Columbus City CTPD,1,7.86406237922991,7.864062379230105,482.75136655087556,0.9999999999999752,0.016290088281710007
43207,200035,Columbus City CTPD,1,34.26440315482136,62.27775426125902,482.75136655087556,0.5501868775017171,0.07097733021375165
43207,200036,Eastland JVSD CTPD,2,27.995464954143426,62.27775426125902,1886.4704760398772,0.44952592279902587,0.014840128859536757
43207,200038,South-Western City CTPD,3,0.017886152300924062,62.27775426125902,307.8992274290578,2.871996993644079e-4,5.8090929458552015e-5
43209,200035,Columbus City CTPD,1,9.75516393027145,16.063662745675682,482.75136655087556,0.607281420477875,0.020207428929656664
43209,200036,Eastland JVSD CTPD,2,6.308498815402672,16.063662745675682,1886.4704760398772,0.3927185795220279,0.0033440750308722667
43210,200035,Columbus City CTPD,1,4.066584847427306,4.066584847427271,482.75136655087556,1,0.008423766620241647
43211,200035,Columbus City CTPD,1,12.225828358294613,12.225828358294558,482.75136655087556,1,0.025325310719770223
43212,200035,Columbus City CTPD,1,9.694732628466479,9.69473262846601,482.75136655087556,1,0.020082247923465555
43213,200036,Eastland JVSD CTPD,1,15.03134163931426,27.025661456912673,1886.4704760398772,0.5561877426489229,0.007967970784715594
43213,200035,Columbus City CTPD,2,11.994319817600765,27.025661456912673,482.75136655087556,0.44381225735116414,0.02484575010796313
43214,200035,Columbus City CTPD,1,17.878872573809772,17.88037674702395,482.75136655087556,0.9999158757538805,0.03703536398363686
43214,200031,Delaware County JVSD CTPD,2,0.0015041732137352228,17.88037674702395,1206.3465515240075,8.412424609484701e-5,1.2468831712039659e-6
43215,200035,Columbus City CTPD,1,14.210886806358852,14.68829034685455,482.75136655087556,0.9674976781352955,0.02943727929325543
43215,200038,South-Western City CTPD,2,0.4774035404936634,14.68829034685455,307.8992274290578,0.03250232186456593,0.0015505187995434662
43217,200036,Eastland JVSD CTPD,1,10.889815848330743,11.116734901717722,1886.4704760398772,0.9795876167424019,0.0057725874783849775
43217,200035,Columbus City CTPD,2,0.22691905338670687,11.116734901717722,482.75136655087556,0.020412383257573594,4.700536738155305e-4
43218,200035,Columbus City CTPD,1,0.22754656274283677,0.22754656274276971,482.75136655087556,1,4.713535341569176e-4
43219,200035,Columbus City CTPD,1,38.29157816367659,41.77107709637285,482.75136655087556,0.9167007610393078,0.07931946094168367
43219,200036,Eastland JVSD CTPD,2,3.4794989326990065,41.77107709637285,1886.4704760398772,0.08329923896075797,0.0018444491853396251
43220,200035,Columbus City CTPD,1,16.201596866668922,17.468753281181964,482.75136655087556,0.9274615426689852,0.03356095495373702
43220,200037,Tolles Career & Technical Center CTPD,2,1.2671564145137733,17.468753281181964,1773.906133035386,0.07253845733105663,7.14331153670179e-4
43221,200035,Columbus City CTPD,1,17.70622566300129,25.692492663299845,482.75136655087556,0.6891595103301733,0.03667773286590022
43221,200037,Tolles Career & Technical Center CTPD,2,7.986267000295263,25.692492663299845,1773.906133035386,0.3108404896696986,0.004502079817847923
43222,200035,Columbus City CTPD,1,3.738582729977168,3.845644015946515,482.75136655087556,0.972160375342751,0.007744323453060948
43222,200038,South-Western City CTPD,2,0.10706128596929833,3.845644015946515,307.8992274290578,0.027839624657236432,3.477153446056178e-4
43223,200038,South-Western City CTPD,1,18.820378083797163,28.219702311876908,307.8992274290578,0.6669233387297702,0.061125122790811524
43223,200035,Columbus City CTPD,2,9.399324228080426,28.219702311876908,482.75136655087556,0.33307666127025387,0.019470321327593514
43224,200035,Columbus City CTPD,1,21.491609533475405,21.49160953347519,482.75136655087556,1,0.04451900299532446
43227,200035,Columbus City CTPD,1,9.98924874871394,10.76863765611518,482.75136655087556,0.9276241868015079,0.02069232619699111
43227,200036,Eastland JVSD CTPD,2,0.7793889074006719,10.76863765611518,1886.4704760398772,0.07237581319843933,4.1314662344294053e-4
43228,200038,South-Western City CTPD,1,29.293923935193305,51.956525398494065,307.8992274290578,0.5638160695026456,0.09514127131722938
43228,200037,Tolles Career & Technical Center CTPD,2,17.83961290255931,51.956525398494065,1773.906133035386,0.34335654214237316,0.010056683705148138
43228,200035,Columbus City CTPD,3,4.822988560746522,51.956525398494065,482.75136655087556,0.09282738835507875,0.009990626427855472
43229,200035,Columbus City CTPD,1,20.42879527701199,23.57938833543718,482.75136655087556,0.8663835968259532,0.04231742609652264
43229,200031,Delaware County JVSD CTPD,2,3.15059305842714,23.57938833543718,1206.3465515240075,0.13361640317412948,0.0026116815723035126
43230,200036,Eastland JVSD CTPD,1,39.441589251805674,53.63160579819758,1886.4704760398772,0.7354168995091175,0.020907610139015997
43230,200035,Columbus City CTPD,2,14.190016546392158,53.63160579819758,482.75136655087556,0.2645831004908872,0.029394047390846112
43231,200035,Columbus City CTPD,1,10.840200086836784,10.840200086837216,482.75136655087556,0.9999999999999601,0.022455037598934215
43232,200035,Columbus City CTPD,1,19.848823995269537,32.87939914928717,482.75136655087556,0.6036857275021057,0.04111603896035318
43232,200036,Eastland JVSD CTPD,2,13.030575154015928,32.87939914928717,1886.4704760398772,0.39631427249784257,0.00690738356073826
43235,200031,Delaware County JVSD CTPD,1,21.989301667378818,37.02393109859795,1206.3465515240075,0.5939213102147202,0.01822801386516933
43235,200037,Tolles Career & Technical Center CTPD,2,9.120310806835562,37.02393109859795,1773.906133035386,0.2463355601691074,0.005141371709014566
43235,200035,Columbus City CTPD,3,5.914318624384584,37.02393109859795,482.75136655087556,0.15974312961619982,0.0122512726719776
43240,200031,Delaware County JVSD CTPD,1,6.406277468413174,6.406277468413025,1206.3465515240075,1,0.005310478535641325
43302,200111,Tri-Rivers JVSD CTPD,1,485.55831977661626,505.4970508152817,2192.3195189319144,0.9605561872091882,0.2214815475497739
43302,200083,Pioneer CTC JVSD CTPD,2,19.93873103867071,505.4970508152817,2622.425815431423,0.03944381279082221,0.007603163041388277
43310,200056,Ohio Hi-Point JVSD CTPD,1,173.80305407216701,173.80305407216704,3696.2096246781216,0.9999999999999999,0.047021968914250194
43311,200056,Ohio Hi-Point JVSD CTPD,1,269.6936223402175,269.6936223402116,3696.2096246781216,1,0.07296491533910318
43314,200111,Tri-Rivers JVSD CTPD,1,123.81474551809825,140.5485907623329,2192.3195189319144,0.8809390748532547,0.056476596795717114
43314,200083,Pioneer CTC JVSD CTPD,2,16.73384524423645,140.5485907623329,2622.425815431423,0.11906092514675805,0.006381055717865374
43315,200111,Tri-Rivers JVSD CTPD,1,213.58676199568959,217.77430777285238,2192.3195189319144,0.9807711670858319,0.0974250149904006
43315,200031,Delaware County JVSD CTPD,2,4.187545777161807,217.77430777285238,1206.3465515240075,0.01922883291416355,0.0034712626913647464
43316,200116,Millstream Career Cooperative CTPD,1,165.10481886925572,196.74009161909044,2388.520578896221,0.8392027141520095,0.06912430243559119
43316,200085,Vanguard-Sentinel JVSD CTPD,2,31.635272749835654,196.74009161909044,3029.4650751669283,0.16079728584799521,0.010442527629433887
43317,200111,Tri-Rivers JVSD CTPD,1,0.5644244605856686,0.564424460585583,2192.3195189319144,1,2.574553826262757e-4
43318,200056,Ohio Hi-Point JVSD CTPD,1,166.2712118111995,166.27121181119418,3696.2096246781216,1,0.04498424837733032
43319,200056,Ohio Hi-Point JVSD CTPD,1,48.68778513536569,48.687785135367584,3696.2096246781216,0.999999999999961,0.013172354947159032
43320,200111,Tri-Rivers JVSD CTPD,1,80.71631326939574,81.91843621309077,2192.3195189319144,0.9853253675330422,0.036817768839060586
43320,200083,Pioneer CTC JVSD CTPD,2,1.2021229436946361,81.91843621309077,2622.425815431423,0.01467463246695295,4.5840112487485995e-4
43321,200111,Tri-Rivers JVSD CTPD,1,0.3958722933940571,0.3958722933940478,2192.3195189319144,1,1.805723526956161e-4
43322,200111,Tri-Rivers JVSD CTPD,1,0.7602465625840052,0.7602465625838488,2192.3195189319144,1,3.467772630854434e-4
43323,200085,Vanguard-Sentinel JVSD CTPD,1,78.0601842106851,94.67756508799059,3029.4650751669283,0.8244844925842593,0.02576698601035493
43323,200111,Tri-Rivers JVSD CTPD,2,13.209886737636023,94.67756508799059,2192.3195189319144,0.13952499438868265,0.006025529866226709
43323,200083,Pioneer CTC JVSD CTPD,3,3.4074941396722487,94.67756508799059,2622.425815431423,0.03599051302708749,0.0012993672193208148
43324,200056,Ohio Hi-Point JVSD CTPD,1,78.94041533148312,78.94041533148241,3696.2096246781216,1,0.021357126177159805
43325,200083,Pioneer CTC JVSD CTPD,1,2.2250346494541766,2.225034649453938,2622.425815431423,1,8.484642869061024e-4
43326,200056,Ohio Hi-Point JVSD CTPD,1,420.25486726843303,483.41284213571174,3696.2096246781216,0.8693498199422101,0.11369887261332756
43326,200001,Apollo JVSD CTPD,2,59.82712010250473,483.41284213571174,1957.9614365927205,0.12375988986595655,0.03055582147042536
43326,200085,Vanguard-Sentinel JVSD CTPD,3,3.330854764767788,483.41284213571174,3029.4650751669283,0.006890290191820545,0.0010994861079836851
43330,200085,Vanguard-Sentinel JVSD CTPD,1,0.28532770638024063,0.2853277063803896,3029.4650751669283,0.9999999999994779,9.41841874062597e-5
43331,200056,Ohio Hi-Point JVSD CTPD,1,91.88784624551249,91.88784706461482,3696.2096246781216,0.999999991085847,0.024860020284567706
43331,200001,Apollo JVSD CTPD,2,8.191024009138346e-7,91.88784706461482,1957.9614365927205,8.914153798138813e-9,4.1834450138060494e-10
43332,200111,Tri-Rivers JVSD CTPD,1,133.22013308916124,158.51595550718517,2192.3195189319144,0.8404209700084272,0.06076675043885269
43332,200085,Vanguard-Sentinel JVSD CTPD,2,21.987437416735894,158.51595550718517,3029.4650751669283,0.1387080394928399,0.0072578613290415145
43332,200056,Ohio Hi-Point JVSD CTPD,3,3.308385001294477,158.51595550718517,3696.2096246781216,0.020870990498773577,8.950750463950167e-4
43333,200056,Ohio Hi-Point JVSD CTPD,1,69.85554250957671,78.74563720633041,3696.2096246781216,0.8871036540924832,0.018899237219442058
43333,200069,Upper Valley JVSD CTPD,2,8.890094696757533,78.74563720633041,1556.5267871892206,0.11289634590756543,0.005711494829338135
43334,200111,Tri-Rivers JVSD CTPD,1,146.74427765656202,171.1863583854145,2192.3195189319144,0.8572194597783148,0.06693562520852571
43334,200031,Delaware County JVSD CTPD,2,24.442080728848435,171.1863583854145,1206.3465515240075,0.14278054022166148,0.020261243088041447
43336,200056,Ohio Hi-Point JVSD CTPD,1,1.4522463783755526,1.4522463783749342,3696.2096246781216,1,3.9290151962147413e-4
43337,200111,Tri-Rivers JVSD CTPD,1,74.72650285262883,92.00191322336278,2192.3195189319144,0.812227705213123,0.03408558935288555
43337,200085,Vanguard-Sentinel JVSD CTPD,2,17.275410370735568,92.00191322336278,3029.4650751669283,0.18777229478689456,0.005702462296840859
43338,200111,Tri-Rivers JVSD CTPD,1,159.49622297748053,247.15344235549975,2192.3195189319144,0.6453327999699267,0.07275227064309776
43338,200083,Pioneer CTC JVSD CTPD,2,87.65721937801541,247.15344235549975,2622.425815431423,0.3546672000300579,0.03342600536579703
43340,200056,Ohio Hi-Point JVSD CTPD,1,100.08048084105063,126.48589610680693,3696.2096246781216,0.791238263881539,0.027076516486741732
43340,200111,Tri-Rivers JVSD CTPD,2,26.405415265751312,126.48589610680693,2192.3195189319144,0.20876173611842155,0.012044510409055647
43341,200111,Tri-Rivers JVSD CTPD,1,57.770883029002306,57.77088302900051,2192.3195189319144,1,0.02635148869957968
43342,200111,Tri-Rivers JVSD CTPD,1,107.14122196677378,111.01281758038395,2192.3195189319144,0.9651247874074833,0.04887117094089112
43342,200031,Delaware County JVSD CTPD,2,3.8715956136087177,111.01281758038395,1206.3465515240075,0.03487521259250366,0.0032093560583545708
43343,200056,Ohio Hi-Point JVSD CTPD,1,86.63631879045025,92.77398894535386,3696.2096246781216,0.9338427696741718,0.023439233048908808
43343,200069,Upper Valley JVSD CTPD,2,6.137670154901266,92.77398894535386,1556.5267871892206,0.06615723032580288,0.003943183121174987
43344,200111,Tri-Rivers JVSD CTPD,1,240.5251749232251,255.37365390291447,2192.3195189319144,0.941855869809756,0.10971264582838162
43344,200056,Ohio Hi-Point JVSD CTPD,2,10.252832488159754,255.37365390291447,3696.2096246781216,0.04014835646302644,0.0027738774391218696
43344,200031,Delaware County JVSD CTPD,3,4.595646491533458,255.37365390291447,1206.3465515240075,0.017995773727232593,0.003809557449082657
43345,200056,Ohio Hi-Point JVSD CTPD,1,73.36834654591844,73.6706362502191,3696.2096246781216,0.9958967409583114,0.01984961730959932
43345,200111,Tri-Rivers JVSD CTPD,2,0.3022897043009773,73.6706362502191,2192.3195189319144,0.00410325904169286,1.37885787947667e-4
43346,200056,Ohio Hi-Point JVSD CTPD,1,2.7589825196498037,2.75898251964955,3696.2096246781216,1,7.464356191351202e-4
43347,200056,Ohio Hi-Point JVSD CTPD,1,79.64727121048224,79.64727121048391,3696.2096246781216,0.9999999999999791,0.021548364215792603
43348,200056,Ohio Hi-Point JVSD CTPD,1,7.432355910247713,7.43235591024759,3696.2096246781216,1,0.002010804760808161
43350,200111,Tri-Rivers JVSD CTPD,1,0.3471502214056104,0.34715022140568497,2192.3195189319144,0.9999999999997853,1.5834836957285314e-4
43351,200085,Vanguard-Sentinel JVSD CTPD,1,382.3978647421162,399.85071035002375,3029.4650751669283,0.9563515953425978,0.1262262000894813
43351,200116,Millstream Career Cooperative CTPD,2,13.188410866652474,399.85071035002375,2388.520578896221,0.032983337343848965,0.005521581427088679
43351,200083,Pioneer CTC JVSD CTPD,3,4.264434741252892,399.85071035002375,2622.425815431423,0.010665067313547761,0.001626141230062341
43356,200111,Tri-Rivers JVSD CTPD,1,38.89654558569566,53.62619769975374,2192.3195189319144,0.7253273074379145,0.017742188239352006
43356,200031,Delaware County JVSD CTPD,2,14.729652114057451,53.62619769975374,1206.3465515240075,0.2746726925620739,0.012210133228672239
43357,200056,Ohio Hi-Point JVSD CTPD,1,176.3699471324793,176.36994713247753,3696.2096246781216,1,0.0477164352245953
43358,200056,Ohio Hi-Point JVSD CTPD,1,105.07826549490323,158.87341175808646,3696.2096246781216,0.6613961664957754,0.02842865426066137
43358,200111,Tri-Rivers JVSD CTPD,2,53.79514626318909,158.87341175808646,2192.3195189319144,0.3386038335042615,0.02453800451924899
43359,200116,Millstream Career Cooperative CTPD,1,48.722608896737036,56.034012467025086,2388.520578896221,0.8695184719354041,0.020398655689729348
43359,200085,Vanguard-Sentinel JVSD CTPD,2,7.311403570286691,56.034012467025086,3029.4650751669283,0.13048152806457164,0.0024134305525485623
43360,200056,Ohio Hi-Point JVSD CTPD,1,78.27103386841593,78.27103386841732,3696.2096246781216,0.9999999999999822,0.02117602674529912
43402,200039,Penta County JVSD CTPD,1,287.47111808965707,287.4711180896584,2464.0528453178504,0.9999999999999954,0.11666597111985832
43403,200039,Penta County JVSD CTPD,1,0.8038224884151817,0.8038224884149805,2464.0528453178504,1,3.2621966283823454e-4
43406,200085,Vanguard-Sentinel JVSD CTPD,1,28.479635073261278,48.75780722161016,3029.4650751669283,0.584104099345934,0.009400879154116673
43406,200039,Penta County JVSD CTPD,2,20.27817214835339,48.75780722161016,2464.0528453178504,0.41589590065415855,0.00822960115765602
43407,200085,Vanguard-Sentinel JVSD CTPD,1,37.99564255459988,37.995642554599954,3029.4650751669283,0.9999999999999981,0.012542030230372028
43408,200039,Penta County JVSD CTPD,1,1.7021016492022574,1.7021016492021084,2464.0528453178504,1,6.907731919940601e-4
43410,200085,Vanguard-Sentinel JVSD CTPD,1,88.7256255649867,133.7164332746802,3029.4650751669283,0.6635356881134167,0.029287555183351233
43410,200032,EHOVE JVSD CTPD,2,44.99080770968385,133.7164332746802,1917.2910542461188,0.33646431188651105,0.023465820491909765
43412,200059,Oregon City CTPD,1,45.53729289165864,73.90715315545005,157.0344198686701,0.616141888131983,0.2899828771917778
43412,200039,Penta County JVSD CTPD,2,28.36986026379025,73.90715315545005,2464.0528453178504,0.38385811186800134,0.01151349506066729
43413,200039,Penta County JVSD CTPD,1,86.32659008680344,86.3265900868036,2464.0528453178504,0.999999999999998,0.03503439069938768
43414,200039,Penta County JVSD CTPD,1,1.2119563800169677,1.211956380017087,2464.0528453178504,0.9999999999999016,4.918548651746272e-4
43416,200039,Penta County JVSD CTPD,1,73.38885603885942,73.39092831404439,2464.0528453178504,0.9999717638782807,0.029783799555399806
43416,200085,Vanguard-Sentinel JVSD CTPD,2,0.00207227518458385,73.39092831404439,3029.4650751669283,2.8236121714068727e-5,6.840399651973755e-7
43420,200085,Vanguard-Sentinel JVSD CTPD,1,358.0908338723531,358.78492047736347,3029.4650751669283,0.998065452126341,0.1182026611918019
43420,200039,Penta County JVSD CTPD,2,0.6940866050086468,358.78492047736347,2464.0528453178504,0.0019345478736541221,2.8168495100563203e-4
43430,200039,Penta County JVSD CTPD,1,66.33971245325898,66.33971245325982,2464.0528453178504,0.9999999999999873,0.0269230071827869
43431,200085,Vanguard-Sentinel JVSD CTPD,1,99.42343898700555,130.88492412539478,3029.4650751669283,0.759624835720213,0.032818810093569795
43431,200039,Penta County JVSD CTPD,2,31.46148513838894,130.88492412539478,2464.0528453178504,0.2403751642797848,0.012768186038774087
43432,200039,Penta County JVSD CTPD,1,56.38640353619778,56.386403536195516,2464.0528453178504,1,0.02288360156047068
43433,200085,Vanguard-Sentinel JVSD CTPD,1,1.2689994366481863,1.2689994366482495,3029.4650751669283,0.9999999999999502,4.188856465289544e-4
43434,200059,Oregon City CTPD,1,0.05827923461983621,0.05827923461977113,157.0344198686701,1,3.7112395275237033e-4
43435,200085,Vanguard-Sentinel JVSD CTPD,1,90.79692871437042,90.79692871436849,3029.4650751669283,1,0.029971274288206597
43436,200032,EHOVE JVSD CTPD,1,2.6283567979764046,2.628356797976449,1917.2910542461188,0.9999999999999831,0.0013708700054462402
43437,200039,Penta County JVSD CTPD,1,2.438231656618476,2.4382316566182225,2464.0528453178504,1,9.895208462154376e-4
43438,200032,EHOVE JVSD CTPD,1,11.100315354209453,11.1003153542099,1917.2910542461188,0.9999999999999597,0.005789582822924144
43439,200085,Vanguard-Sentinel JVSD CTPD,1,0.05443750627979636,0.05443750627979822,3029.4650751669283,0.9999999999999658,1.796934604925154e-5
43440,200032,EHOVE JVSD CTPD,1,43.34002624383632,46.565792657622275,1917.2910542461188,0.9307266937877856,0.022604823690098357
43442,200085,Vanguard-Sentinel JVSD CTPD,1,39.65497649009876,45.414546885363926,3029.4650751669283,0.8731778518058639,0.013089761890690789
43442,200039,Penta County JVSD CTPD,2,5.7595703952643875,45.414546885363926,2464.0528453178504,0.12682214819411897,0.0023374378541469276
43443,200039,Penta County JVSD CTPD,1,32.04934452214852,32.04934452214833,2464.0528453178504,1,0.013006760217439378
43445,200039,Penta County JVSD CTPD,1,43.24547794237795,52.71153618965652,2464.0528453178504,0.8204177124867009,0.01755054808363881
43445,200059,Oregon City CTPD,2,9.466058247279287,52.71153618965652,157.0344198686701,0.17958228751331276,0.06028014912396831
43446,200032,EHOVE JVSD CTPD,1,2.75599436047481,2.7559943604751527,1917.2910542461188,0.9999999999998757,0.0014374418293827955
43447,200039,Penta County JVSD CTPD,1,44.96686477480728,44.96686477480784,2464.0528453178504,0.9999999999999876,0.01824914788668292
43449,200039,Penta County JVSD CTPD,1,217.34578289892227,227.8859253792037,2464.0528453178504,0.9537481638554791,0.08820662402266205
43449,200085,Vanguard-Sentinel JVSD CTPD,2,10.501467735979345,227.8859253792037,3029.4650751669283,0.04608212516198546,0.0034664429116749917
43449,200059,Oregon City CTPD,3,0.03867474429756403,227.8859253792037,157.0344198686701,1.6971098251552394e-4,2.4628195735628035e-4
43450,200039,Penta County JVSD CTPD,1,105.57488347435253,105.57488347435546,2464.0528453178504,0.9999999999999722,0.04284603054474422
43451,200039,Penta County JVSD CTPD,1,64.43780979725219,64.43780979725236,2464.0528453178504,0.9999999999999973,0.02615114765890503
43452,200085,Vanguard-Sentinel JVSD CTPD,1,117.39745827777911,128.868969367293,3029.4650751669283,0.9109831393404053,0.038751877102036016
43452,200039,Penta County JVSD CTPD,2,6.13240078232801,128.868969367293,2464.0528453178504,0.0475863259591212,0.0024887456427652066
43452,200032,EHOVE JVSD CTPD,3,5.339107626787811,128.868969367293,1917.2910542461188,0.04143051390106701,0.0027847142013016665
43456,200032,EHOVE JVSD CTPD,1,6.178293430252452,6.178293433229884,1917.2910542461188,0.9999999995180818,0.0032224076863915504
43457,200085,Vanguard-Sentinel JVSD CTPD,1,44.61106274548483,49.4981126434176,3029.4650751669283,0.9012679547372062,0.01472572273936074
43457,200039,Penta County JVSD CTPD,2,4.887049897932398,49.4981126434176,2464.0528453178504,0.09873204526278623,0.001983338103814893
43458,200039,Penta County JVSD CTPD,1,2.6107870615817235,2.610787061581634,2464.0528453178504,1,0.0010595499469675314
43460,200039,Penta County JVSD CTPD,1,7.569616845751583,7.569616845750958,2464.0528453178504,1,0.0030720188733513714
43462,200039,Penta County JVSD CTPD,1,66.10392520456959,66.10392520457076,2464.0528453178504,0.9999999999999823,0.02682731635816135
43463,200039,Penta County JVSD CTPD,1,0.7939241802127958,0.7939241802125052,2464.0528453178504,1,3.2220257845581374e-4
43464,200032,EHOVE JVSD CTPD,1,52.66265224312635,86.29855995330728,1917.2910542461188,0.6102379028296651,0.027467218462474585
43464,200085,Vanguard-Sentinel JVSD CTPD,2,33.63590771017927,86.29855995330728,3029.4650751669283,0.38976209717031574,0.011102919781415825
43465,200039,Penta County JVSD CTPD,1,31.908691323310197,31.90869132331206,2464.0528453178504,0.9999999999999417,0.012949678162926793
43466,200039,Penta County JVSD CTPD,1,73.19523044194835,73.19544140247109,2464.0528453178504,0.9999971178461569,0.02970521942377682
43466,200085,Vanguard-Sentinel JVSD CTPD,2,2.10960523347836e-4,73.19544140247109,3029.4650751669283,2.8821538514653172e-6,6.963622887654901e-8
43467,200039,Penta County JVSD CTPD,1,0.5560994524591416,0.5560994524592608,2464.0528453178504,0.9999999999997856,2.2568487259347215e-4
43468,200039,Penta County JVSD CTPD,1,4.259155325820684,4.259155325820762,2464.0528453178504,0.9999999999999817,0.0017285162263925692
43469,200039,Penta County JVSD CTPD,1,59.52434758808756,59.52434758809027,2464.0528453178504,0.9999999999999544,0.024157090502825322
43501,200030,Four County JVSD CTPD,1,68.74686876607647,68.74686876607704,4332.99416865771,0.9999999999999918,0.015865903827738847
43502,200030,Four County JVSD CTPD,1,189.68578119874667,189.68578119874448,4332.99416865771,1,0.04377706819243382
43504,200030,Four County JVSD CTPD,1,39.28343688193454,39.2834368819346,4332.99416865771,0.9999999999999986,0.009066118105140191
43505,200030,Four County JVSD CTPD,1,0.21291760172086396,0.21291760172092913,4332.99416865771,0.9999999999996939,4.913867719024009e-5
43506,200030,Four County JVSD CTPD,1,268.7970581291304,268.7970581291328,4332.99416865771,0.9999999999999911,0.06203494573647193
43510,200030,Four County JVSD CTPD,1,1.5554094109557568,1.5554094109557868,4332.99416865771,0.9999999999999807,3.5896872933886196e-4
43511,200039,Penta County JVSD CTPD,1,69.0095402415832,113.95340072302811,2464.0528453178504,0.6055943903711642,0.02800651794977283
43511,200116,Millstream Career Cooperative CTPD,2,38.393732220484644,113.95340072302811,2388.520578896221,0.33692484802453027,0.016074273154567956
43511,200030,Four County JVSD CTPD,3,6.55012826095671,113.95340072302811,4332.99416865771,0.05748076160427424,0.001511686378056177
43512,200030,Four County JVSD CTPD,1,540.7198104385734,571.50436618951,4332.99416865771,0.9461341722440515,0.12479126197533735
43512,200102,Vantage JVSD CTPD,2,30.784555750946,571.50436618951,3020.0496358403375,0.05386582775596484,0.010193393971281571
43515,200030,Four County JVSD CTPD,1,211.73813383628874,212.58004840850518,4332.99416865771,0.9960395409704744,0.04886647098855471
43515,200039,Penta County JVSD CTPD,2,0.8419145722183883,212.58004840850518,2464.0528453178504,0.0039604590295347014,3.416787808825527e-4
43516,200030,Four County JVSD CTPD,1,139.75162080930795,187.9069072055895,4332.99416865771,0.7437279602308886,0.03225289842764794
43516,200116,Millstream Career Cooperative CTPD,2,47.14863238472701,187.9069072055895,2388.520578896221,0.25091484440825557,0.01973968020259438
43516,200039,Penta County JVSD CTPD,3,1.0066540115513951,187.9069072055895,2464.0528453178504,0.005357195360839035,4.085358856910156e-4
43517,200030,Four County JVSD CTPD,1,166.2368348132964,166.29836664943832,4332.99416865771,0.9996299913379689,0.03836534930412653
43518,200030,Four County JVSD CTPD,1,177.69381866467228,177.79151449882937,4332.99416865771,0.9994505033919505,0.041009475606960916
43519,200030,Four County JVSD CTPD,1,3.3318307912414373,3.331830791241303,4332.99416865771,1,7.689442130667771e-4
43520,200030,Four County JVSD CTPD,1,3.0384994396564213,3.038499439656809,4332.99416865771,0.9999999999998724,7.012470641283364e-4
43521,200030,Four County JVSD CTPD,1,172.79288443498515,172.79288443498433,4332.99416865771,1,0.03987840225700408
43522,200039,Penta County JVSD CTPD,1,84.51978934794077,84.5302982237954,2464.0528453178504,0.9998756791816018,0.03430112690502713
43522,200030,Four County JVSD CTPD,2,0.010508875856663392,84.5302982237954,4332.99416865771,1.2432081842230066e-4,2.4253150241184992e-6
43523,200030,Four County JVSD CTPD,1,7.928257338512778,7.928257338512883,4332.99416865771,0.9999999999999868,0.0018297410589335782
43524,200030,Four County JVSD CTPD,1,82.23086493867284,82.23227652066213,4332.99416865771,0.9999828342100083,0.018977838819512326
43524,200116,Millstream Career Cooperative CTPD,2,0.0014115819887563121,82.23227652066213,2388.520578896221,1.7165789985172434e-5,5.909859019965529e-7
43525,200039,Penta County JVSD CTPD,1,2.0744216581946464,2.0744216581943706,2464.0528453178504,1,8.418738510971572e-4
43526,200030,Four County JVSD CTPD,1,183.40530754038315,196.9854365190217,4332.99416865771,0.9310602386723792,0.042327614670480636
43526,200102,Vantage JVSD CTPD,2,13.578222495286175,196.9854365190217,3020.0496358403375,0.06893008303167127,0.0044960262686238915
43527,200030,Four County JVSD CTPD,1,131.03022275297636,131.03022275297607,4332.99416865771,1,0.030240110568523416
43528,200039,Penta County JVSD CTPD,1,32.724086168823334,48.452027487574874,2464.0528453178504,0.6753914720537785,0.013280594298537495
43528,200061,Toledo City CTPD,2,12.195789998591184,48.452027487574874,180.335391260594,0.2517085585679298,0.06762837795365212
43528,200030,Four County JVSD CTPD,3,2.91401078673226,48.452027487574874,4332.99416865771,0.06014218471001104,6.725166647604725e-4
43528,200060,Sylvania City CTPD,4,0.6181405334293544,48.452027487574874,79.10878409792629,0.012757784668306635,0.007813803997596241
43529,200116,Millstream Career Cooperative CTPD,1,1.9452957167420983,1.9452957167418339,2388.520578896221,1,8.144354015325482e-4
43530,200030,Four County JVSD CTPD,1,0.36301499301350115,0.3630149930136204,4332.99416865771,0.9999999999996715,8.377924799422409e-5
43531,200030,Four County JVSD CTPD,1,0.45345148376837374,0.4534514837683141,4332.99416865771,1,1.0465084099313373e-4
43532,200030,Four County JVSD CTPD,1,107.5278458874909,119.08243977016866,4332.99416865771,0.9029697921458584,0.024816060604300614
43532,200039,Penta County JVSD CTPD,2,11.554593882680715,119.08243977016866,2464.0528453178504,0.09703020785416638,0.004689263829968805
43533,200030,Four County JVSD CTPD,1,60.75284472999674,60.75284472999695,4332.99416865771,0.9999999999999964,0.01402098465062485
43534,200030,Four County JVSD CTPD,1,87.36835827717555,93.98238800483769,4332.99416865771,0.9296247960062295,0.020163507006112774
43534,200039,Penta County JVSD CTPD,2,6.614029727659483,93.98238800483769,2464.0528453178504,0.07037520399374221,0.0026842077434448474
43535,200030,Four County JVSD CTPD,1,60.62955681514504,60.62955681514511,4332.99416865771,0.9999999999999988,0.013992531366347781
43536,200030,Four County JVSD CTPD,1,43.59694021895966,43.59694021895936,4332.99416865771,1,0.010061619868845857
43537,200039,Penta County JVSD CTPD,1,50.36925848443103,50.386378538410035,2464.0528453178504,0.999660224559184,0.020441630779202566
43537,200061,Toledo City CTPD,2,0.017120053978925572,50.386378538410035,180.335391260594,3.3977544081432217e-4,9.493452094595344e-5
43540,200030,Four County JVSD CTPD,1,47.062281708668706,47.06228170866847,4332.99416865771,1,0.010861376654759685
43541,200039,Penta County JVSD CTPD,1,1.0097015654579178,1.0097015654579402,2464.0528453178504,0.9999999999999778,4.0977269110787734e-4
43542,200039,Penta County JVSD CTPD,1,38.63142699941802,38.63142699941869,2464.0528453178504,0.9999999999999826,0.015678002634085048
43543,200030,Four County JVSD CTPD,1,222.52489531033288,222.5248953103312,4332.99416865771,1,0.05135591848240761
43545,200030,Four County JVSD CTPD,1,356.31233871222963,356.3142078892324,4332.99416865771,0.9999947541328372,0.08223236054402752
43545,200039,Penta County JVSD CTPD,2,0.001869177002415061,356.3142078892324,2464.0528453178504,5.245867161705023e-6,7.58578293467544e-7
43547,200039,Penta County JVSD CTPD,1,1.1132601659155636,1.1132601659154167,2464.0528453178504,1,4.518004425233659e-4
43548,200030,Four County JVSD CTPD,1,62.780018241630614,63.60755256659544,4332.99416865771,0.9869899989612332,0.014488830540263299
43548,200116,Millstream Career Cooperative CTPD,2,0.8275343249637782,63.60755256659544,2388.520578896221,0.013010001038750415,3.4646313382244204e-4
43549,200030,Four County JVSD CTPD,1,76.30178257937145,76.3017825793717,4332.99416865771,0.9999999999999967,0.017609481944677638
43551,200039,Penta County JVSD CTPD,1,204.39756522219153,204.39756522219366,2464.0528453178504,0.9999999999999896,0.0829517782504479
43553,200030,Four County JVSD CTPD,1,0.7770224255149308,0.7770224255149514,4332.99416865771,0.9999999999999736,1.7932690312289054e-4
43554,200030,Four County JVSD CTPD,1,89.94939919789286,89.94939919789206,4332.99416865771,1,0.020759178456443133
43555,200030,Four County JVSD CTPD,1,1.6693544311920852,1.6693544311922044,4332.99416865771,0.9999999999999286,3.8526579224758647e-4
43556,200030,Four County JVSD CTPD,1,83.39966830191227,83.4182677478034,4332.99416865771,0.9997770338992491,0.019247583785174608
43556,200102,Vantage JVSD CTPD,2,0.018599445891463198,83.4182677478034,3020.0496358403375,2.229661007549868e-4,6.158655695831916e-6
43557,200030,Four County JVSD CTPD,1,108.56155507487655,108.56155507488222,4332.99416865771,0.9999999999999478,0.025054627550654452
43558,200039,Penta County JVSD CTPD,1,128.7948903260973,216.49252418582816,2464.0528453178504,0.5949161099694377,0.05226953251868403
43558,200030,Four County JVSD CTPD,2,82.12623652737521,216.49252418582816,4332.99416865771,0.37934906452881245,0.01895369191157175
43558,200061,Toledo City CTPD,3,5.571397332355619,216.49252418582816,180.335391260594,0.02573482550174972,0.03089464188593275
43560,200060,Sylvania City CTPD,1,46.32728427026047,55.00946833348131,79.10878409792629,0.8421692787396664,0.5856149199931245
43560,200030,Four County JVSD CTPD,2,8.682184063214452,55.00946833348131,4332.99416865771,0.15783072126021755,0.0020037377677579586
43565,200039,Penta County JVSD CTPD,1,0.42507700142678617,0.42507700142678245,2464.0528453178504,1,1.7251131696891566e-4
43566,200039,Penta County JVSD CTPD,1,49.78651261153087,49.786512611529616,2464.0528453178504,1,0.020205131844527734
43567,200030,Four County JVSD CTPD,1,296.7975592169165,296.79755921691515,4332.99416865771,1,0.06849710561896728
43569,200039,Penta County JVSD CTPD,1,91.20793583445422,91.20799589304329,2464.0528453178504,0.9999993415205708,0.03701541385679529
43569,200030,Four County JVSD CTPD,2,6.005858842283487e-5,91.20799589304329,4332.99416865771,6.584794220592641e-7,1.3860759116008695e-8
43570,200030,Four County JVSD CTPD,1,116.22007942559407,116.22007942559578,4332.99416865771,0.9999999999999852,0.026822117663176343
43571,200039,Penta County JVSD CTPD,1,56.94841866534653,56.948418665348036,2464.0528453178504,0.9999999999999736,0.02311168722438681
43604,200061,Toledo City CTPD,1,7.9539816730733754,7.9539816730735895,180.335391260594,0.9999999999999731,0.044106603908821526
43605,200061,Toledo City CTPD,1,20.309156249169497,20.712770417646944,180.335391260594,0.9805137526106322,0.11261880492344241
43605,200039,Penta County JVSD CTPD,2,0.27953064683714507,20.712770417646944,2464.0528453178504,0.013495570182103187,1.1344344638074799e-4
43605,200059,Oregon City CTPD,3,0.12408352164074779,20.712770417646944,157.0344198686701,0.005990677207286122,7.90167669893775e-4
43606,200061,Toledo City CTPD,1,10.861477695217939,16.696516680481942,180.335391260594,0.6505235734537909,0.06022931837890068
43606,200062,Washington Local CTPD,2,3.260705734845981,16.696516680481942,48.85024668598479,0.19529257492718305,0.0667490126673502
43606,200060,Sylvania City CTPD,3,2.5743332504180367,16.696516680481942,79.10878409792629,0.15418385161902698,0.03254168648618528
43607,200061,Toledo City CTPD,1,18.775852468113,18.77585744697521,180.335391260594,0.9999997348263736,0.10411629318496289
43607,200060,Sylvania City CTPD,2,4.9788617938756945e-6,18.77585744697521,79.10878409792629,2.6517360434464684e-7,6.293690202231546e-8
43608,200061,Toledo City CTPD,1,8.26429048031145,8.630089457001686,180.335391260594,0.9576135359299828,0.04582733551379896
43608,200062,Washington Local CTPD,2,0.3657989766896814,8.630089457001686,48.85024668598479,0.04238646406995291,0.007488170511012582
43609,200061,Toledo City CTPD,1,14.269561432674736,14.269588847596646,180.335391260594,0.9999980787868381,0.0791279034743351
43609,200039,Penta County JVSD CTPD,2,2.7414922177791597e-5,14.269588847596646,2464.0528453178504,1.921213180743393e-6,1.1125947330993711e-8
43610,200061,Toledo City CTPD,1,3.2213763695625812,3.2213763695625812,180.335391260594,1,0.017863251062613245
43611,200061,Toledo City CTPD,1,12.953565844922348,21.069422707260966,180.335391260594,0.6148040231049272,0.07183041417645954
43611,200062,Washington Local CTPD,2,8.115856439353166,21.069422707260966,48.85024668598479,0.38519595681927593,0.16613747094304065
43612,200062,Washington Local CTPD,1,19.75811497427231,30.266175419020502,48.85024668598479,0.6528117510960934,0.40446295187166253
43612,200061,Toledo City CTPD,2,10.508060444747903,30.266175419020502,180.335391260594,0.3471882489038971,0.05826954083329772
43613,200062,Washington Local CTPD,1,9.548418667451479,15.925722235210358,48.85024668598479,0.5995595381125494,0.19546305935423114
43613,200061,Toledo City CTPD,2,6.377303567757281,15.925722235210358,180.335391260594,0.4004404618873503,0.03536357186006681
43614,200061,Toledo City CTPD,1,21.857614758976606,24.904126602866977,180.335391260594,0.8776704000717834,0.12120535301576614
43614,200039,Penta County JVSD CTPD,2,3.046511843890058,24.904126602866977,2464.0528453178504,0.12232959992820394,0.001236382510902307
43615,200061,Toledo City CTPD,1,24.362644957530478,42.80225685989683,180.335391260594,0.5691906629427484,0.13509630465339545
43615,200060,Sylvania City CTPD,2,11.36326917092815,42.80225685989683,79.10878409792629,0.26548294423172947,0.1436410545365217
43615,200039,Penta County JVSD CTPD,3,7.0763425829933215,42.80225685989683,2464.0528453178504,0.16532638935736665,0.00287183069001124
43615,200062,Washington Local CTPD,4,1.484438106417656e-7,42.80225685989683,48.85024668598479,3.4681304569444007e-9,3.0387525286408504e-9
43616,200059,Oregon City CTPD,1,101.19962642647336,101.20365089777442,157.0344198686701,0.9999602339316284,0.6444423236071932
43616,200061,Toledo City CTPD,2,0.004023802238408476,101.20365089777442,180.335391260594,3.9759457319113015e-5,2.231288162728897e-5
43617,200060,Sylvania City CTPD,1,8.675535208026965,13.52452529074597,79.10878409792629,0.6414668922955188,0.10966588991290513
43617,200039,Penta County JVSD CTPD,2,4.848978846338019,13.52452529074597,2464.0528453178504,0.3585322768892959,0.001967887521386549
43617,200061,Toledo City CTPD,3,1.1236380279064178e-5,13.52452529074597,180.335391260594,8.308151330644164e-7,6.230823689414922e-8
43619,200039,Penta County JVSD CTPD,1,30.221732380511888,30.222455307317734,2464.0528453178504,0.9999760798122291,0.01226505041802926
43619,200061,Toledo City CTPD,2,7.22926805939409e-4,30.222455307317734,180.335391260594,2.3920187773902257e-5,4.008790514640258e-6
43620,200061,Toledo City CTPD,1,2.7829566221424846,2.78295662214227,180.335391260594,1,0.015432115696696317
43623,200060,Sylvania City CTPD,1,9.55014465022264,17.399964631853532,79.10878409792629,0.5488600035852665,0.1207216715453598
43623,200062,Washington Local CTPD,2,7.801337779145416,17.399964631853532,48.85024668598479,0.4483536572748986,0.15969904572423851
43623,200061,Toledo City CTPD,3,0.04848220248455089,17.399964631853532,180.335391260594,0.0027863391397817067,2.6884463524129654e-4
43701,200075,Mid-East Ohio JVSD CTPD,1,474.24868823198966,474.24868823198676,4715.036467588955,1,0.10058218881061971
43711,200075,Mid-East Ohio JVSD CTPD,1,0.4687415351384282,0.4687415351383686,4715.036467588955,1,9.941419082557388e-5
43713,200006,Belmont-Harrison Area JVSD CTPD,1,238.41731587398093,238.55433986695908,2151.3159635424254,0.9994256067902408,0.1108239421425551
43713,200075,Mid-East Ohio JVSD CTPD,2,0.13702399296733364,238.55433986695908,4715.036467588955,5.74393209713776e-4,2.9061067482559934e-5
43716,200070,Switzerland of Ohio Local CTPD,1,169.15028421865463,169.26806492303126,1413.6379265416017,0.9993041764586239,0.11965601731730048
43716,200006,Belmont-Harrison Area JVSD CTPD,2,0.11778070437871223,169.26806492303126,2151.3159635424254,6.958235413884414e-4,5.4748212896059565e-5
43717,200075,Mid-East Ohio JVSD CTPD,1,0.7323565327086449,0.7323565327086449,4715.036467588955,1,1.5532362002772316e-4
43718,200006,Belmont-Harrison Area JVSD CTPD,1,143.12424321442114,151.06043356518367,2151.3159635424254,0.9474634742966098,0.06652869482674605
43718,200070,Switzerland of Ohio Local CTPD,2,7.936190350751027,151.06043356518367,1413.6379265416017,0.05253652570331399,0.005614019121690192
43719,200006,Belmont-Harrison Area JVSD CTPD,1,87.56968297575573,87.57063622506604,2151.3159635424254,0.9999891145097101,0.04070517044440125
43719,200070,Switzerland of Ohio Local CTPD,2,9.532493125209585e-4,87.57063622506604,1413.6379265416017,1.0885490315166882e-5,6.743235269960802e-7
43720,200075,Mid-East Ohio JVSD CTPD,1,116.70940158720262,125.9429394743027,4715.036467588955,0.9266847516371961,0.024752597862065368
43720,200074,Morgan Local CTPD,2,9.233537887097958,125.9429394743027,1001.4785710708742,0.07331524836278704,0.009219905601399538
43721,200075,Mid-East Ohio JVSD CTPD,1,0.9191526350089834,0.9191526350091099,4715.036467588955,0.9999999999998623,1.9494072661520564e-4
43722,200075,Mid-East Ohio JVSD CTPD,1,1.292201272712648,1.2922012727126777,4715.036467588955,0.999999999999977,2.7405965608011894e-4
43723,200075,Mid-East Ohio JVSD CTPD,1,40.789716759495356,40.789716759495455,4715.036467588955,0.9999999999999976,0.008650986485445631
43724,200075,Mid-East Ohio JVSD CTPD,1,375.42595328440456,405.5808889589963,4715.036467588955,0.925650008431141,0.07962312823348734
43724,200074,Morgan Local CTPD,2,16.37180513247888,405.5808889589963,1001.4785710708742,0.04036631305409967,0.01634763399377844
43724,200104,Washington County JVSD CTPD,3,7.227300383468151,405.5808889589963,1712.8245499726763,0.017819627552024084,0.0042195217155098835
43724,200070,Switzerland of Ohio Local CTPD,4,6.55583015864303,405.5808889589963,1413.6379265416017,0.016164050962731175,0.0046375596151990335
43725,200075,Mid-East Ohio JVSD CTPD,1,324.38204248284654,325.42997371482846,4715.036467588955,0.996779856446474,0.06879735601466516
43725,200108,Coshocton County JVSD CTPD,2,0.6946183571387736,325.42997371482846,1397.301956720096,0.002134463366141749,4.971139944362919e-4
43725,200101,Buckeye JVSD CTPD,3,0.35331287483952195,325.42997371482846,2928.984694902591,0.0010856801873730508,1.2062639844257434e-4
43727,200075,Mid-East Ohio JVSD CTPD,1,185.92894476685703,185.928944766853,4715.036467588955,1,0.03943319336868931
43728,200074,Morgan Local CTPD,1,91.74008511381318,95.02450140988515,1001.4785710708742,0.9654361112414077,0.0916046411414636
43728,200005,Tri-County JVSD CTPD,2,3.271285248691803,95.02450140988515,2811.4931448934267,0.03442570284669234,0.0011635401831348962
43728,200104,Washington County JVSD CTPD,3,0.01313104737794539,95.02450140988515,1712.8245499726763,1.381859118766121e-4,7.66631198633559e-6
43730,200005,Tri-County JVSD CTPD,1,85.2153434777916,116.00169466563521,2811.4931448934267,0.7346042980097611,0.030309639428632434
43730,200075,Mid-East Ohio JVSD CTPD,2,30.780807053016872,116.00169466563521,4715.036467588955,0.2653479084227163,0.0065282224781512055
43730,200074,Morgan Local CTPD,3,0.005544134834170341,116.00169466563521,1001.4785710708742,4.7793567586670414e-5,5.535949539331666e-6
43731,200075,Mid-East Ohio JVSD CTPD,1,66.05908764604575,136.50380488969802,4715.036467588955,0.4839358705013742,0.0140103025925959
43731,200074,Morgan Local CTPD,2,55.439633195535514,136.50380488969802,1001.4785710708742,0.40613983793589886,0.0553577827793702
43731,200005,Tri-County JVSD CTPD,3,15.00508404812056,136.50380488969802,2811.4931448934267,0.10992429156275481,0.005337051621617718
43732,200075,Mid-East Ohio JVSD CTPD,1,206.50083510480854,206.5011915392881,4715.036467588955,0.9999982739349982,0.04379623286570321
43732,200074,Morgan Local CTPD,2,3.564344774782658e-4,206.5011915392881,1001.4785710708742,1.726064991786994e-6,3.559082418479837e-7
43733,200075,Mid-East Ohio JVSD CTPD,1,2.407722170320138,2.407722170320451,4715.036467588955,0.99999999999987,5.106476242274607e-4
43734,200075,Mid-East Ohio JVSD CTPD,1,9.479940292758466,9.47994029275995,4715.036467588955,0.9999999999998433,0.002010576240061629
43735,200075,Mid-East Ohio JVSD CTPD,1,1.9337820996242538,1.9337820996240676,4715.036467588955,1,4.101308893191017e-4
43736,200075,Mid-East Ohio JVSD CTPD,1,0.08103034005893767,0.08103034005892276,4715.036467588955,1,1.7185517146248654e-5
43738,200075,Mid-East Ohio JVSD CTPD,1,0.1722034640455395,0.17220346404556186,4715.036467588955,0.9999999999998701,3.652219134024983e-5
43739,200075,Mid-East Ohio JVSD CTPD,1,90.03197840833626,90.37943954998478,4715.036467588955,0.9961555289192033,0.019094651553007887
43739,200055,Licking County JVSD CTPD,2,0.3474611416393239,90.37943954998478,1791.3006817574187,0.0038444710806948396,1.93971422652748e-4
43740,200075,Mid-East Ohio JVSD CTPD,1,0.35737350890283287,0.35737350890277697,4715.036467588955,1,7.579443157214364e-5
43746,200075,Mid-East Ohio JVSD CTPD,1,46.37141781593133,46.41780370457721,4715.036467588955,0.9990006875607235,0.009834795156874675
43746,200055,Licking County JVSD CTPD,2,0.046385888644448016,46.41780370457721,1791.3006817574187,9.993124392456757e-4,2.5895087919544307e-5
43747,200070,Switzerland of Ohio Local CTPD,1,53.02323781670925,94.70518193031894,1413.6379265416017,0.559876838162056,0.037508358272777875
43747,200006,Belmont-Harrison Area JVSD CTPD,2,41.681944113612744,94.70518193031894,2151.3159635424254,0.44012316183797623,0.019375091720594092
43748,200005,Tri-County JVSD CTPD,1,96.00022493938113,96.21791445467758,2811.4931448934267,0.997737536543686,0.034145637208381006
43748,200036,Eastland JVSD CTPD,2,0.21623846874941408,96.21791445467758,1886.4704760398772,0.0022473826207412852,1.1462594909163217e-4
43748,200075,Mid-East Ohio JVSD CTPD,3,0.0014510465445071459,96.21791445467758,4715.036467588955,1.5080835546385135e-5,3.077487426622475e-7
43749,200075,Mid-East Ohio JVSD CTPD,1,166.96041760398631,282.6954004396989,4715.036467588955,0.5906018185803495,0.03541020705813584
43749,200101,Buckeye JVSD CTPD,2,64.14740402898892,282.6954004396989,2928.984694902591,0.22691350453249431,0.021900901066716657
43749,200108,Coshocton County JVSD CTPD,3,51.587578806721595,282.6954004396989,1397.301956720096,0.18248467688714878,0.0369194207154864
43750,200075,Mid-East Ohio JVSD CTPD,1,2.6387008585713803,2.63870085857147,4715.036467588955,0.999999999999966,5.596353022314345e-4
43754,200070,Switzerland of Ohio Local CTPD,1,169.80786816223383,185.3483497478006,1413.6379265416017,0.91615527407332,0.1201211887245136
43754,200075,Mid-East Ohio JVSD CTPD,2,15.54048158557023,185.3483497478006,4715.036467588955,0.08384472592669867,0.003295940909979195
43755,200075,Mid-East Ohio JVSD CTPD,1,100.10499594491307,100.10499594490874,4715.036467588955,1,0.021231012025682592
43756,200074,Morgan Local CTPD,1,347.97531244279236,365.12771252764793,1001.4785710708742,0.9530235599864068,0.3474615658233253
43756,200104,Washington County JVSD CTPD,2,12.1723196903453,365.12771252764793,1712.8245499726763,0.03333715648719377,0.007106577080845483
43756,200075,Mid-East Ohio JVSD CTPD,3,4.9800803945040215,365.12771252764793,4715.036467588955,0.013639283526382358,0.0010562124871646215
43758,200074,Morgan Local CTPD,1,221.68072741247016,221.6807274124695,1001.4785710708742,1,0.22135344061873283
43759,200006,Belmont-Harrison Area JVSD CTPD,1,1.5956978646470643,1.5956978646470905,2151.3159635424254,0.9999999999999836,7.417310574963324e-4
43760,200075,Mid-East Ohio JVSD CTPD,1,90.64725558494878,90.64725558494919,4715.036467588955,0.9999999999999954,0.019225144112469922
43761,200005,Tri-County JVSD CTPD,1,1.4906046195492149,1.4906046195495017,2811.4931448934267,0.9999999999998075,5.301825552221711e-4
43762,200075,Mid-East Ohio JVSD CTPD,1,191.05805036971185,194.43046206079745,4715.036467588955,0.982654921171606,0.04052101223034863
43762,200108,Coshocton County JVSD CTPD,2,3.3724116910840607,194.43046206079745,1397.301956720096,0.01734507882838608,0.0024135167598277494
43764,200005,Tri-County JVSD CTPD,1,145.17766356687181,160.91928968230474,2811.4931448934267,0.9021768854031679,0.05163721057992299
43764,200075,Mid-East Ohio JVSD CTPD,2,15.741626115434562,160.91928968230474,4715.036467588955,0.09782311459684231,0.0033386011377943975
43766,200005,Tri-County JVSD CTPD,1,101.45926489468688,101.45926489469278,2811.4931448934267,0.9999999999999418,0.03608732430273552
43767,200075,Mid-East Ohio JVSD CTPD,1,74.28314832080454,74.28314832080869,4715.036467588955,0.9999999999999442,0.015754522543234836
43768,200075,Mid-East Ohio JVSD CTPD,1,1.660651155609887,1.6606511556099095,4715.036467588955,0.9999999999999865,3.5220324742452416e-4
43771,200075,Mid-East Ohio JVSD CTPD,1,60.714409542954876,60.71440954295541,4715.036467588955,0.9999999999999912,0.012876763511863426
43772,200075,Mid-East Ohio JVSD CTPD,1,88.28054374484351,88.28054374484363,4715.036467588955,0.9999999999999987,0.018723194264070236
43773,200075,Mid-East Ohio JVSD CTPD,1,278.2520699499963,278.252074894985,4715.036467588955,0.9999999822283853,0.05901376836906654
43773,200006,Belmont-Harrison Area JVSD CTPD,2,4.944987058639526e-6,278.252074894985,2151.3159635424254,1.7771608928723395e-8,2.298587070630459e-9
43777,200075,Mid-East Ohio JVSD CTPD,1,128.57454345149029,137.87293341400309,4715.036467588955,0.9325582641040087,0.0272690453902761
43777,200005,Tri-County JVSD CTPD,2,8.621873567309796,137.87293341400309,2811.4931448934267,0.06253492512138074,0.003066652886196747
43777,200074,Morgan Local CTPD,3,0.6765163952075541,137.87293341400309,1001.4785710708742,0.004906810774643631,6.755175944345566e-4
43778,200075,Mid-East Ohio JVSD CTPD,1,105.99710370121598,105.99710370121907,4715.036467588955,0.9999999999999708,0.02248065405852902
43779,200075,Mid-East Ohio JVSD CTPD,1,94.51196656846503,94.51196656846554,4715.036467588955,0.9999999999999946,0.020044800759896127
43780,200075,Mid-East Ohio JVSD CTPD,1,108.45770390166913,108.4577039016717,4715.036467588955,0.9999999999999762,0.023002516448643553
43782,200005,Tri-County JVSD CTPD,1,33.85945506742558,33.859455067425486,2811.4931448934267,1,0.012043228748014275
43783,200075,Mid-East Ohio JVSD CTPD,1,143.3897270899495,148.9559261052814,4715.036467588955,0.962631906223068,0.030411159717556157
43783,200005,Tri-County JVSD CTPD,2,5.566199015326536,148.9559261052814,2811.4931448934267,0.03736809377689593,0.0019798017382459347
43786,200070,Switzerland of Ohio Local CTPD,1,0.6028684970837682,0.6028684970837012,1413.6379265416017,1,4.2646598946213723e-4
43787,200074,Morgan Local CTPD,1,167.19268583477938,198.3481065334525,1001.4785710708742,0.8429255451782265,0.1669458445386419
43787,200104,Washington County JVSD CTPD,2,31.155420698677695,198.3481065334525,1712.8245499726763,0.15707445482179666,0.01818949915166425
43788,200075,Mid-East Ohio JVSD CTPD,1,91.1998207933372,104.65528314149711,4715.036467588955,0.8714306440701353,0.019342336251319057
43788,200070,Switzerland of Ohio Local CTPD,2,13.455462348158791,104.65528314149711,1413.6379265416017,0.128569355929854,0.00951832297049142
43791,200075,Mid-East Ohio JVSD CTPD,1,0.4845188891850561,0.4845188891851306,4715.036467588955,0.9999999999998462,1.0276036940872611e-4
43793,200070,Switzerland of Ohio Local CTPD,1,266.6798254709333,273.3843456607444,1413.6379265416017,0.9754758445528149,0.1886478994825449
43793,200075,Mid-East Ohio JVSD CTPD,2,6.698094605719447,273.3843456607444,4715.036467588955,0.02450065159923762,0.0014205817180337808
43793,200006,Belmont-Harrison Area JVSD CTPD,3,0.006425584076486528,273.3843456607444,2151.3159635424254,2.350384789208209e-5,2.9868155981634405e-6
43802,200075,Mid-East Ohio JVSD CTPD,1,105.70407632453018,108.46582820006567,4715.036467588955,0.9745380464855583,0.022418506633222757
43802,200108,Coshocton County JVSD CTPD,2,2.7617518755315085,108.46582820006567,1397.301956720096,0.025461953514404976,0.0019764889487553588
43804,200101,Buckeye JVSD CTPD,1,71.7638071612891,79.4941616613766,2928.984694902591,0.9027556950280613,0.024501257137390313
43804,200003,Heartland Technical Education Center CTPD,2,7.379261230997995,79.4941616613766,1643.0960551292524,0.0928277130895679,0.004491071114170202
43804,200108,Coshocton County JVSD CTPD,3,0.3510932690888699,79.4941616613766,1397.301956720096,0.004416591882362774,2.5126513807580673e-4
43805,200108,Coshocton County JVSD CTPD,1,2.7040995007376076,2.704099500737786,1397.301956720096,0.9999999999999339,0.001935229166274821
43811,200108,Coshocton County JVSD CTPD,1,44.30181327977249,55.93025149246491,1397.301956720096,0.7920903642949104,0.0317052538763795
43811,200075,Mid-East Ohio JVSD CTPD,2,11.6284382126929,55.93025149246491,4715.036467588955,0.20790963570509813,0.0024662456574040307
43812,200108,Coshocton County JVSD CTPD,1,391.70361103224,411.7383788739728,1397.301956720096,0.9513410241315757,0.2803285353952346
43812,200003,Heartland Technical Education Center CTPD,2,19.70478976965481,411.7383788739728,1643.0960551292524,0.04785754930969445,0.011992475855652123
43812,200075,Mid-East Ohio JVSD CTPD,3,0.3299780720757488,411.7383788739728,4715.036467588955,8.014265587244427e-4,6.998420358866998e-5
43821,200075,Mid-East Ohio JVSD CTPD,1,191.36724511302756,213.1178532147012,4715.036467588955,0.8979409384357798,0.040586588551007254
43821,200108,Coshocton County JVSD CTPD,2,21.750608101671784,213.1178532147012,1397.301956720096,0.10205906156421152,0.015566147314877632
43822,200108,Coshocton County JVSD CTPD,1,92.95225217630303,229.42243043681827,1397.301956720096,0.40515764739883003,0.06652266657844735
43822,200075,Mid-East Ohio JVSD CTPD,2,89.8715462989584,229.42243043681827,4715.036467588955,0.39172955376614127,0.019060625918109694
43822,200051,Knox County JVSD CTPD,3,34.52583320386894,229.42243043681827,1516.7319841515923,0.15049022511936633,0.022763305293638614
43822,200055,Licking County JVSD CTPD,4,12.072798757689894,229.42243043681827,1791.3006817574187,0.0526225737156711,0.0067396830027695006
43824,200108,Coshocton County JVSD CTPD,1,161.40161155603838,205.73719648766064,1397.301956720096,0.7845037956746856,0.11550947222238087
43824,200101,Buckeye JVSD CTPD,2,44.33558493162387,205.73719648766064,2928.984694902591,0.21549620432532215,0.015136844179753672
43830,200075,Mid-East Ohio JVSD CTPD,1,95.35764824245062,134.11811541006978,4715.036467588955,0.7109975259560726,0.020224159218690408
43830,200055,Licking County JVSD CTPD,2,38.76046716761917,134.11811541006978,1791.3006817574187,0.28900247404392754,0.021638169159625308
43832,200101,Buckeye JVSD CTPD,1,195.9215048077189,263.5286276024269,2928.984694902591,0.743454351013797,0.06689058674450829
43832,200108,Coshocton County JVSD CTPD,2,64.17086438439419,263.5286276024269,1397.301956720096,0.2435062367539276,0.04592483684415875
43832,200075,Mid-East Ohio JVSD CTPD,3,3.4362584103187266,263.5286276024269,4715.036467588955,0.013039412232293966,7.287872392800104e-4
43836,200108,Coshocton County JVSD CTPD,1,0.3128390895656347,0.31283908956567386,1397.301956720096,0.9999999999998749,2.2388796355797406e-4
43837,200101,Buckeye JVSD CTPD,1,118.85934263585061,128.4019888868078,2928.984694902591,0.9256814763253436,0.0405803904823079
43837,200075,Mid-East Ohio JVSD CTPD,2,9.542646250949703,128.4019888868078,4715.036467588955,0.07431852367459807,0.0020238753860220633
43840,200101,Buckeye JVSD CTPD,1,74.5629576415326,88.85217263488501,2928.984694902591,0.839179903320201,0.025456929758389313
43840,200108,Coshocton County JVSD CTPD,2,14.28921499334889,88.85217263488501,1397.301956720096,0.16082009667975952,0.010226289975926277
43842,200075,Mid-East Ohio JVSD CTPD,1,0.6822581438802928,0.6822581438805009,4715.036467588955,0.999999999999695,1.4469838114087102e-4
43843,200108,Coshocton County JVSD CTPD,1,79.36986529650689,115.26530788741056,1397.301956720096,0.6885841607609654,0.056802228691365135
43843,200051,Knox County JVSD CTPD,2,35.89544259091031,115.26530788741056,1516.7319841515923,0.31141583923909216,0.023666305560892473
43844,200108,Coshocton County JVSD CTPD,1,320.52549723066323,321.234466288808,1397.301956720096,0.9977929857081171,0.22938885592276465
43844,200003,Heartland Technical Education Center CTPD,2,0.7010276857401132,321.234466288808,1643.0960551292524,0.0021822928711200296,4.266504587797623e-4
43844,200051,Knox County JVSD CTPD,3,0.00794137240810506,321.234466288808,1516.7319841515923,2.472142077358946e-5,5.235844230282511e-6
43845,200108,Coshocton County JVSD CTPD,1,74.30101107762349,74.30101117074477,1397.301956720096,0.9999999987467023,0.05317462751718401
43845,200101,Buckeye JVSD CTPD,2,9.312300968304043e-8,74.30101117074477,2928.984694902591,1.2533208931577316e-9,3.1793614300923285e-11
43901,200050,Jefferson County JVSD CTPD,1,59.97683023362732,80.19487570469519,1096.1536080475903,0.7478885615395479,0.05471571665987107
43901,200006,Belmont-Harrison Area JVSD CTPD,2,20.218045471075715,80.19487570469519,2151.3159635424254,0.25211143846054995,0.009397989794945804
43902,200070,Switzerland of Ohio Local CTPD,1,42.362198937475384,42.36219893747753,1413.6379265416017,0.9999999999999494,0.029966795699314958
43903,200101,Buckeye JVSD CTPD,1,57.69201445099017,96.20420021834069,2928.984694902591,0.5996829069838426,0.019696932712346873
43903,200050,Jefferson County JVSD CTPD,2,38.511964078052046,96.20420021834069,1096.1536080475903,0.4003147886542068,0.035133729246804635
43903,200006,Belmont-Harrison Area JVSD CTPD,3,2.216892973137001e-4,96.20420021834069,2151.3159635424254,2.3043619385698767e-6,1.0304822772228187e-7
43905,200006,Belmont-Harrison Area JVSD CTPD,1,5.27071595438227,5.270715954382181,2151.3159635424254,1,0.0024499962086942085
43906,200006,Belmont-Harrison Area JVSD CTPD,1,83.86374744234566,83.86374754242301,2151.3159635424254,0.9999999988066672,0.038982533883239044
43907,200006,Belmont-Harrison Area JVSD CTPD,1,401.95635161351464,424.02385958517254,2151.3159635424254,0.9479569192326894,0.18684208104496214
43907,200050,Jefferson County JVSD CTPD,2,22.067507971657385,424.02385958517254,1096.1536080475903,0.052043080767309374,0.020131766031371134
43908,200050,Jefferson County JVSD CTPD,1,73.58466570522502,79.31905703066927,1096.1536080475903,0.9277047466256816,0.06712988504986091
43908,200101,Buckeye JVSD CTPD,2,5.734391325440094,79.31905703066927,2928.984694902591,0.07229525337426605,0.0019578085660262564
43909,200006,Belmont-Harrison Area JVSD CTPD,1,0.13107997019901127,0.1310799701990038,2151.3159635424254,1,6.093013412273054e-5
43910,200050,Jefferson County JVSD CTPD,1,131.36881393624319,141.50631738803312,1096.1536080475903,0.9283600644910341,0.11984525979915372
43910,200006,Belmont-Harrison Area JVSD CTPD,2,10.137503451788694,141.50631738803312,2151.3159635424254,0.071639935508957,0.004712233639123822
43912,200006,Belmont-Harrison Area JVSD CTPD,1,46.639764255409546,46.639764255409794,2151.3159635424254,0.9999999999999947,0.021679644015940375
43913,200050,Jefferson County JVSD CTPD,1,6.732176235386178,6.732185391996741,1096.1536080475903,0.9999986398754594,0.0061416357944368465
43914,200070,Switzerland of Ohio Local CTPD,1,1.507722482243657,1.5077224822438657,1413.6379265416017,0.9999999999998616,0.0010665549175892788
43915,200070,Switzerland of Ohio Local CTPD,1,146.3741626478636,146.37416264794936,1413.6379265416017,0.9999999999994141,0.10354430926026516
43917,200050,Jefferson County JVSD CTPD,1,76.50150849803245,83.79965447499004,1096.1536080475903,0.9129095934502246,0.06979086501780787
43917,200006,Belmont-Harrison Area JVSD CTPD,2,7.298145976955436,83.79965447499004,2151.3159635424254,0.08709040654974973,0.003392410087887823
43920,200015,Columbiana County JVSD CTPD,1,76.96941569687866,109.194096240016,1124.4783801732294,0.7048862378758526,0.0684489956000944
43920,200016,East Liverpool City CTPD,2,32.2246764128781,109.194096240016,35.769039106533484,0.2951137242992156,0.9009097593284807
43925,200050,Jefferson County JVSD CTPD,1,0.5246241382342647,0.5246241382344067,1096.1536080475903,0.9999999999997293,4.7860458094800865e-4
43926,200050,Jefferson County JVSD CTPD,1,1.186962880245328,1.186962880245328,1096.1536080475903,1,0.001082843564561615
43928,200006,Belmont-Harrison Area JVSD CTPD,1,3.0282137996255485,3.0282137996253744,2151.3159635424254,1,0.0014076099703361077
43930,200050,Jefferson County JVSD CTPD,1,68.98730006656206,84.37856194378513,1096.1536080475903,0.8175927448552978,0.06293579618776106
43930,200015,Columbiana County JVSD CTPD,2,15.391261877223345,84.37856194378513,1124.4783801732294,0.1824072551447054,0.013687468028377987
43931,200070,Switzerland of Ohio Local CTPD,1,1.0116942573891357,1.011694257389199,1413.6379265416017,0.9999999999999375,7.156671721904051e-4
43932,200050,Jefferson County JVSD CTPD,1,53.54181120325861,57.73915081192413,1096.1536080475903,0.927305137854596,0.04884517170784521
43932,200015,Columbiana County JVSD CTPD,2,4.1973396086648105,57.73915081192413,1124.4783801732294,0.07269486214539178,0.0037326992520907314
43933,200006,Belmont-Harrison Area JVSD CTPD,1,75.19453078016569,124.9011969015097,2151.3159635424254,0.6020321073420939,0.034952806586508095
43933,200070,Switzerland of Ohio Local CTPD,2,49.706665894333455,124.9011969015097,1413.6379265416017,0.39796789084038503,0.035162232818652835
43934,200006,Belmont-Harrison Area JVSD CTPD,1,0.4391321539229341,0.43913215392293364,2151.3159635424254,1,2.0412257490984499e-4
43935,200006,Belmont-Harrison Area JVSD CTPD,1,38.52601666731875,50.44325503304966,2151.3159635424254,0.7637496161196792,0.01790811639024915
43935,200050,Jefferson County JVSD CTPD,2,11.917216423188592,50.44325503304966,1096.1536080475903,0.23624994888574521,0.010871848923085603
43938,200050,Jefferson County JVSD CTPD,1,85.50131593978658,85.50131594194421,1096.1536080475903,0.9999999999747649,0.07800121744987631
43939,200050,Jefferson County JVSD CTPD,1,2.3469768929319383,2.348251154042959,1096.1536080475903,0.999457357400282,0.002141102191974943
43939,200006,Belmont-Harrison Area JVSD CTPD,2,0.0012742611110433935,2.348251154042959,2151.3159635424254,5.426425997276788e-4,5.923170434458891e-7
43940,200006,Belmont-Harrison Area JVSD CTPD,1,1.2750662411886509,1.2750662411886602,2151.3159635424254,0.9999999999999927,5.926912935137088e-4
43942,200070,Switzerland of Ohio Local CTPD,1,54.893316627044975,54.8933172054143,1413.6379265416017,0.9999999894637571,0.03883124214227817
43943,200050,Jefferson County JVSD CTPD,1,116.79549348662758,117.49479633883932,1096.1536080475903,0.9940482227809048,0.10655029790455867
43943,200006,Belmont-Harrison Area JVSD CTPD,2,0.6992861877587107,117.49479633883932,2151.3159635424254,0.005951635387681873,3.250504340642012e-4
43944,200050,Jefferson County JVSD CTPD,1,80.2963801812042,80.29638018120372,1096.1536080475903,1,0.07325285397201199
43945,200015,Columbiana County JVSD CTPD,1,107.29876732196729,175.78688320108688,1124.4783801732294,0.6103912042130335,0.09542092512746896
43945,200101,Buckeye JVSD CTPD,2,49.07082454653606,175.78688320108688,2928.984694902591,0.2791495227229369,0.01675352712902039
43945,200050,Jefferson County JVSD CTPD,3,19.41729133257376,175.78688320108688,1096.1536080475903,0.110459273063974,0.017714024010885475
43946,200070,Switzerland of Ohio Local CTPD,1,149.7879954861182,149.78801093528205,1413.6379265416017,0.9999998968598105,0.10595923657238558
43947,200006,Belmont-Harrison Area JVSD CTPD,1,44.79469296936382,44.79469314344123,2151.3159635424254,0.9999999961138832,0.020821996270414624
43948,200050,Jefferson County JVSD CTPD,1,1.560835909721896,1.5608359097222089,1096.1536080475903,0.9999999999997996,0.0014239207883482432
43950,200006,Belmont-Harrison Area JVSD CTPD,1,214.3047158970266,214.30584710308378,2151.3159635424254,0.9999947215343283,0.09961563969624695
43950,200050,Jefferson County JVSD CTPD,2,0.0011312060512006282,214.30584710308378,1096.1536080475903,5.278465643807208e-6,1.0319776743840413e-6
43951,200006,Belmont-Harrison Area JVSD CTPD,1,2.943428191943079,2.9434281919430196,2151.3159635424254,1,0.0013681989265288286
43952,200050,Jefferson County JVSD CTPD,1,67.48279907963962,67.48279913069705,1096.1536080475903,0.9999999992434009,0.06156326867348121
43953,200050,Jefferson County JVSD CTPD,1,47.90696176238646,47.90696176238847,1096.1536080475903,0.999999999999958,0.04370460618901374
43961,200050,Jefferson County JVSD CTPD,1,0.5100036049268841,0.5100036049267351,1096.1536080475903,1,4.65266547665044e-4
43962,200015,Columbiana County JVSD CTPD,1,1.3972003444283978,1.3972003444285914,1124.4783801732294,0.9999999999998614,0.0012425319766602846
43963,200050,Jefferson County JVSD CTPD,1,1.1756174875836372,1.1756213312963246,1096.1536080475903,0.9999967304840555,0.001072493379534264
43964,200050,Jefferson County JVSD CTPD,1,124.90756820777136,124.9075848674108,1096.1536080475903,0.999999866624277,0.11395078873138044
43964,200015,Columbiana County JVSD CTPD,2,3.054388999240473e-6,124.9075848674108,1124.4783801732294,2.4453190752849013e-8,2.7162718760052415e-9
43967,200006,Belmont-Harrison Area JVSD CTPD,1,1.1733878460176885,1.1733878460179716,2151.3159635424254,0.9999999999997587,5.454279454541632e-4
43968,200015,Columbiana County JVSD CTPD,1,84.92539474312571,88.46975350213808,1124.4783801732294,0.9599370562400549,0.07552425750510444
43968,200016,East Liverpool City CTPD,2,3.5443584741239027,88.46975350213808,35.769039106533484,0.04006294053976589,0.09909012270549082
43971,200050,Jefferson County JVSD CTPD,1,3.079104146947652,3.3318726032560244,1096.1536080475903,0.9241362181551125,0.002809007902124216
43971,200006,Belmont-Harrison Area JVSD CTPD,2,0.2527684428289533,3.3318726032560244,2151.3159635424254,0.07586377779928889,1.1749480183874836e-4
43972,200006,Belmont-Harrison Area JVSD CTPD,1,0.3422129470895752,0.3422129470893666,2151.3159635424254,1,1.5907144877318555e-4
43973,200006,Belmont-Harrison Area JVSD CTPD,1,117.73603403756904,225.88415523580665,2151.3159635424254,0.5212230752292527,0.05472744870246821
43973,200075,Mid-East Ohio JVSD CTPD,2,106.698956689387,225.88415523580665,4715.036467588955,0.47236140391521064,0.02262950825997487
43973,200101,Buckeye JVSD CTPD,3,1.4491645088516036,225.88415523580665,2928.984694902591,0.006415520855541112,4.947668423715674e-4
43974,200050,Jefferson County JVSD CTPD,1,0.21384664517548307,0.213846645175457,1096.1536080475903,1,1.9508820990552154e-4
43976,200006,Belmont-Harrison Area JVSD CTPD,1,56.54566899949524,56.60133176431727,2151.3159635424254,0.9990165820646446,0.026284223218603995
43976,200050,Jefferson County JVSD CTPD,2,0.05566276482098736,56.60133176431727,1096.1536080475903,9.834179353369631e-4,5.078007718291497e-5
43977,200006,Belmont-Harrison Area JVSD CTPD,1,141.1700394044513,141.1700394044557,2151.3159635424254,0.9999999999999688,0.06562031881732343
43981,200006,Belmont-Harrison Area JVSD CTPD,1,0.6126880665519927,0.6126880665520057,2151.3159635424254,0.9999999999999788,2.8479687639333136e-4
43983,200006,Belmont-Harrison Area JVSD CTPD,1,47.873472931443175,54.772546754345385,2151.3159635424254,0.8740413905921789,0.022253110999377882
43983,200075,Mid-East Ohio JVSD CTPD,2,6.899073822906678,54.772546754345385,4715.036467588955,0.12595860940790268,0.0014632068851069854
43985,200006,Belmont-Harrison Area JVSD CTPD,1,1.7065675709427373,1.7065675709430277,2151.3159635424254,0.9999999999998298,7.932668189439959e-4
43986,200006,Belmont-Harrison Area JVSD CTPD,1,102.64628897832908,105.79085401611886,2151.3159635424254,0.9702756437025203,0.04771325584797337
43986,200101,Buckeye JVSD CTPD,2,3.143396203045845,105.79085401611886,2928.984694902591,0.029713307755005934,0.0010732033555915816
43986,200050,Jefferson County JVSD CTPD,3,0.0011688347431665753,105.79085401611886,1096.1536080475903,1.1048542466520644e-5,1.0663056113535407e-6
43988,200006,Belmont-Harrison Area JVSD CTPD,1,88.5214464413026,143.9515900136804,2151.3159635424254,0.6149389974288578,0.04114758033754389
43988,200101,Buckeye JVSD CTPD,2,55.43014357238619,143.9515900136804,2928.984694902591,0.3850610025712005,0.0189246955331836
44001,200058,Lorain County JVSD CTPD,1,86.77915731508418,86.77915731508389,1194.5523890836828,1,0.07264575259160523
44003,200004,Ashtabula County Technical and Career Center  CTPD,1,171.16222050766547,171.16222082482255,1837.064408791999,0.999999998147038,0.09317159468579375
44004,200004,Ashtabula County Technical and Career Center  CTPD,1,192.20133733032122,192.20134604617084,1837.064408791999,0.9999999546525048,0.10462416908763005
44010,200004,Ashtabula County Technical and Career Center  CTPD,1,47.79387418428637,47.79387418428758,1837.064408791999,0.9999999999999747,0.02601643902932846
44011,200058,Lorain County JVSD CTPD,1,53.98320241991413,53.98401161128509,1194.5523890836828,0.9999850105365123,0.045191155208624684
44011,200023,Lakewood City CTPD,2,8.09191372513771e-4,53.98401161128509,79.60901024223006,1.4989463516353675e-5,1.0164570191886655e-5
44012,200058,Lorain County JVSD CTPD,1,28.673553302547813,28.673553302547575,1194.5523890836828,1,0.02400359629646944
44017,200028,Polaris JVSD CTPD,1,16.205174751816372,16.20517475181657,214.60977957380243,0.9999999999999877,0.07550995478397364
44021,200052,Auburn JVSD CTPD,1,102.20421267274672,107.97482281388103,1266.4960283627972,0.9465559656339398,0.08069840756221429
44021,200025,Mayfield Excel T.E.C.C. CTPD,2,5.770610141135126,107.97482281388103,516.3380975099828,0.05344403436606768,0.011176030141807534
44022,200025,Mayfield Excel T.E.C.C. CTPD,1,78.92280037803145,79.19626682281056,516.3380975099828,0.9965469780868467,0.15285101130176737
44022,200020,Tri-Heights Career Prep Consortium CTPD,2,0.2580130544190742,79.19626682281056,75.43429919312267,0.0032578941504444727,0.0034203678854167335
44022,200052,Auburn JVSD CTPD,3,0.015453390359207987,79.19626682281056,1266.4960283627972,1.9512776269849395e-4,1.2201688764223467e-5
44023,200052,Auburn JVSD CTPD,1,138.53308948206353,140.08795384580648,1266.4960283627972,0.9889007989548168,0.10938296400435273
44023,200025,Mayfield Excel T.E.C.C. CTPD,2,1.5545123532360496,140.08795384580648,516.3380975099828,0.011096688263054275,0.003010648179424713
44023,200078,Maplewood Area JVSD CTPD,3,3.520105064348318e-4,140.08795384580648,1098.9227931243822,2.5127821255943712e-6,3.2032323711661266e-7
44024,200052,Auburn JVSD CTPD,1,232.25795024027542,235.98313299462657,1266.4960283627972,0.9842141990951702,0.18338624444051033
44024,200025,Mayfield Excel T.E.C.C. CTPD,2,3.7251827543571143,235.98313299462657,516.3380975099828,0.015785800904855086,0.007214619204590248
44026,200025,Mayfield Excel T.E.C.C. CTPD,1,69.01534890014398,75.52932326767773,516.3380975099828,0.9137556900324915,0.13366309639549626
44026,200052,Auburn JVSD CTPD,2,6.5139743675365285,75.52932326767773,1266.4960283627972,0.08624430996754529,0.005143304220193379
44028,200058,Lorain County JVSD CTPD,1,82.06421380771134,87.73669805615269,1194.5523890836828,0.9353465040955737,0.06869871473000959
44028,200028,Polaris JVSD CTPD,2,5.56381451575579,87.73669805615269,214.60977957380243,0.063414906635703025,0.025925260846943105
44028,200066,Medina County JVSD CTPD,3,0.10866973267925158,87.73669805615269,1177.7737438212796,0.001238589268651317,9.226707018164059e-5
44030,200004,Ashtabula County Technical and Career Center  CTPD,1,151.66060958735423,151.6606143785938,1837.064408791999,0.9999999684081488,0.08255595659113656
44032,200004,Ashtabula County Technical and Career Center  CTPD,1,107.10673592189885,107.10673592189968,1837.064408791999,0.9999999999999921,0.05830320124286179
44035,200058,Lorain County JVSD CTPD,1,124.4199804486317,124.41998044863247,1194.5523890836828,0.9999999999999938,0.10415615220029971
44039,200058,Lorain County JVSD CTPD,1,62.80608213556275,62.81206640301135,1194.5523890836828,0.9999047274227502,0.0525770846967541
44039,200028,Polaris JVSD CTPD,2,0.005984267449140549,62.81206640301135,214.60977957380243,9.52725772583984e-5,2.7884411703067857e-5
44040,200025,Mayfield Excel T.E.C.C. CTPD,1,25.722794214773142,25.722794214773863,516.3380975099828,0.9999999999999719,0.049817734424053066
44041,200004,Ashtabula County Technical and Career Center  CTPD,1,164.77613754447725,168.65036945609415,1837.064408791999,0.9770280259443753,0.08969535132022362
44041,200052,Auburn JVSD CTPD,2,3.8742270816301363,168.65036945609415,1266.4960283627972,0.022971945416572236,0.0030590124207798422
44044,200058,Lorain County JVSD CTPD,1,141.33377297081984,141.33477209615194,1194.5523890836828,0.9999929307889539,0.118315257047231
44044,200066,Medina County JVSD CTPD,2,9.991253305077553e-4,141.33477209615194,1177.7737438212796,7.069211034833218e-6,8.483168653990361e-7
44045,200052,Auburn JVSD CTPD,1,2.401389416525483,2.4013894165257215,1266.4960283627972,0.9999999999999007,0.0018960891805004437
44046,200052,Auburn JVSD CTPD,1,40.557296179611164,40.55924184646001,1266.4960283627972,0.9999520290133574,0.032023232028638646
44046,200004,Ashtabula County Technical and Career Center  CTPD,2,0.0019456668496727943,40.55924184646001,1837.064408791999,4.797098666287351e-5,1.0591173833432487e-6
44047,200004,Ashtabula County Technical and Career Center  CTPD,1,277.84901722206587,277.8490172220593,1837.064408791999,1,0.15124620339510655
44048,200004,Ashtabula County Technical and Career Center  CTPD,1,72.85330756284559,72.85330756284678,1837.064408791999,0.9999999999999836,0.039657459593783015
44049,200058,Lorain County JVSD CTPD,1,0.9242320485515967,0.9242320485517979,1194.5523890836828,0.9999999999997823,7.737057470209043e-4
44050,200058,Lorain County JVSD CTPD,1,66.38238911377209,66.3823891137692,1194.5523890836828,1,0.05557093160618321
44052,200057,Lorain City CTPD,1,23.808630421008655,25.51062133220779,41.617060302495716,0.9332830475183163,0.5720882313155811
44052,200058,Lorain County JVSD CTPD,2,1.7019909111981322,25.51062133220779,1194.5523890836828,0.06671695248164444,0.001424793861492919
44053,200058,Lorain County JVSD CTPD,1,13.352923429863468,28.11333544473122,1194.5523890836828,0.4749675987793888,0.011178181511240564
44053,200057,Lorain City CTPD,2,9.314401253261275,28.11333544473122,41.617060302495716,0.3313161211899852,0.2238120901754972
44053,200032,EHOVE JVSD CTPD,3,5.446010761609792,28.11333544473122,1917.2910542461188,0.19371628003074395,0.0028404715859643805
44054,200058,Lorain County JVSD CTPD,1,32.59353315495422,32.59471408571994,1194.5523890836828,0.9999637692552659,0.027285143333023735
44054,200057,Lorain City CTPD,2,0.0011809307668656111,32.59471408571994,41.617060302495716,3.623074476922589e-5,2.8376121674187362e-5
44055,200057,Lorain City CTPD,1,8.492798937843046,16.37020984805408,41.617060302495716,0.5187959724812313,0.20407013076158445
44055,200058,Lorain County JVSD CTPD,2,7.877410910211044,16.37020984805408,1194.5523890836828,0.4812040275187693,0.006594445737330657
44056,200027,Cuyahoga Valley JVSD CTPD,1,25.36913799277985,25.37243394336286,472.94367613348436,0.9998700971853798,0.05364092866233743
44056,200097,Six District Voc Ed Compact CTPD,2,0.0032959505814500155,25.37243394336286,358.50739840423967,1.2990281455879793e-4,9.193535743252985e-6
44057,200052,Auburn JVSD CTPD,1,129.71378547872413,130.4079819839053,1266.4960283627972,0.9946767330141889,0.10241941749032209
44057,200004,Ashtabula County Technical and Career Center  CTPD,2,0.6941965051858827,130.4079819839053,1837.064408791999,0.005323266985847224,3.7788359616763053e-4
44060,022548,Mentor Exempted Village Comprehensive CTPD,1,90.40186466738585,103.79304972665143,92.04760304247833,0.8709818711895209,0.9821207905399448
44060,200052,Auburn JVSD CTPD,2,13.385119614185149,103.79304972665143,1266.4960283627972,0.12895969093726503,0.010568623441708008
44060,022550,Western Lake County Compact CTPD,3,0.006065445080220699,103.79304972665143,92.27868135183382,5.843787321207545e-5,6.572964623426712e-5
44062,200052,Auburn JVSD CTPD,1,139.75974394868982,194.23613129346467,1266.4960283627972,0.7195352533949085,0.11035150590196292
44062,200099,Trumbull County JVSD CTPD,2,43.6987409033944,194.23613129346467,1642.1569493190095,0.22497740565771196,0.026610575147226916
44062,200004,Ashtabula County Technical and Career Center  CTPD,3,10.777646441378721,194.23613129346467,1837.064408791999,0.055487340947370636,0.005866776575605094
44064,200052,Auburn JVSD CTPD,1,57.89109840003595,59.49368937990382,1266.4960283627972,0.9730628408395664,0.04570965648812332
44064,200004,Ashtabula County Technical and Career Center  CTPD,2,1.6025909798688875,59.49368937990382,1837.064408791999,0.02693715916045075,8.723651561692959e-4
44065,200025,Mayfield Excel T.E.C.C. CTPD,1,58.26093103319548,58.27165916693363,516.3380975099828,0.9998158944864189,0.11283484855011898
44065,200052,Auburn JVSD CTPD,2,0.010728133735893177,58.27165916693363,1266.4960283627972,1.8410551354235128e-4,8.47072039362134e-6
44067,200027,Cuyahoga Valley JVSD CTPD,1,44.606244578280986,44.60745678438971,472.94367613348436,0.9999728250342855,0.09431618780264915
44067,021357,Bedford City Comprehensive CTPD,2,0.0012122061089128256,44.60745678438971,51.36198480899668,2.7174965718669587e-5,2.3601231794696782e-5
44068,200004,Ashtabula County Technical and Career Center  CTPD,1,1.1833980096718073,1.183398009671554,1837.064408791999,1,6.441788344535922e-4
44070,200028,Polaris JVSD CTPD,1,30.28375519693011,30.29435172585592,214.60977957380243,0.9996502143692758,0.14111078841360902
44070,200058,Lorain County JVSD CTPD,2,0.010405828622758389,30.29435172585592,1194.5523890836828,3.434907179042594e-4,8.711069282394966e-6
44070,200023,Lakewood City CTPD,3,1.907003049850464e-4,30.29435172585592,79.60901024223006,6.2949128837863734e-6,2.395461322842649e-6
44072,200025,Mayfield Excel T.E.C.C. CTPD,1,48.213245850090146,48.213245850090864,516.3380975099828,0.9999999999999851,0.0933753408524305
44074,200058,Lorain County JVSD CTPD,1,132.68386970081556,132.68386970081522,1194.5523890836828,1,0.11107413196217765
44076,200004,Ashtabula County Technical and Career Center  CTPD,1,150.5218767665053,176.94089567563927,1837.064408791999,0.8506901482087882,0.08193609110607296
44076,200099,Trumbull County JVSD CTPD,2,26.419018909122066,176.94089567563927,1642.1569493190095,0.14930985179114453,0.016087998726356724
44077,200052,Auburn JVSD CTPD,1,156.62818236728617,158.0014984024136,1266.4960283627972,0.9913082087890728,0.12367048838657618
44077,022548,Mentor Exempted Village Comprehensive CTPD,2,1.3733160351203866,158.0014984024136,92.04760304247833,0.008691791210882644,0.014919628428418997
44080,200052,Auburn JVSD CTPD,1,0.5978594359598458,0.597859435959803,1266.4960283627972,1,4.7205788456573393e-4
44081,200052,Auburn JVSD CTPD,1,53.19489505751544,53.194895057516995,1266.4960283627972,0.9999999999999708,0.042001628008483075
44082,200004,Ashtabula County Technical and Career Center  CTPD,1,96.11740907662941,96.11740913562903,1837.064408791999,0.9999999993861713,0.05232119713202297
44084,200004,Ashtabula County Technical and Career Center  CTPD,1,111.53795431603372,111.5669077846708,1837.064408791999,0.9997404833636425,0.06071532047663908
44084,200052,Auburn JVSD CTPD,2,0.028953468631029128,111.5669077846708,1266.4960283627972,2.595166363032185e-4,2.2861081268811678e-5
44085,200004,Ashtabula County Technical and Career Center  CTPD,1,130.3643122754308,130.36431227543127,1837.064408791999,0.9999999999999963,0.07096338683146915
44086,200052,Auburn JVSD CTPD,1,68.41174891764095,69.58555691712023,1266.4960283627972,0.9831314420479907,0.05401655227144849
44086,200004,Ashtabula County Technical and Career Center  CTPD,2,1.1738079994782806,69.58555691712023,1837.064408791999,0.016868557951994878,6.389585437835265e-4
44087,200027,Cuyahoga Valley JVSD CTPD,1,46.65181387539518,46.70227198128986,472.94367613348436,0.9989195792034508,0.09864137365530203
44087,200025,Mayfield Excel T.E.C.C. CTPD,2,0.050458105894327164,46.70227198128986,516.3380975099828,0.0010804207965415898,9.772299610983405e-5
44089,200032,EHOVE JVSD CTPD,1,66.32726787143963,90.24642342729017,1917.2910542461188,0.7349573019353864,0.03459426137964201
44089,200058,Lorain County JVSD CTPD,2,23.91915555585289,90.24642342729017,1194.5523890836828,0.26504269806463965,0.020023529963554627
44090,200058,Lorain County JVSD CTPD,1,213.04363534452784,263.14984047406256,1194.5523890836828,0.8095905927996432,0.17834599578169139
44090,200066,Medina County JVSD CTPD,2,45.74187563890575,263.14984047406256,1177.7737438212796,0.17382444753339804,0.03883757460112544
44090,200032,EHOVE JVSD CTPD,3,4.364329490623832,263.14984047406256,1917.2910542461188,0.016584959666939274,0.002276299928984904
44092,022550,Western Lake County Compact CTPD,1,19.166051350769386,19.170990422489734,92.27868135183382,0.999742367420175,0.20769749924898018
44092,200025,Mayfield Excel T.E.C.C. CTPD,2,0.004427715579262469,19.170990422489734,516.3380975099828,2.309591461726599e-4,8.575225420349433e-6
44092,022546,Euclid City Comprehensive CTPD,3,5.113561433553696e-4,19.170990422489734,27.662310657162294,2.66734337708234e-5,1.8485662665456684e-5
44093,200004,Ashtabula County Technical and Career Center  CTPD,1,92.11237670511315,92.11237670511261,1837.064408791999,1,0.05014107086516559
44094,200052,Auburn JVSD CTPD,1,53.970590861029166,103.68030057435055,1266.4960283627972,0.5205481712731544,0.042614101941398974
44094,022550,Western Lake County Compact CTPD,2,49.434487659447434,103.68030057435055,92.27868135183382,0.47679730272384085,0.5357086483601452
44094,022548,Mentor Exempted Village Comprehensive CTPD,3,0.2723966467940882,103.68030057435055,92.04760304247833,0.0026272748563141834,0.002959301902390462
44094,200025,Mayfield Excel T.E.C.C. CTPD,4,0.0028254070838205515,103.68030057435055,516.3380975099828,2.7251146728634468e-5,5.472009711167837e-6
44095,022550,Western Lake County Compact CTPD,1,23.671780120573224,23.671780120572627,92.27868135183382,1,0.2565249066609338
44099,200004,Ashtabula County Technical and Career Center  CTPD,1,50.18720502556993,58.52848298475206,1837.064408791999,0.8574834416713788,0.027319240841735974
44099,200052,Auburn JVSD CTPD,2,8.341277959179253,58.52848298475206,1266.4960283627972,0.14251655832857205,0.0065861066851998305
44101,200019,Cleveland Municipal CTPD,1,0.22294861683745681,0.22294861683747172,205.01947397511046,0.9999999999999332,0.0010874509260740907
44102,200019,Cleveland Municipal CTPD,1,15.737570356037624,15.782192307493784,205.01947397511046,0.9971726392261123,0.07676134393920149
44102,200028,Polaris JVSD CTPD,2,0.04462195145624876,15.782192307493784,214.60977957380243,0.002827360773893316,2.0792133305790785e-4
44103,200019,Cleveland Municipal CTPD,1,10.530481300283082,10.530481300282837,205.01947397511046,1,0.05136332220597489
44104,200019,Cleveland Municipal CTPD,1,12.17249332114762,12.172493321147174,205.01947397511046,1,0.059372376121818414
44105,200019,Cleveland Municipal CTPD,1,20.332045440309233,23.36790939079915,205.01947397511046,0.8700840584530316,0.0991712886883007
44105,200027,Cuyahoga Valley JVSD CTPD,2,3.0358639504895097,23.36790939079915,472.94367613348436,0.12991594154695102,0.006419081391063283
44106,200019,Cleveland Municipal CTPD,1,8.042527928122217,11.149171469404687,205.01947397511046,0.721356555524538,0.03922811707681285
44106,200020,Tri-Heights Career Prep Consortium CTPD,2,3.0903213478602547,11.149171469404687,75.43429919312267,0.2771794618407876,0.040967058498794916
44106,200021,East Cleveland City CTPD,3,0.016322193421740086,11.149171469404687,9.28312298151226,0.0014639826346317386,0.0017582653439199758
44107,200023,Lakewood City CTPD,1,13.688346969076076,13.833654491265088,79.60901024223006,0.9894960856308241,0.1719446947955502
44107,200019,Cleveland Municipal CTPD,2,0.145301104158252,13.833654491265088,205.01947397511046,0.010503450425915923,7.087185492237274e-4
44108,200019,Cleveland Municipal CTPD,1,11.437761959285147,11.512043514997378,205.01947397511046,0.9935474917537047,0.05578866113310632
44108,200021,East Cleveland City CTPD,2,0.07428155571187288,11.512043514997378,9.28312298151226,0.006452508246264199,0.00800178515999495
44109,200019,Cleveland Municipal CTPD,1,18.482180727841662,18.55756051385434,205.01947397511046,0.9959380552224845,0.09014841551142315
44109,200027,Cuyahoga Valley JVSD CTPD,2,0.07537978601181042,18.55756051385434,472.94367613348436,0.004061944777468722,1.5938427727392872e-4
44110,200019,Cleveland Municipal CTPD,1,10.605539752533407,10.655102758791386,205.01947397511046,0.9953484253150833,0.05172942621938893
44110,200021,East Cleveland City CTPD,2,0.04719339955750108,10.655102758791386,9.28312298151226,0.004429182958236833,0.0050837848051231
44110,022546,Euclid City Comprehensive CTPD,3,0.00236960669985041,10.655102758791386,27.662310657162294,2.2239172662086984e-4,8.566192207218504e-5
44111,200019,Cleveland Municipal CTPD,1,16.80872925616207,16.9980504435606,205.01947397511046,0.9888621822821893,0.08198601298822308
44111,200023,Lakewood City CTPD,2,0.17862027744368406,16.9980504435606,79.60901024223006,0.010508280231122097,0.002243719359155299
44111,200028,Polaris JVSD CTPD,3,0.010700909955205395,16.9980504435606,214.60977957380243,6.295374867097914e-4,4.986217299349793e-5
44112,200021,East Cleveland City CTPD,1,8.327000929005333,10.402958698040571,9.28312298151226,0.8004454473681366,0.8970042673773594
44112,200019,Cleveland Municipal CTPD,2,2.047166275201835,10.402958698040571,205.01947397511046,0.19678692712559023,0.00998522840542632
44112,200020,Tri-Heights Career Prep Consortium CTPD,3,0.028791493834289614,10.402958698040571,75.43429919312267,0.0027676255063583573,3.816764275966725e-4
44113,200019,Cleveland Municipal CTPD,1,10.467962830210716,10.467962830209453,205.01947397511046,1,0.0510583830269779
44114,200019,Cleveland Municipal CTPD,1,7.428159090170004,7.428159192551851,205.01947397511046,0.9999999862170634,0.03623148058155582
44115,200019,Cleveland Municipal CTPD,1,5.546976169956885,5.546976169956506,205.01947397511046,1,0.027055850170751548
44116,200023,Lakewood City CTPD,1,12.614931656219959,12.629399076741874,79.60901024223006,0.9988544648534736,0.1584611040614111
44116,200019,Cleveland Municipal CTPD,2,0.012454993409716291,12.629399076741874,205.01947397511046,9.861905015459708e-4,6.075029443899724e-5
44116,200028,Polaris JVSD CTPD,3,0.0020119624945945107,12.629399076741874,214.60977957380243,1.5930785640464183e-4,9.374980481272124e-6
44117,022546,Euclid City Comprehensive CTPD,1,9.642260152079642,9.855130122378378,27.662310657162294,0.9784000852697656,0.34857030822850216
44117,200019,Cleveland Municipal CTPD,2,0.20964939215959608,9.855130122378378,205.01947397511046,0.021273122683944892,0.001022582821498448
44117,200025,Mayfield Excel T.E.C.C. CTPD,3,0.0032205781386905365,9.855130122378378,516.3380975099828,3.267920462437589e-4,6.2373436208206e-6
44118,200020,Tri-Heights Career Prep Consortium CTPD,1,17.491914888410115,18.33528398590097,75.43429919312267,0.9540029432792332,0.23188277846432023
44118,200021,East Cleveland City CTPD,2,0.7951290252700448,18.33528398590097,9.28312298151226,0.043366059990206,0.08565318232383418
44118,200025,Mayfield Excel T.E.C.C. CTPD,3,0.04824007222032455,18.33528398590097,516.3380975099828,0.0026309967305343652,9.342729589964429e-5
44119,200019,Cleveland Municipal CTPD,1,3.4145884881954194,5.654069623995691,205.01947397511046,0.6039169510230321,0.016654947074003095
44119,022546,Euclid City Comprehensive CTPD,2,2.2394811357992888,5.654069623995691,27.662310657162294,0.39608304897679403,0.08095784779350834
44120,200020,Tri-Heights Career Prep Consortium CTPD,1,7.787263646709219,13.622473832750662,75.43429919312267,0.571648273457304,0.10323239865691206
44120,200019,Cleveland Municipal CTPD,2,5.835210186041858,13.622473832750662,205.01947397511046,0.42835172654272646,0.028461736209264968
44121,200025,Mayfield Excel T.E.C.C. CTPD,1,9.856746434344922,16.44280204683995,516.3380975099828,0.5994566136760878,0.019089713662188857
44121,200020,Tri-Heights Career Prep Consortium CTPD,2,5.377831966335586,16.44280204683995,75.43429919312267,0.3270629878664216,0.07129160108676243
44121,200019,Cleveland Municipal CTPD,3,1.1850277676109076,16.44280204683995,205.01947397511046,0.07206969738096745,0.0057800741784888735
44121,200021,East Cleveland City CTPD,4,0.023195878546314563,16.44280204683995,9.28312298151226,0.0014107010763881602,0.002498714989827255
44122,200025,Mayfield Excel T.E.C.C. CTPD,1,16.448403596773325,32.319211955812406,516.3380975099828,0.5089357877680302,0.03185587830163029
44122,200020,Tri-Heights Career Prep Consortium CTPD,2,15.073063101399091,32.319211955812406,75.43429919312267,0.46638089821024536,0.19981710259957317
44122,200019,Cleveland Municipal CTPD,3,0.7977452576412987,32.319211955812406,205.01947397511046,0.024683314021764977,0.003891070648918676
44123,022546,Euclid City Comprehensive CTPD,1,6.490113426650256,6.490113426650345,27.662310657162294,0.9999999999999862,0.23461935291981267
44124,200025,Mayfield Excel T.E.C.C. CTPD,1,39.40336938259855,39.4033693825984,516.3380975099828,1,0.07631311648824582
44125,200027,Cuyahoga Valley JVSD CTPD,1,36.929467910358476,37.047083850905395,472.94367613348436,0.9968252308057428,0.0780842831270577
44125,200019,Cleveland Municipal CTPD,2,0.06004667484337988,37.047083850905395,205.01947397511046,0.0016208205505468523,2.928827865916269e-4
44125,200020,Tri-Heights Career Prep Consortium CTPD,3,0.029587792266443372,37.047083850905395,75.43429919312267,7.986537452048408e-4,3.9223261278923484e-4
44125,021357,Bedford City Comprehensive CTPD,4,0.027981473438739777,37.047083850905395,51.36198480899668,7.552948985499148e-4,5.447895665013023e-4
44126,200028,Polaris JVSD CTPD,1,11.282904255401016,11.644194078613014,214.60977957380243,0.9689725350872002,0.05257404521736123
44126,200023,Lakewood City CTPD,2,0.3532409881656617,11.644194078613014,79.60901024223006,0.030336233300547806,0.004437198592104573
44126,200019,Cleveland Municipal CTPD,3,0.008048835046634078,11.644194078613014,205.01947397511046,6.912316122776963e-4,3.9258880586198424e-5
44127,200019,Cleveland Municipal CTPD,1,4.657670442370005,4.6576704423701765,205.01947397511046,0.9999999999999633,0.022718185507272594
44128,200020,Tri-Heights Career Prep Consortium CTPD,1,12.776184453452773,22.776131752175345,75.43429919312267,0.560946195450091,0.16936837208156333
44128,200019,Cleveland Municipal CTPD,2,8.499865200195453,22.776131752175345,205.01947397511046,0.37319178219908355,0.041458818693620024
44128,200027,Cuyahoga Valley JVSD CTPD,3,0.8929599982031807,22.776131752175345,472.94367613348436,0.03920595507259016,0.0018880895194614048
44128,021357,Bedford City Comprehensive CTPD,4,0.4321250966624282,22.776131752175345,51.36198480899668,0.018972716761754594,0.008413325502692338
44128,200025,Mayfield Excel T.E.C.C. CTPD,5,0.17499700366282464,22.776131752175345,516.3380975099828,0.007683350516538468,3.389194105698181e-4
44129,200026,Parma City CTPD,1,14.314113054486096,15.21380607563134,75.45863933420729,0.9408633831223652,0.1896948206432494
44129,200028,Polaris JVSD CTPD,2,0.5678373794655501,15.21380607563134,214.60977957380243,0.03732382131352927,0.002645906354282778
44129,200019,Cleveland Municipal CTPD,3,0.3308017200867981,15.21380607563134,205.01947397511046,0.02174352153841757,0.001613513651522478
44129,200027,Cuyahoga Valley JVSD CTPD,4,0.0010539215926826,15.21380607563134,472.94367613348436,6.927402567400378e-5,2.2284294005130953e-6
44130,200026,Parma City CTPD,1,23.909766749499113,44.438618363058566,75.45863933420729,0.5380402818593274,0.31685923521099346
44130,200028,Polaris JVSD CTPD,2,20.208478040112965,44.438618363058566,214.60977957380243,0.45475036768722077,0.09416382645863278
44130,200019,Cleveland Municipal CTPD,3,0.3195402810847312,44.438618363058566,205.01947397511046,0.007190598917232814,0.0015585850206772244
44130,200027,Cuyahoga Valley JVSD CTPD,4,8.332923627179116e-4,44.438618363058566,472.94367613348436,1.8751536240618594e-5,1.761927275421951e-6
44131,200027,Cuyahoga Valley JVSD CTPD,1,28.271711042988343,40.991806381505846,472.94367613348436,0.6896917588814434,0.059778177549854566
44131,200026,Parma City CTPD,2,12.69180847109592,40.991806381505846,75.45863933420729,0.30961817961801374,0.1681955649224436
44131,200019,Cleveland Municipal CTPD,3,0.028286867425084114,40.991806381505846,205.01947397511046,6.900615006282381e-4,1.3797161253334482e-4
44132,022546,Euclid City Comprehensive CTPD,1,8.220171871942966,8.220191643111258,27.662310657162294,0.9999975948044583,0.2971614328904447
44132,200025,Mayfield Excel T.E.C.C. CTPD,2,1.9771167572587728e-5,8.220191643111258,516.3380975099828,2.405195454190718e-6,3.8291126817744595e-8
44133,200027,Cuyahoga Valley JVSD CTPD,1,55.54241952848744,55.572855749761224,472.94367613348436,0.9994523185669847,0.11743981859017619
44133,200066,Medina County JVSD CTPD,2,0.02645182957354933,55.572855749761224,1177.7737438212796,4.759847090215979e-4,2.2459177505287673e-5
44133,200028,Polaris JVSD CTPD,3,0.002240540833413601,55.572855749761224,214.60977957380243,4.031718009062774e-5,1.0440068657929441e-5
44133,200026,Parma City CTPD,4,0.0017438508651107549,55.572855749761224,75.45863933420729,3.13795438723382e-5,2.3110022662709526e-5
44134,200026,Parma City CTPD,1,24.500461190310226,25.131603491676213,75.45863933420729,0.974886508870195,0.3246872910310159
44134,200019,Cleveland Municipal CTPD,2,0.6310537940560537,25.131603491676213,205.01947397511046,0.025109969376409417,0.003078018794120329
44134,200027,Cuyahoga Valley JVSD CTPD,3,8.85073077827692e-5,25.131603491676213,472.94367613348436,3.521753310013964e-6,1.871413283424235e-7
44135,200019,Cleveland Municipal CTPD,1,24.53214300481716,26.294304722761513,205.01947397511046,0.9329831407780504,0.11965762339140225
44135,200028,Polaris JVSD CTPD,2,1.7621539887109718,26.294304722761513,214.60977957380243,0.0670165652710936,0.008210967795645037
44135,200026,Parma City CTPD,3,7.72923466656357e-6,26.294304722761513,75.45863933420729,2.9395090488446355e-7,1.02430082688487e-7
44136,200028,Polaris JVSD CTPD,1,35.01640707466371,35.017321746694215,214.60977957380243,0.9999738794406631,0.16316314729088044
44136,200066,Medina County JVSD CTPD,2,8.186465455722064e-4,35.017321746694215,1177.7737438212796,2.3378331201171607e-5,6.950796363621699e-7
44136,200027,Cuyahoga Valley JVSD CTPD,3,9.602548329532146e-5,35.017321746694215,472.94367613348436,2.7422280889996014e-6,2.030378840888002e-7
44137,200020,Tri-Heights Career Prep Consortium CTPD,1,13.26911492527315,13.433621491689788,75.43429919312267,0.9877541163030086,0.17590293894428985
44137,200027,Cuyahoga Valley JVSD CTPD,2,0.15912579442773572,13.433621491689788,472.94367613348436,0.011845338543011131,3.3645823479162834e-4
44137,021357,Bedford City Comprehensive CTPD,3,0.005380771986855194,13.433621491689788,51.36198480899668,4.0054515382793903e-4,1.0476176119098665e-4
44138,200028,Polaris JVSD CTPD,1,35.7191263942622,35.72061574889577,214.60977957380243,0.9999583054602407,0.16643755221778558
44138,200058,Lorain County JVSD CTPD,2,0.001489354636259377,35.72061574889577,1194.5523890836828,4.1694539834616866e-5,1.2467888808140355e-6
44139,200025,Mayfield Excel T.E.C.C. CTPD,1,59.83926372123444,59.85074516182822,516.3380975099828,0.9998081654528654,0.11589162994132446
44139,200027,Cuyahoga Valley JVSD CTPD,2,0.008085625908464194,59.85074516182822,472.94367613348436,1.3509649523329688e-4,1.7096382331544473e-5
44139,200052,Auburn JVSD CTPD,3,0.0032657231462299824,59.85074516182822,1266.4960283627972,5.4564452579494444e-5,2.5785498517919488e-6
44139,021357,Bedford City Comprehensive CTPD,4,1.300915364921093e-4,59.85074516182822,51.36198480899668,2.1735992783441473e-6,2.5328370189720973e-6
44140,200023,Lakewood City CTPD,1,11.513895392055987,11.514011277867853,79.60901024223006,0.9999899352355084,0.14463055572506328
44140,200058,Lorain County JVSD CTPD,2,1.1588581144809723e-4,11.514011277867853,1194.5523890836828,1.0064764455359885e-5,9.701191216652365e-8
44141,200027,Cuyahoga Valley JVSD CTPD,1,57.65739735221334,62.865173150927305,472.94367613348436,0.9171596046317873,0.12191176298959545
44141,200097,Six District Voc Ed Compact CTPD,2,5.207775798714637,62.865173150927305,358.50739840423967,0.08284039536822335,0.014526271485316858
44142,200028,Polaris JVSD CTPD,1,19.111578009608955,19.23513314261614,214.60977957380243,0.9935765907056061,0.08905268924632882
44142,200019,Cleveland Municipal CTPD,2,0.08281684429477959,19.23513314261614,205.01947397511046,0.004305498884813843,4.039462334433344e-4
44142,200026,Parma City CTPD,3,0.040738288713432845,19.23513314261614,75.45863933420729,0.0021179104096334888,5.398757395160869e-4
44143,200025,Mayfield Excel T.E.C.C. CTPD,1,35.42615282852329,36.49383467287085,516.3380975099828,0.9707435008154608,0.06861037951560095
44143,022546,Euclid City Comprehensive CTPD,2,1.0673990033218563,36.49383467287085,27.662310657162294,0.02924874880620178,0.03858676220330447
44143,022550,Western Lake County Compact CTPD,3,2.8284102563560007e-4,36.49383467287085,92.27868135183382,7.750378335709985e-6,3.0650744190546376e-6
44144,200028,Polaris JVSD CTPD,1,10.048473774112344,14.455113838270098,214.60977957380243,0.695150096120923,0.046822068379492286
44144,200019,Cleveland Municipal CTPD,2,4.4066400641560985,14.455113838270098,205.01947397511046,0.3048499038789624,0.021493763390940456
44145,200023,Lakewood City CTPD,1,41.25895845733893,41.26393496302497,79.60901024223006,0.9998793981792937,0.5182699587873077
44145,200058,Lorain County JVSD CTPD,2,0.0026038448410630227,41.26393496302497,1194.5523890836828,6.310219428651746e-5,2.179766132367271e-6
44145,200028,Polaris JVSD CTPD,3,0.00237266084650252,41.26393496302497,214.60977957380243,5.749962645657934e-5,1.1055697700330486e-5
44146,021357,Bedford City Comprehensive CTPD,1,50.895155169261514,52.1476038995328,51.36198480899668,0.9759826217004286,0.9909109891007678
44146,200025,Mayfield Excel T.E.C.C. CTPD,2,0.9986381997961551,52.1476038995328,516.3380975099828,0.01915022216016146,0.001934078086842793
44146,200020,Tri-Heights Career Prep Consortium CTPD,3,0.25221252316541226,52.1476038995328,75.43429919312267,0.004836512213510771,0.0033434727420176844
44146,200027,Cuyahoga Valley JVSD CTPD,4,0.001598007313911803,52.1476038995328,472.94367613348436,3.064392597961955e-5,3.378853327686274e-6
44147,200027,Cuyahoga Valley JVSD CTPD,1,33.688838356044364,33.688838356043455,472.94367613348436,1,0.07123224192670244
44149,200028,Polaris JVSD CTPD,1,28.772017366238355,29.313783649351834,214.60977957380243,0.9815183775116162,0.1340666647315758
44149,200066,Medina County JVSD CTPD,2,0.5409875242861509,29.313783649351834,1177.7737438212796,0.01845505618644739,4.593306032879628e-4
44149,200058,Lorain County JVSD CTPD,3,7.787588301897049e-4,29.313783649351834,1194.5523890836828,2.6566302034057767e-5,6.519252209499788e-7
44201,200078,Maplewood Area JVSD CTPD,1,135.13393009460654,138.59975340068544,1098.9227931243822,0.9749940153496567,0.12296944875481469
44201,200089,Alliance City CTPD,2,2.520494529092878,138.59975340068544,314.9296651967627,0.01818541856857599,0.00800335696390531
44201,200063,Mahoning County JVSD CTPD,3,0.9453287769829412,138.59975340068544,1081.5520507372623,0.0068205660817450345,8.740483422305364e-4
44202,200025,Mayfield Excel T.E.C.C. CTPD,1,62.81489675804335,81.96536946487913,516.3380975099828,0.7663589777992589,0.12165458458511072
44202,200078,Maplewood Area JVSD CTPD,2,10.22167732312934,81.96536946487913,1098.9227931243822,0.12470726832396171,0.009301542735379767
44202,200027,Cuyahoga Valley JVSD CTPD,3,4.639146886514008,81.96536946487913,472.94367613348436,0.05659886506705505,0.009809089582169713
44202,200052,Auburn JVSD CTPD,4,4.289648497190982,81.96536946487913,1266.4960283627972,0.05233488880970675,0.0033870208837024325
44203,200096,Four City Compact CTPD,1,77.84200265548289,94.31546840368559,227.60256156086538,0.8253365431246805,0.342008464762671
44203,200098,Portage Lakes JVSD CTPD,2,12.283460184553935,94.31546840368559,207.27014548242067,0.13023802343830518,0.05926304608878532
44203,200094,Stark County Area JVSD CTPD,3,1.8401399823520854,94.31546840368559,757.9144793185775,0.01951047917692553,0.0024278992321224825
44203,200066,Medina County JVSD CTPD,4,1.5388166084460317,94.31546840368559,1177.7737438212796,0.016315633421440965,0.0013065468783956338
44203,200105,Wayne County JVSD CTPD,5,0.8078460013209582,94.31546840368559,1507.3824723502335,0.008565360645437772,5.359263598583617e-4
44203,200095,Akron City CTPD,6,0.0032029715295657517,94.31546840368559,142.84147835196387,3.396019320878004e-5,2.242325945180695e-5
44212,200066,Medina County JVSD CTPD,1,54.58931828522505,54.58944481891155,1177.7737438212796,0.9999976820851187,0.04634957993554037
44212,200028,Polaris JVSD CTPD,2,1.2653368598550878e-4,54.58944481891155,214.60977957380243,2.3179148717349367e-6,5.895988814526272e-7
44214,200105,Wayne County JVSD CTPD,1,61.75157342102623,68.76385119477217,1507.3824723502335,0.8980237777275765,0.040966094905393415
44214,200066,Medina County JVSD CTPD,2,7.012277773748756,68.76385119477217,1177.7737438212796,0.10197622227246443,0.005953841143543805
44215,200066,Medina County JVSD CTPD,1,5.772460717910796,5.772460717910781,1177.7737438212796,1,0.004901162679329294
44216,200098,Portage Lakes JVSD CTPD,1,29.46490532402015,64.51596250972204,207.27014548242067,0.4567072113289796,0.142157015692929
44216,200094,Stark County Area JVSD CTPD,2,20.84872292218686,64.51596250972204,757.9144793185775,0.32315603939172605,0.027508015074380738
44216,200096,Four City Compact CTPD,3,11.216469274030565,64.51596250972204,227.60256156086538,0.17385572248635883,0.04928094480619921
44216,200093,Stark County Career Compact,4,2.639869723396217,64.51596250972204,278.37980910358084,0.04091808632628568,0.009482978423963076
44216,200105,Wayne County JVSD CTPD,5,0.34599526608857184,64.51596250972204,1507.3824723502335,0.005362940466654792,2.29533825976571e-4
44217,200105,Wayne County JVSD CTPD,1,67.58380481045067,76.37681237156391,1507.3824723502335,0.8848733367093624,0.04483520675749763
44217,200066,Medina County JVSD CTPD,2,8.79300756111733,76.37681237156391,1177.7737438212796,0.1151266632906911,0.007465786707545773
44221,200097,Six District Voc Ed Compact CTPD,1,16.633216546590358,16.71138159785699,358.50739840423967,0.9953226457783324,0.046395741400670786
44221,200095,Akron City CTPD,2,0.07816505126632378,16.71138159785699,142.84147835196387,0.0046773542216489985,5.472153618693566e-4
44223,200097,Six District Voc Ed Compact CTPD,1,38.40714430553286,38.41265664964074,358.50739840423967,0.999856496670924,0.10713068817125605
44223,200095,Akron City CTPD,2,0.0047329093641154465,38.41265664964074,142.84147835196387,1.2321223723951185e-4,3.3133998742672463e-5
44223,200027,Cuyahoga Valley JVSD CTPD,3,7.794347434714437e-4,38.41265664964074,472.94367613348436,2.029109182894106e-5,1.6480498266593902e-6
44224,200097,Six District Voc Ed Compact CTPD,1,53.9267278053698,53.92672886808329,358.50739840423967,0.9999999802933812,0.15042012534582067
44224,200078,Maplewood Area JVSD CTPD,2,1.0627127820625902e-6,53.92672886808329,1098.9227931243822,1.9706605691997763e-8,9.6704954043328e-10
44230,200105,Wayne County JVSD CTPD,1,43.86988109284134,47.044010508291095,1507.3824723502335,0.932528511469269,0.02910335093948762
44230,200096,Four City Compact CTPD,2,3.1741294154489745,47.044010508291095,227.60256156086538,0.0674714885307145,0.01394593010588833
44231,200078,Maplewood Area JVSD CTPD,1,108.17344038128215,127.36982379214498,1098.9227931243822,0.8492862529024972,0.09843588745095623
44231,200052,Auburn JVSD CTPD,2,19.196373126527728,127.36982379214498,1266.4960283627972,0.1507136663536123,0.015157073292478406
44231,200099,Trumbull County JVSD CTPD,3,1.0284336224198341e-5,127.36982379214498,1642.1569493190095,8.074389928482092e-8,6.2626999377027755e-9
44232,200098,Portage Lakes JVSD CTPD,1,0.05281186403279379,0.05281186403283477,207.27014548242067,0.9999999999992241,2.5479725461606794e-4
44233,200066,Medina County JVSD CTPD,1,69.53493965065768,69.53957880280537,1177.7737438212796,0.999933287600708,0.059039301916386754
44233,200027,Cuyahoga Valley JVSD CTPD,2,0.0046391521484106775,69.53957880280537,472.94367613348436,6.671239930235996e-5,9.809100708011827e-6
44234,200078,Maplewood Area JVSD CTPD,1,42.84927307384189,65.68720093059811,1098.9227931243822,0.652323016764169,0.038992068725788975
44234,200052,Auburn JVSD CTPD,2,22.837927856756956,65.68720093059811,1266.4960283627972,0.3476769832358422,0.018032372265927753
44235,200066,Medina County JVSD CTPD,1,66.01979183851684,66.01979183851665,1177.7737438212796,1,0.05605473223092581
44236,200097,Six District Voc Ed Compact CTPD,1,73.87183815227098,83.63875324246014,358.50739840423967,0.8832250038223803,0.20605387359112692
44236,200027,Cuyahoga Valley JVSD CTPD,2,9.031474527314103,83.63875324246014,472.94367613348436,0.10798193632959577,0.019096300432961167
44236,200078,Maplewood Area JVSD CTPD,3,0.7054162972017228,83.63875324246014,1098.9227931243822,0.00843408431922453,6.419161579096302e-4
44236,200025,Mayfield Excel T.E.C.C. CTPD,4,0.030024265672992916,83.63875324246014,516.3380975099828,3.5897552879531405e-4,5.814846089758548e-5
44240,200078,Maplewood Area JVSD CTPD,1,56.12844032787503,106.08814899656109,1098.9227931243822,0.5290736133938435,0.05107587237161083
44240,200097,Six District Voc Ed Compact CTPD,2,49.959708668692144,106.08814899656109,358.50739840423967,0.47092638660621383,0.13935474941680123
44241,200078,Maplewood Area JVSD CTPD,1,59.14968827461884,59.332084799450634,1098.9227931243822,0.9969258365781631,0.05382515372754121
44241,200097,Six District Voc Ed Compact CTPD,2,0.13140848055296625,59.332084799450634,358.50739840423967,0.0022147962775476747,3.665432879150653e-4
44241,200025,Mayfield Excel T.E.C.C. CTPD,3,0.05098804427917488,59.332084799450634,516.3380975099828,8.593671442950373e-4,9.874933599721272e-5
44243,200097,Six District Voc Ed Compact CTPD,1,1.1080878648259398,1.108087864825964,358.50739840423967,0.9999999999999781,0.0030908368132936018
44250,200098,Portage Lakes JVSD CTPD,1,2.250882353688002,2.250882353688091,207.27014548242067,0.9999999999999604,0.010859655395373412
44251,200066,Medina County JVSD CTPD,1,3.8242034596667365,3.8242034596668266,1177.7737438212796,0.9999999999999765,0.003246976322684128
44253,200066,Medina County JVSD CTPD,1,59.365823838051206,71.32363196318663,1177.7737438212796,0.8323443745642763,0.05040511740857727
44253,200058,Lorain County JVSD CTPD,2,11.957808125135527,71.32363196318663,1194.5523890836828,0.1676556254357251,0.010010283545879576
44254,200066,Medina County JVSD CTPD,1,67.3824501853159,67.3824501853143,1177.7737438212796,1,0.05721171026167892
44255,200078,Maplewood Area JVSD CTPD,1,112.2338641696858,112.25768001786261,1098.9227931243822,0.9997878466028068,0.10213080015438586
44255,200052,Auburn JVSD CTPD,2,0.02381584817715315,112.25768001786261,1266.4960283627972,2.1215339719619661e-4,1.8804518643410166e-5
44256,200066,Medina County JVSD CTPD,1,338.7504920706306,341.32640779414237,1177.7737438212796,0.9924532187821069,0.28761932743682733
44256,200058,Lorain County JVSD CTPD,2,1.7021187846660222,341.32640779414237,1194.5523890836828,0.00498677730699521,0.0014249009086756616
44256,200096,Four City Compact CTPD,3,0.8685148529941416,341.32640779414237,227.60256156086538,0.0025445287360184336,0.003815927408892029
44256,200027,Cuyahoga Valley JVSD CTPD,4,0.005282085852161865,341.32640779414237,472.94367613348436,1.5475174881128882e-5,1.1168530458732767e-5
44260,200078,Maplewood Area JVSD CTPD,1,87.84393864663429,92.1498206317332,1098.9227931243822,0.953273029121707,0.07993640608443692
44260,200098,Portage Lakes JVSD CTPD,2,3.2308053387340756,92.1498206317332,207.27014548242067,0.03506035406889873,0.015587412896412965
44260,200093,Stark County Career Compact,3,1.0750766463632584,92.1498206317332,278.37980910358084,0.011666616809377046,0.0038619059687739024
44262,200097,Six District Voc Ed Compact CTPD,1,7.169084628671177,7.169084628671408,358.50739840423967,0.9999999999999678,0.019997033981953093
44264,200097,Six District Voc Ed Compact CTPD,1,54.10231290504089,58.14377846846633,358.50739840423967,0.930491865684008,0.15090989236444466
44264,200027,Cuyahoga Valley JVSD CTPD,2,4.041465563425295,58.14377846846633,472.94367613348436,0.0695081343159895,0.008545342220168783
44266,200078,Maplewood Area JVSD CTPD,1,234.76553794302168,254.79490745891565,1098.9227931243822,0.9213902282598658,0.213632422051737
44266,200097,Six District Voc Ed Compact CTPD,2,7.219187508052406,254.79490745891565,358.50739840423967,0.028333327302534343,0.020136788083553906
44270,200105,Wayne County JVSD CTPD,1,44.37820219543064,50.96064583116051,1507.3824723502335,0.8708328058176814,0.029440571991153925
44270,200096,Four City Compact CTPD,2,4.656551785015367,50.96064583116051,227.60256156086538,0.09137544685840816,0.020459136105856673
44270,200066,Medina County JVSD CTPD,3,1.9258918507095864,50.96064583116051,1177.7737438212796,0.037791747323813865,0.001635196794641594
44272,200078,Maplewood Area JVSD CTPD,1,63.39329007507633,63.3932900750759,1098.9227931243822,1,0.05768675513121432
44273,200066,Medina County JVSD CTPD,1,95.1870163910656,100.27120460354429,1177.7737438212796,0.9492956304596047,0.08081944167156581
44273,200096,Four City Compact CTPD,2,3.5947018516275455,100.27120460354429,227.60256156086538,0.03584979222938829,0.01579376711305708
44273,200105,Wayne County JVSD CTPD,3,1.489486360850215,100.27120460354429,1507.3824723502335,0.014854577310997678,9.88127690331893e-4
44274,200066,Medina County JVSD CTPD,1,2.943210123363525,2.9432101233638304,1177.7737438212796,0.9999999999998962,0.0024989605506184048
44275,200066,Medina County JVSD CTPD,1,95.75079612167916,96.59981917530632,1177.7737438212796,0.9912109250216464,0.08129812421443214
44275,200058,Lorain County JVSD CTPD,2,0.8490230536276996,96.59981917530632,1194.5523890836828,0.008789074978359112,7.107457666875273e-4
44276,200105,Wayne County JVSD CTPD,1,53.27541326921688,53.27541326921764,1507.3824723502335,0.9999999999999857,0.03534299638375958
44278,200097,Six District Voc Ed Compact CTPD,1,35.714836438514475,37.78506366413157,358.50739840423967,0.9452104343658335,0.09962091883594477
44278,200078,Maplewood Area JVSD CTPD,2,1.1903766368385553,37.78506366413157,1098.9227931243822,0.031503893904208255,0.0010832213548452824
44278,200098,Portage Lakes JVSD CTPD,3,0.8539210060435534,37.78506366413157,207.27014548242067,0.022599432771477888,0.004119845644224617
44278,200095,Akron City CTPD,4,0.025929582736023964,37.78506366413157,142.84147835196387,6.86238958507784e-4,1.8152698386481988e-4
44280,200066,Medina County JVSD CTPD,1,64.59203334441185,65.6595789176794,1177.7737438212796,0.9837412059159565,0.05484248030087969
44280,200058,Lorain County JVSD CTPD,2,1.06754557326708,65.6595789176794,1194.5523890836828,0.016258794084036295,8.936783208696044e-4
44281,200096,Four City Compact CTPD,1,70.8008133316975,123.94716371114762,227.60256156086538,0.5712176964105051,0.3110721287412399
44281,200066,Medina County JVSD CTPD,2,53.145210250749216,123.94716371114762,1177.7737438212796,0.4287731050837222,0.045123446272728
44281,200105,Wayne County JVSD CTPD,3,0.0011401286887347234,123.94716371114762,1507.3824723502335,9.198505674496382e-6,7.5636323869223e-7
44285,200078,Maplewood Area JVSD CTPD,1,2.1082936984512806,2.1082936984514893,1098.9227931243822,0.999999999999901,0.0019185093908709672
44286,200027,Cuyahoga Valley JVSD CTPD,1,59.84972955122293,61.332958629969895,472.94367613348436,0.9758167694518785,0.12654726677079164
44286,200097,Six District Voc Ed Compact CTPD,2,1.4576361268900246,61.332958629969895,358.50739840423967,0.023765951609870026,0.004065846711610811
44286,200066,Medina County JVSD CTPD,3,0.025592951853548176,61.332958629969895,1177.7737438212796,4.172789381962469e-4,2.1729939207603662e-5
44287,200105,Wayne County JVSD CTPD,1,125.08108163308421,173.86954076562742,1507.3824723502335,0.7193961695780341,0.08297899433450635
44287,200066,Medina County JVSD CTPD,2,42.70121334190259,173.86954076562742,1177.7737438212796,0.24559340959819378,0.036255871355527734
44287,200003,Heartland Technical Education Center CTPD,3,6.087245790637151,173.86954076562742,1643.0960551292524,0.03501042082375218,0.0037047412849873246
44288,200078,Maplewood Area JVSD CTPD,1,43.06472384667635,44.0763925578742,1098.9227931243822,0.9770473795043575,0.03918812505857456
44288,200099,Trumbull County JVSD CTPD,2,0.9221820066373349,44.0763925578742,1642.1569493190095,0.020922356688480578,5.615675207048614e-4
44301,200095,Akron City CTPD,1,9.3475517617037,9.348860437913656,142.84147835196387,0.9998600175691309,0.06544003793261766
44301,200098,Portage Lakes JVSD CTPD,2,0.0013086762099787594,9.348860437913656,207.27014548242067,1.3998243087162942e-4,6.313867377922755e-6
44302,200095,Akron City CTPD,1,2.34723817730321,2.3472381773033066,142.84147835196387,0.9999999999999587,0.016432469086602244
44303,200095,Akron City CTPD,1,5.434609768962338,5.434609768962078,142.84147835196387,1,0.03804644023335691
44304,200095,Akron City CTPD,1,3.365968114815131,3.365968114814911,142.84147835196387,1,0.023564360672054425
44305,200095,Akron City CTPD,1,16.538379274215043,17.441210744247705,142.84147835196387,0.9482357341315639,0.11578135052245953
44305,200098,Portage Lakes JVSD CTPD,2,0.9015477326506293,17.441210744247705,207.27014548242067,0.051690662183413456,0.00434962657334118
44305,200097,Six District Voc Ed Compact CTPD,3,0.0012837373825609684,17.441210744247705,358.50739840423967,7.360368505290601e-5,3.5807835159749583e-6
44306,200095,Akron City CTPD,1,18.292806783158003,21.61031255292368,142.84147835196387,0.8464850630160438,0.12806368986243766
44306,200098,Portage Lakes JVSD CTPD,2,3.3175057697664054,21.61031255292368,207.27014548242067,0.15351493698398994,0.01600570965994606
44307,200095,Akron City CTPD,1,5.060460167992279,5.060460167991727,142.84147835196387,1,0.035427105812523285
44308,200095,Akron City CTPD,1,1.1906277977377102,1.1906277977378965,142.84147835196387,0.9999999999998436,0.008335308563553107
44310,200095,Akron City CTPD,1,15.993300740469492,16.047038944059523,142.84147835196387,0.9966512075045518,0.1119653823594693
44310,200097,Six District Voc Ed Compact CTPD,2,0.053738203589849175,16.047038944059523,358.50739840423967,0.003348792495436836,1.498942666986637e-4
44311,200095,Akron City CTPD,1,4.879229662795216,4.879229662795026,142.84147835196387,1,0.03415835315546588
44312,200098,Portage Lakes JVSD CTPD,1,41.26826112777463,49.92373149980891,207.27014548242067,0.8266261332635481,0.19910373986433438
44312,200095,Akron City CTPD,2,8.65499235133332,49.92373149980891,142.84147835196387,0.1733642917169853,0.06059159042030683
44312,200078,Maplewood Area JVSD CTPD,3,4.7802069664001467e-4,49.92373149980891,1098.9227931243822,9.575019380148786e-6,4.349902464766782e-7
44313,200095,Akron City CTPD,1,20.58095076309428,35.008629373404084,142.84147835196387,0.5878822202256666,0.14408245420411053
44313,200097,Six District Voc Ed Compact CTPD,2,12.277181015091031,35.008629373404084,358.50739840423967,0.35069013654153386,0.034245265424753486
44313,200027,Cuyahoga Valley JVSD CTPD,3,1.7004398641258989,35.008629373404084,472.94367613348436,0.048572020514968124,0.0035954384209716424
44313,200096,Four City Compact CTPD,4,0.4500577310914993,35.008629373404084,227.60256156086538,0.012855622717792156,0.001977384296578512
44314,200095,Akron City CTPD,1,11.69591312446369,11.69652725525155,142.84147835196387,0.9999474946046414,0.08188037017962498
44314,200098,Portage Lakes JVSD CTPD,2,3.737224675510079e-4,11.69652725525155,207.27014548242067,3.1951574975658915e-5,1.8030694516143168e-6
44314,200096,Four City Compact CTPD,3,2.404083195924759e-4,11.69652725525155,227.60256156086538,2.055382032171442e-5,1.0562636814972137e-6
44319,200098,Portage Lakes JVSD CTPD,1,54.0704520402652,54.41521114239259,207.27014548242067,0.9936642880751628,0.2608694653753264
44319,200095,Akron City CTPD,2,0.3426410148341954,54.41521114239259,142.84147835196387,0.006296787380601713,0.0023987501304762616
44319,200096,Four City Compact CTPD,3,0.0021180872948504985,54.41521114239259,227.60256156086538,3.8924544265902626e-5,9.30607845678433e-6
44320,200095,Akron City CTPD,1,16.932807830177367,26.044447633872643,142.84147835196387,0.6501503916771517,0.11854265319527593
44320,200096,Four City Compact CTPD,2,9.111639803694937,26.044447633872643,227.60256156086538,0.34984960832283524,0.04003311624090973
44321,200096,Four City Compact CTPD,1,31.991020254449396,38.62302737385562,227.60256156086538,0.8282887808039743,0.1405565035606788
44321,200027,Cuyahoga Valley JVSD CTPD,2,4.332414946786523,38.62302737385562,472.94367613348436,0.11217181151675297,0.009160530450910894
44321,200066,Medina County JVSD CTPD,3,2.299592172615968,38.62302737385562,1177.7737438212796,0.05953940767917609,0.001952490607538045
44325,200095,Akron City CTPD,1,0.7515460801705718,0.7515460801706323,142.84147835196387,0.9999999999999195,0.005261399481730014
44333,200027,Cuyahoga Valley JVSD CTPD,1,56.44618857569504,74.1396387739262,472.94367613348436,0.7613496573380436,0.11935076294320421
44333,200096,Four City Compact CTPD,2,13.894302109707278,74.1396387739262,227.60256156086538,0.18740719997402652,0.06104633451584274
44333,200095,Akron City CTPD,3,1.320424423840614,74.1396387739262,142.84147835196387,0.017809965703595897,0.009243984583995031
44333,200097,Six District Voc Ed Compact CTPD,4,1.2629342678766238,74.1396387739262,358.50739840423967,0.017034534950024317,0.0035227564995815954
44333,200066,Medina County JVSD CTPD,5,1.2157893968074023,74.1396387739262,1177.7737438212796,0.016398642034319937,0.0010322775517671002
44401,200063,Mahoning County JVSD CTPD,1,83.65144080763396,83.68693157068539,1081.5520507372623,0.9995759103316931,0.0773438881194957
44401,200078,Maplewood Area JVSD CTPD,2,0.03549076305237413,83.68693157068539,1098.9227931243822,4.240896683181314e-4,3.2295956799175325e-5
44402,200099,Trumbull County JVSD CTPD,1,95.63071932800224,95.63071932800457,1642.1569493190095,0.9999999999999756,0.05823482302812749
44403,200099,Trumbull County JVSD CTPD,1,37.193500793485256,37.193500793487864,1642.1569493190095,0.9999999999999298,0.022649175408543703
44404,200099,Trumbull County JVSD CTPD,1,41.51160159409583,41.51160312451029,1642.1569493190095,0.999999963132851,0.02527870530969064
44405,200063,Mahoning County JVSD CTPD,1,9.38783135402318,9.39058675666824,1081.5520507372623,0.9997065782238684,0.00867996260339368
44405,200064,Youngstown City CTPD,2,0.002755402645368129,9.39058675666824,118.24889072576319,2.9342177616446834e-4,2.3301720874137574e-5
44406,200063,Mahoning County JVSD CTPD,1,144.2965976075534,144.29659760755246,1081.5520507372623,1,0.13341623041553166
44408,200015,Columbiana County JVSD CTPD,1,75.83801284106359,93.83155921956742,1124.4783801732294,0.8082356668890194,0.06744283765542962
44408,200063,Mahoning County JVSD CTPD,2,17.99354637849682,93.83155921956742,1081.5520507372623,0.19176433311090588,0.016636782636796025
44410,200099,Trumbull County JVSD CTPD,1,193.93578023642283,193.93578023642254,1642.1569493190095,1,0.11809820024623503
44411,200078,Maplewood Area JVSD CTPD,1,57.38780748162303,57.54979873308412,1098.9227931243822,0.9971851986448744,0.05222187385745448
44411,200063,Mahoning County JVSD CTPD,2,0.16199125146192284,57.54979873308412,1081.5520507372623,0.0028148013551400593,1.497766578608012e-4
44412,200078,Maplewood Area JVSD CTPD,1,44.15533358834006,58.77928304017535,1098.9227931243822,0.7512057191674167,0.04018056033108626
44412,200063,Mahoning County JVSD CTPD,2,14.623949451834973,58.77928304017535,1081.5520507372623,0.24879428083257796,0.013521262746315588
44413,200015,Columbiana County JVSD CTPD,1,63.38654869956402,63.38654870034368,1124.4783801732294,0.9999999999876998,0.05636973535213645
44415,200015,Columbiana County JVSD CTPD,1,0.9497003844274878,0.9497003844277561,1124.4783801732294,0.9999999999997176,8.44569714431667e-4
44417,200099,Trumbull County JVSD CTPD,1,89.17089092041516,89.37516595764271,1642.1569493190095,0.9977144094219152,0.054301076981340714
44417,200004,Ashtabula County Technical and Career Center  CTPD,2,0.20427503722509463,89.37516595764271,1837.064408791999,0.002285590578057288,1.1119644811986752e-4
44418,200099,Trumbull County JVSD CTPD,1,42.97764119633913,42.977641196339604,1642.1569493190095,0.9999999999999889,0.026171457736826945
44420,200099,Trumbull County JVSD CTPD,1,38.50531676167477,38.505316761675715,1642.1569493190095,0.9999999999999755,0.023448012553028287
44423,200015,Columbiana County JVSD CTPD,1,75.54404786797859,75.54408146784137,1124.4783801732294,0.9999995552283896,0.06718141424501269
44423,200101,Buckeye JVSD CTPD,2,3.359986498951912e-5,75.54408146784137,2928.984694902591,4.447716397719703e-7,1.1471505825207649e-8
44424,200099,Trumbull County JVSD CTPD,1,5.76531607897006,5.765316078969568,1642.1569493190095,1,0.003510819158522512
44425,200099,Trumbull County JVSD CTPD,1,76.88476690807781,79.25154886929911,1642.1569493190095,0.9701358270596757,0.04681937797721549
44425,200064,Youngstown City CTPD,2,2.366781949276907,79.25154886929911,118.24889072576319,0.029864172789609206,0.020015257096709916
44427,200101,Buckeye JVSD CTPD,1,43.33082429289429,82.73344666564971,2928.984694902591,0.5237401080122643,0.014793803589450078
44427,200015,Columbiana County JVSD CTPD,2,25.78610226510299,82.73344666564971,1124.4783801732294,0.3116768768175735,0.0229316123099944
44427,200094,Stark County Area JVSD CTPD,3,13.616520107651464,82.73344666564971,757.9144793185775,0.1645830151701505,0.017965773816451886
44428,200099,Trumbull County JVSD CTPD,1,142.57248746093893,147.73465614428247,1642.1569493190095,0.965057835324015,0.0868202564438574
44428,200004,Ashtabula County Technical and Career Center  CTPD,2,5.162168677174449,147.73465614428247,1837.064408791999,0.034942164634227106,0.002810009628660186
44429,200063,Mahoning County JVSD CTPD,1,23.3221740484236,24.04291524916896,1081.5520507372623,0.9700227200705093,0.021563616871259742
44429,200078,Maplewood Area JVSD CTPD,2,0.720741200746119,24.04291524916896,1098.9227931243822,0.02997727992952233,6.558615448287835e-4
44430,200099,Trumbull County JVSD CTPD,1,34.1985678200044,34.19856782000327,1642.1569493190095,1,0.0208253954253193
44431,200015,Columbiana County JVSD CTPD,1,71.36249062288829,71.36255078522784,1124.4783801732294,0.9999991569480227,0.06346275026816849
44431,200063,Mahoning County JVSD CTPD,2,6.016233767569065e-5,71.36255078522784,1081.5520507372623,8.430519511102502e-7,5.5625929084670266e-8
44432,200015,Columbiana County JVSD CTPD,1,276.0019911514187,276.0019911514191,1124.4783801732294,0.9999999999999986,0.2454489085943117
44436,200063,Mahoning County JVSD CTPD,1,34.0843066833874,57.96058778942102,1081.5520507372623,0.5880600591426107,0.03151425459380631
44436,200064,Youngstown City CTPD,2,23.876260464819186,57.96058778942102,118.24889072576319,0.4119395847323875,0.2019153018542203
44436,200099,Trumbull County JVSD CTPD,3,2.033057182078119e-5,57.96058778942102,1642.1569493190095,3.507654528046717e-7,1.2380407262053806e-8
44437,200099,Trumbull County JVSD CTPD,1,9.476970527691574,10.054480993268768,1642.1569493190095,0.942561882014216,0.0057710504051525675
44437,200063,Mahoning County JVSD CTPD,2,0.5775104655773342,10.054480993268768,1081.5520507372623,0.05743811798579792,5.339645606364134e-4
44438,200099,Trumbull County JVSD CTPD,1,24.4957658563793,24.49576756717183,1642.1569493190095,0.9999999301596685,0.014916823794788625
44439,200099,Trumbull County JVSD CTPD,1,7.538208116119504,7.53820811611855,1642.1569493190095,1,0.004590430969004238
44440,200099,Trumbull County JVSD CTPD,1,23.963249834739713,24.732388556185327,1642.1569493190095,0.9689015591964222,0.014592545398706925
44440,200063,Mahoning County JVSD CTPD,2,0.7691387214448154,24.732388556185327,1081.5520507372623,0.031098440803545496,7.111435098482002e-4
44441,200015,Columbiana County JVSD CTPD,1,43.12970864693372,43.12970864693357,1124.4783801732294,1,0.03835530269625055
44442,200063,Mahoning County JVSD CTPD,1,23.637996564074367,23.637996564074694,1081.5520507372623,0.9999999999999861,0.021855625485579764
44443,200063,Mahoning County JVSD CTPD,1,30.644360250334127,35.551186527046674,1081.5520507372623,0.8619785510399344,0.02833368974654966
44443,200015,Columbiana County JVSD CTPD,2,4.906826276714861,35.551186527046674,1124.4783801732294,0.13802144896013077,0.004363646614494224
44444,200099,Trumbull County JVSD CTPD,1,73.88658130690186,107.24577017234222,1642.1569493190095,0.6889463443468896,0.04499361728946925
44444,200078,Maplewood Area JVSD CTPD,2,22.724713590902546,107.24577017234222,1098.9227931243822,0.2118937982764663,0.020679081126612354
44444,200063,Mahoning County JVSD CTPD,3,10.634475274536811,107.24577017234222,1081.5520507372623,0.09915985737663482,0.00983260608427269
44445,200015,Columbiana County JVSD CTPD,1,40.237749114797815,40.23774911479968,1124.4783801732294,0.9999999999999536,0.035783479544176794
44446,200099,Trumbull County JVSD CTPD,1,37.734517521371345,37.73451752137077,1642.1569493190095,1,0.022978630353827977
44449,200063,Mahoning County JVSD CTPD,1,29.341754033595265,35.73362005626356,1081.5520507372623,0.8211245876403195,0.027129303683159633
44449,200078,Maplewood Area JVSD CTPD,2,6.391866022668928,35.73362005626356,1098.9227931243822,0.17887541235969825,0.005816483253110086
44450,200099,Trumbull County JVSD CTPD,1,119.61955392563453,119.63951732569248,1642.1569493190095,0.9998331370728988,0.07284294840102823
44450,200004,Ashtabula County Technical and Career Center  CTPD,2,0.019963400060659508,119.63951732569248,1837.064408791999,1.668629271239327e-4,1.0867011502218841e-5
44451,200063,Mahoning County JVSD CTPD,1,102.64807777686012,102.65413424616453,1081.5520507372623,0.9999410012139415,0.094908125509898425
44451,200099,Trumbull County JVSD CTPD,2,0.006056469309072753,102.65413424616453,1642.1569493190095,5.8998786103921974e-5,3.688118429596103e-6
44452,200063,Mahoning County JVSD CTPD,1,37.59535270696052,37.61432607172067,1081.5520507372623,0.9994955814249078,0.034760557923525615
44452,200015,Columbiana County JVSD CTPD,2,0.01897336476053018,37.61432607172067,1124.4783801732294,5.044185751022879e-4,1.6873036507475824e-5
44454,200063,Mahoning County JVSD CTPD,1,16.51029488543391,18.036859968173115,1081.5520507372623,0.9153641440121563,0.015265372456350415
44454,200015,Columbiana County JVSD CTPD,2,1.5265650340324641,18.036859968173115,1124.4783801732294,0.08463585328744358,0.0013575761534848647
44455,200015,Columbiana County JVSD CTPD,1,46.57235477865684,46.57235477865689,1124.4783801732294,0.9999999999999989,0.04141685211545127
44460,200063,Mahoning County JVSD CTPD,1,152.8755604198547,279.30366740772365,1081.5520507372623,0.5473453386370651,0.14134831542841042
44460,200015,Columbiana County JVSD CTPD,2,79.40365833779849,279.30366740772365,1124.4783801732294,0.2842914991942663,0.070613770560503
44460,200089,Alliance City CTPD,3,47.02444865008008,279.30366740772365,314.9296651967627,0.16836316216870306,0.14931730429618312
44470,200099,Trumbull County JVSD CTPD,1,70.40612345866633,70.45423463361698,1642.1569493190095,0.9993171286977874,0.04287417441302625
44470,200078,Maplewood Area JVSD CTPD,2,0.04811117495363951,70.45423463361698,1098.9227931243822,6.828713022550306e-4,4.378030490827577e-5
44471,200063,Mahoning County JVSD CTPD,1,12.243984308577165,12.24399085030894,1081.5520507372623,0.9999994657189919,0.01132075363384573
44471,200064,Youngstown City CTPD,2,6.541731983423233e-6,12.24399085030894,118.24889072576319,5.342810251494243e-7,5.532171966496062e-8
44473,200099,Trumbull County JVSD CTPD,1,63.48501898726985,63.48501898726724,1642.1569493190095,1,0.03865953191234042
44481,200099,Trumbull County JVSD CTPD,1,143.09824390158167,147.700750697646,1642.1569493190095,0.9688389749251446,0.08714041855799683
44481,200063,Mahoning County JVSD CTPD,2,4.6025067960643025,147.700750697646,1081.5520507372623,0.03116102507485533,0.004255464906129029
44483,200099,Trumbull County JVSD CTPD,1,47.68693015164014,47.686930151641725,1642.1569493190095,0.9999999999999668,0.029039203695734175
44484,200099,Trumbull County JVSD CTPD,1,46.347052051379976,46.347052051378995,1642.1569493190095,1,0.028223277970232843
44485,200099,Trumbull County JVSD CTPD,1,20.59153710622844,20.591537106228554,1642.1569493190095,0.9999999999999944,0.012539323427500398
44490,200015,Columbiana County JVSD CTPD,1,2.010912304590002,2.091806248525668,1124.4783801732294,0.9613281851544897,0.0017883067740975282
44490,200063,Mahoning County JVSD CTPD,2,0.08089394393512421,2.091806248525668,1081.5520507372623,0.03867181484525123,7.479431422646851e-5
44491,200099,Trumbull County JVSD CTPD,1,66.48383098039183,79.50797954640996,1642.1569493190095,0.8361906736868374,0.040485674044714294
44491,200052,Auburn JVSD CTPD,2,11.853383202290662,79.50797954640996,1266.4960283627972,0.14908419595006397,0.009359194925872418
44491,200078,Maplewood Area JVSD CTPD,3,1.1707653637313842,79.50797954640996,1098.9227931243822,0.014725130363147909,0.0010653754486270543
44493,200015,Columbiana County JVSD CTPD,1,2.9697070320422054,2.969707032042533,1124.4783801732294,0.9999999999998896,0.0026409640989137674
44502,200064,Youngstown City CTPD,1,14.68514788943553,14.700008391092867,118.24889072576319,0.9989890820969639,0.12418846214373865
44502,200063,Mahoning County JVSD CTPD,2,0.014860501656701788,14.700008391092867,1081.5520507372623,0.0010109179029929105,1.3739978253077899e-5
44503,200064,Youngstown City CTPD,1,1.2191916083315966,1.21919160833174,118.24889072576319,0.9999999999998823,0.010310385161744
44504,200064,Youngstown City CTPD,1,3.150713835777536,3.200957836475173,118.24889072576319,0.9843034481350856,0.026644764415460872
44504,200099,Trumbull County JVSD CTPD,2,0.0502440006976903,3.200957836475173,1642.1569493190095,0.015696551864931133,3.05963450804907e-5
44505,200064,Youngstown City CTPD,1,30.56384015802616,47.236009924405366,118.24889072576319,0.6470453411907423,0.2584704175272837
44505,200099,Trumbull County JVSD CTPD,2,16.67216976637999,47.236009924405366,1642.1569493190095,0.3529546588092743,0.010152604337419647
44506,200064,Youngstown City CTPD,1,4.882455747715532,4.884388754208887,118.24889072576319,0.9996042480255715,0.04128965369356974
44506,200063,Mahoning County JVSD CTPD,2,0.0019330064929127693,4.884388754208887,1081.5520507372623,3.9575197433805697e-4,1.7872523949218121e-6
44507,200064,Youngstown City CTPD,1,4.527019907034431,4.531443444280799,118.24889072576319,0.999023812765014,0.038283825575440404
44507,200063,Mahoning County JVSD CTPD,2,0.004423537246378604,4.531443444280799,1081.5520507372623,9.7618723498836e-4,4.089990161234689e-6
44509,200064,Youngstown City CTPD,1,13.19181916058417,14.729659194296717,118.24889072576319,0.8955956812423743,0.1115597709172424
44509,200099,Trumbull County JVSD CTPD,2,0.9201218976103736,14.729659194296717,1642.1569493190095,0.06246729034753514,5.603130066172673e-4
44509,200063,Mahoning County JVSD CTPD,3,0.6177181361031457,14.729659194296717,1081.5520507372623,0.0419370284101566,5.711404603061549e-4
44510,200064,Youngstown City CTPD,1,5.16166247715922,5.161662477159142,118.24889072576319,1,0.04365083211757043
44511,200064,Youngstown City CTPD,1,11.157131847332376,19.60194563507592,118.24889072576319,0.5691849194483883,0.09435295146410658
44511,200063,Mahoning County JVSD CTPD,2,8.44481378774463,19.60194563507592,1081.5520507372623,0.430815080551667,0.007808051200113807
44512,200063,Mahoning County JVSD CTPD,1,43.472289280280414,44.491411473445446,1081.5520507372623,0.9770939568016787,0.04019435703593426
44512,200064,Youngstown City CTPD,2,1.0191221931637595,44.491411473445446,118.24889072576319,0.02290604319829276,0.008618450345781728
44514,200063,Mahoning County JVSD CTPD,1,58.34424364944112,60.54426585012405,1081.5520507372623,0.9636625835693666,0.05394492443490774
44514,200064,Youngstown City CTPD,2,2.2000222006834114,60.54426585012405,118.24889072576319,0.03633741643064128,0.01860501343547984
44515,200063,Mahoning County JVSD CTPD,1,50.883526427899646,51.1713976528697,1081.5520507372623,0.994374372439016,0.04704676616646775
44515,200099,Trumbull County JVSD CTPD,2,0.28766866552476494,51.1713976528697,1642.1569493190095,0.005621669110470983,1.7517732738278095e-4
44515,200064,Youngstown City CTPD,3,2.025594451952493e-4,51.1713976528697,118.24889072576319,3.958450511149752e-6,1.7129923498818679e-6
44555,200064,Youngstown City CTPD,1,0.24475667388415337,0.24475667388397454,118.24889072576319,1,0.002069843297319216
44601,200089,Alliance City CTPD,1,164.32820412513692,220.2814802472132,314.9296651967627,0.74599191879734,0.521793347166795
44601,200063,Mahoning County JVSD CTPD,2,48.697385783825574,220.2814802472132,1081.5520507372623,0.221068905698175,0.045025466643634944
44601,200094,Stark County Area JVSD CTPD,3,7.255890338262379,220.2814802472132,757.9144793185775,0.03293917550453801,0.009573494815385997
44606,200105,Wayne County JVSD CTPD,1,110.13602176449831,110.1360217645005,1507.3824723502335,0.9999999999999801,0.073064417150068
44607,200101,Buckeye JVSD CTPD,1,3.427810914219022,3.4278109142189326,2928.984694902591,1,0.0011703068712460515
44608,200094,Stark County Area JVSD CTPD,1,46.130055037325505,57.72370936147515,757.9144793185775,0.7991526453792441,0.06086445937647202
44608,200101,Buckeye JVSD CTPD,2,11.593654324148318,57.72370936147515,2928.984694902591,0.2008473546207329,0.003958250223814804
44609,200063,Mahoning County JVSD CTPD,1,70.8396670771132,70.8396670771141,1081.5520507372623,0.9999999999999873,0.06549815797475848
44610,200101,Buckeye JVSD CTPD,1,0.6974101471783519,0.6974101471783481,2928.984694902591,1,2.3810644978516885e-4
44611,200003,Heartland Technical Education Center CTPD,1,68.78166349605141,69.1092757650257,1643.0960551292524,0.9952595036578276,0.04186101188748869
44611,200105,Wayne County JVSD CTPD,2,0.3276122689733384,69.1092757650257,1507.3824723502335,0.004740496342158659,2.1733851559421554e-4
44612,200101,Buckeye JVSD CTPD,1,59.356498195518,68.79462861382454,2928.984694902591,0.862807160842643,0.02026521282231965
44612,200115,Canton Local CTPD,2,8.071591360923861,68.79462861382454,434.2232372933414,0.11732880202367782,0.018588575340271488
44612,200094,Stark County Area JVSD CTPD,3,1.3665390573866367,68.79462861382454,757.9144793185775,0.01986403713373671,0.0018030254001945693
44613,200094,Stark County Area JVSD CTPD,1,5.245894810372978,5.245894810373306,757.9144793185775,0.9999999999999375,0.0069214864651872534
44614,200094,Stark County Area JVSD CTPD,1,53.52035920389608,59.954475798651394,757.9144793185775,0.8926832983018085,0.07061530115114693
44614,200093,Stark County Career Compact,2,4.894957049394801,59.954475798651394,278.37980910358084,0.08164456421625335,0.017583735922361607
44614,200098,Portage Lakes JVSD CTPD,3,1.5368071651022435,59.954475798651394,207.27014548242067,0.02563290137442603,0.007414512888604044
44614,200105,Wayne County JVSD CTPD,4,0.002352380260191858,59.954475798651394,1507.3824723502335,3.923610754419726e-5,1.560572915859999e-6
44615,200101,Buckeye JVSD CTPD,1,370.666270591049,375.5552597348024,2928.984694902591,0.9869819713157373,0.12655111214344403
44615,200094,Stark County Area JVSD CTPD,2,4.888989143755354,375.5552597348024,757.9144793185775,0.013018028684267938,0.006450581532827985
44618,200105,Wayne County JVSD CTPD,1,100.33249521663066,109.13599368709096,1507.3824723502335,0.9193346010510407,0.06656074158816334
44618,200094,Stark County Area JVSD CTPD,2,8.80349847046741,109.13599368709096,757.9144793185775,0.08066539894902448,0.01161542457716657
44619,200063,Mahoning County JVSD CTPD,1,1.4725741301920117,1.4725741301921123,1081.5520507372623,0.9999999999999317,0.0013615379206097396
44620,200101,Buckeye JVSD CTPD,1,57.50535051828499,62.4525003799288,2928.984694902591,0.9207853995989288,0.019633202801763852
44620,200115,Canton Local CTPD,2,4.947149861644909,62.4525003799288,434.2232372933414,0.07921460040108884,0.011393102525977531
44621,200101,Buckeye JVSD CTPD,1,83.15684240248956,83.15684240249647,2928.984694902591,0.999999999999917,0.02839101294971263
44622,200101,Buckeye JVSD CTPD,1,145.1669424354458,145.16694243544637,2928.984694902591,0.9999999999999961,0.049562205868840706
44624,200101,Buckeye JVSD CTPD,1,112.98265798846445,127.13459633569963,2928.984694902591,0.8886853873365288,0.03857400080822952
44624,200105,Wayne County JVSD CTPD,2,12.044880009809285,127.13459633569963,1507.3824723502335,0.09474116689689022,0.007990593118035615
44624,200094,Stark County Area JVSD CTPD,3,2.107058337426012,127.13459633569963,757.9144793185775,0.016573445766581995,0.002780073999008987
44625,200015,Columbiana County JVSD CTPD,1,22.99122478846966,50.22959701388162,1124.4783801732294,0.4577226606479786,0.020446124348720503
44625,200094,Stark County Area JVSD CTPD,2,16.17537437003507,50.22959701388162,757.9144793185775,0.3220287506102187,0.021341951910693085
44625,200101,Buckeye JVSD CTPD,3,11.062997855388417,50.22959701388162,2928.984694902591,0.2202485887420321,0.0037770760204523155
44626,200115,Canton Local CTPD,1,49.60184626143057,73.282383937777,434.2232372933414,0.67685907029917,0.11423121104852763
44626,200101,Buckeye JVSD CTPD,2,23.67389763320923,73.282383937777,2928.984694902591,0.3230503207061385,0.008082629340607241
44626,200094,Stark County Area JVSD CTPD,3,0.006640043136639521,73.282383937777,757.9144793185775,9.060899468387224e-5,8.760939812905307e-6
44627,200105,Wayne County JVSD CTPD,1,65.63096107060474,123.05987554767505,1507.3824723502335,0.533325430230737,0.04353968702334472
44627,200101,Buckeye JVSD CTPD,2,57.428914477068666,123.05987554767505,2928.984694902591,0.4666745697692497,0.019607106372735272
44628,200003,Heartland Technical Education Center CTPD,1,71.82920684561059,106.2386790755874,1643.0960551292524,0.6761116334523047,0.04371576854644704
44628,200051,Knox County JVSD CTPD,2,34.40947222998004,106.2386790755874,1516.7319841515923,0.3238883665477256,0.02268658707637626
44629,200101,Buckeye JVSD CTPD,1,54.87448871151948,54.87448871152014,2928.984694902591,0.9999999999999881,0.018734986497887605
44630,200093,Stark County Career Compact,1,0.030028250463441014,0.03002825046346616,278.37980910358084,0.9999999999991626,1.0786791815159254e-4
44632,200093,Stark County Career Compact,1,39.78654292292222,73.17431376645021,278.37980910358084,0.5437228021011385,0.14292179828357546
44632,200089,Alliance City CTPD,2,24.37450063900123,73.17431376645021,314.9296651967627,0.33310186846161755,0.07739664862556678
44632,200078,Maplewood Area JVSD CTPD,3,9.013270204531327,73.17431376645021,1098.9227931243822,0.12317532943730637,0.008201913966044342
44633,200105,Wayne County JVSD CTPD,1,56.367276662030235,58.16130199015948,1507.3824723502335,0.9691543128035067,0.037394143620461014
44633,200003,Heartland Technical Education Center CTPD,2,1.7940253281302274,58.16130199015948,1643.0960551292524,0.030845687196510232,0.0010918566340232022
44634,200063,Mahoning County JVSD CTPD,1,38.090724117644676,47.16190606693291,1081.5520507372623,0.8076587079323242,0.03521857694382748
44634,200089,Alliance City CTPD,2,6.848386788841367,47.16190606693291,314.9296651967627,0.14521013589064935,0.02174576594606485
44634,200094,Stark County Area JVSD CTPD,3,2.2146650358391105,47.16190606693291,757.9144793185775,0.046958768644677414,0.0029220513610325296
44634,200015,Columbiana County JVSD CTPD,4,0.008130124605569989,47.16190606693291,1124.4783801732294,1.723875323026934e-4,7.23012976409339e-6
44637,200003,Heartland Technical Education Center CTPD,1,116.97106773014056,135.88762228605617,1643.0960551292524,0.8607926591275952,0.07118942764483673
44637,200108,Coshocton County JVSD CTPD,2,18.44023629218825,135.88762228605617,1397.301956720096,0.13570210429740118,0.013197030322259936
44637,200051,Knox County JVSD CTPD,3,0.47631826372854774,135.88762228605617,1516.7319841515923,0.0035052365750123525,3.1404247336089757e-4
44638,200003,Heartland Technical Education Center CTPD,1,74.64485835460084,74.64886677661589,1643.0960551292524,0.9999463029756762,0.045429394174237116
44638,200105,Wayne County JVSD CTPD,2,0.004008422015860677,74.64886677661589,1507.3824723502335,5.3697024334686e-5,2.6591937277942146e-6
44639,200101,Buckeye JVSD CTPD,1,0.6005664358576648,0.6005664358579209,2928.984694902591,0.9999999999995736,2.0504253125762332e-4
44640,200089,Alliance City CTPD,1,0.6068347856370062,0.6069263071976081,314.9296651967627,0.9998492048218762,0.0019268898827230715
44640,200078,Maplewood Area JVSD CTPD,2,9.152156087383627e-5,0.6069263071976081,1098.9227931243822,1.507951785718821e-4,8.328297624406209e-8
44641,200094,Stark County Area JVSD CTPD,1,87.22498862407875,142.48860357162678,757.9144793185775,0.6121541403150331,0.11508552878221909
44641,200089,Alliance City CTPD,2,47.022668835169036,142.48860357162678,314.9296651967627,0.3300100334798458,0.14931165282822775
44641,200115,Canton Local CTPD,3,8.009560779892288,142.48860357162678,434.2232372933414,0.05621193961569009,0.018445721214319522
44641,200093,Stark County Career Compact,4,0.23138533248928375,142.48860357162678,278.37980910358084,0.001623886589449029,8.311857574526492e-4
44643,200115,Canton Local CTPD,1,76.34402907978993,77.55071757930811,434.2232372933414,0.9844400085881327,0.17581746558675163
44643,200101,Buckeye JVSD CTPD,2,1.2066884995141403,77.55071757930811,2928.984694902591,0.015559991411815199,4.119818384896924e-4
44644,200094,Stark County Area JVSD CTPD,1,62.25178887770845,62.42464298348139,757.9144793185775,0.9972309956851707,0.08213563743191385
44644,200101,Buckeye JVSD CTPD,2,0.17077239010576903,62.42464298348139,2928.984694902591,0.002735656656473923,5.830429582065412e-5
44644,200115,Canton Local CTPD,3,0.0020817156634829006,62.42464298348139,434.2232372933414,3.334765829631989e-5,4.794113913522754e-6
44645,200105,Wayne County JVSD CTPD,1,61.638534486481994,64.05602552307302,1507.3824723502335,0.9622597403312161,0.0408911046911527
44645,200094,Stark County Area JVSD CTPD,2,2.4174910365914406,64.05602552307302,757.9144793185775,0.03774025966879039,0.003189662029896761
44646,200115,Canton Local CTPD,1,29.949026308748888,75.00334803294534,434.2232372933414,0.3993025257431672,0.06897149607983023
44646,200093,Stark County Career Compact,2,27.500405183694514,75.00334803294534,278.37980910358084,0.3666557014443531,0.09878735556378673
44646,200092,Massillon City CTPD,3,17.445716186854803,75.00334803294534,34.99363660162729,0.23259916582912732,0.4985396740973053
44646,200094,Stark County Area JVSD CTPD,4,0.10820035364303365,75.00334803294534,757.9144793185775,0.0014426069832976852,1.427606367149945e-4
44647,200094,Stark County Area JVSD CTPD,1,51.46418310595478,75.25069368019065,757.9144793185775,0.6839031055935961,0.06790236169155256
44647,200092,Massillon City CTPD,2,17.520665909649715,75.25069368019065,34.99363660162729,0.23283062325127693,0.5006814841540351
44647,200093,Stark County Career Compact,3,6.265844664582739,75.25069368019065,278.37980910358084,0.08326627115508158,0.022508258356665926
44651,200101,Buckeye JVSD CTPD,1,58.46707296711123,58.46711899107694,2928.984694902591,0.9999992128230961,0.019961549498317084
44651,200050,Jefferson County JVSD CTPD,2,4.6023965111078724e-5,58.46711899107694,1096.1536080475903,7.871768937016163e-7,4.198678430941274e-8
44652,200093,Stark County Career Compact,1,0.5577982093236744,0.5577982093236931,278.37980910358084,0.9999999999999666,0.0020037308421176707
44653,200101,Buckeye JVSD CTPD,1,1.5167262432649882,1.5167262432648987,2928.984694902591,1,5.17833447851263e-4
44654,200003,Heartland Technical Education Center CTPD,1,231.65001293257475,416.35883982418045,1643.0960551292524,0.556371069317024,0.1409838531408027
44654,200101,Buckeye JVSD CTPD,2,161.7569840930491,416.35883982418045,2928.984694902591,0.3885037823656048,0.055226298851803544
44654,200108,Coshocton County JVSD CTPD,3,13.463639427662352,416.35883982418045,1397.301956720096,0.032336624420770704,0.009635454500661916
44654,200105,Wayne County JVSD CTPD,4,9.488203370910519,416.35883982418045,1507.3824723502335,0.0227885238966397,0.006294489650073348
44656,200101,Buckeye JVSD CTPD,1,81.52777808610168,106.80911681606418,2928.984694902591,0.7633035504497293,0.027834825572146952
44656,200115,Canton Local CTPD,2,25.28133872995457,106.80911681606418,434.2232372933414,0.23669644955019642,0.05822198481947121
44657,200094,Stark County Area JVSD CTPD,1,140.37423984082818,163.78261963507808,757.9144793185775,0.857076533234077,0.18521118631621242
44657,200101,Buckeye JVSD CTPD,2,14.938038164054356,163.78261963507808,2928.984694902591,0.09120649185693576,0.005100073820819726
44657,200089,Alliance City CTPD,3,6.353500730942607,163.78261963507808,314.9296651967627,0.03879227689176519,0.02017434822144509
44657,200015,Columbiana County JVSD CTPD,4,1.654291687139151,163.78261963507808,1124.4783801732294,0.010100532589019866,0.0014711636224471495
44657,200063,Mahoning County JVSD CTPD,5,0.46254921211696604,163.78261963507808,1081.5520507372623,0.002824165428221663,4.276717073410011e-4
44659,200105,Wayne County JVSD CTPD,1,0.4189190705344193,0.4189190705345273,1507.3824723502335,0.9999999999997421,2.7791159723468336e-4
44660,200101,Buckeye JVSD CTPD,1,1.940706763105929,1.9407067631062418,2928.984694902591,0.9999999999998388,6.625868569690395e-4
44661,200003,Heartland Technical Education Center CTPD,1,1.7018309226020574,1.7018309226019979,1643.0960551292524,1,0.001035746460037715
44662,200094,Stark County Area JVSD CTPD,1,126.40969976626212,149.93929910987688,757.9144793185775,0.8430725001163833,0.16678623144911287
44662,200105,Wayne County JVSD CTPD,2,15.22143622498586,149.93929910987688,1507.3824723502335,0.10151732277894306,0.01009792571174944
44662,200115,Canton Local CTPD,3,6.887179191504601,149.93929910987688,434.2232372933414,0.0459331158168054,0.015860918071623
44662,200101,Buckeye JVSD CTPD,4,1.3937294220013023,149.93929910987688,2928.984694902591,0.009295291029605019,4.7584045912798926e-4
44662,200092,Massillon City CTPD,5,0.02725450512004271,149.93929910987688,34.99363660162729,1.8177025824343997e-4,7.788417485816638e-4
44663,200101,Buckeye JVSD CTPD,1,251.30236698050803,251.30236698050544,2928.984694902591,1,0.08579845685703236
44665,200063,Mahoning County JVSD CTPD,1,1.3856481120188235,1.3856481120185553,1081.5520507372623,1,0.001281166367420105
44666,200094,Stark County Area JVSD CTPD,1,45.97425215399727,61.15186137346953,757.9144793185775,0.7518046241179994,0.06065889148249497
44666,200105,Wayne County JVSD CTPD,2,15.177609219468474,61.15186137346953,1507.3824723502335,0.24819537588193863,0.010068850804536903
44667,200105,Wayne County JVSD CTPD,1,116.01412217701387,116.01412217701352,1507.3824723502335,1,0.07696395858718631
44669,200094,Stark County Area JVSD CTPD,1,34.345610220580944,46.16074892516816,757.9144793185775,0.7440436089167248,0.04531594415699809
44669,200089,Alliance City CTPD,2,11.072853112115741,46.16074892516816,314.9296651967627,0.23987594157248401,0.035159765292982516
44669,200115,Canton Local CTPD,3,0.7422855924739837,46.16074892516816,434.2232372933414,0.016080449510845533,0.0017094561707496308
44670,200094,Stark County Area JVSD CTPD,1,0.39118298758027703,0.39118298758025094,757.9144793185775,1,5.161307749813411e-4
44671,200115,Canton Local CTPD,1,2.289623544811707,2.289623544812128,434.2232372933414,0.9999999999998161,0.005272918048061398
44672,200063,Mahoning County JVSD CTPD,1,8.1905613078995,8.190561307899788,1081.5520507372623,0.9999999999999649,0.007572970068630756
44675,200101,Buckeye JVSD CTPD,1,71.02241608498574,71.02241608498255,2928.984694902591,1,0.024248134928321202
44676,200105,Wayne County JVSD CTPD,1,106.50873462651013,144.5848405006386,1507.3824723502335,0.7366521570153111,0.07065806892423737
44676,200003,Heartland Technical Education Center CTPD,2,38.07610587412897,144.5848405006386,1643.0960551292524,0.26334784298469244,0.02317339011025363
44677,200105,Wayne County JVSD CTPD,1,44.08575598629987,44.085755986298025,1507.3824723502335,1,0.029246562697232126
44678,200101,Buckeye JVSD CTPD,1,7.701952255082428,7.70195225508213,2928.984694902591,1,0.002629563844593108
44680,200101,Buckeye JVSD CTPD,1,47.1165151106436,47.12170036862023,2928.984694902591,0.9998899602956585,0.016086296112315653
44680,200094,Stark County Area JVSD CTPD,2,0.0051852579793211775,47.12170036862023,757.9144793185775,1.1003970439857467e-4,6.841481619381539e-6
44681,200101,Buckeye JVSD CTPD,1,146.0915419732065,146.09154197320714,2928.984694902591,0.9999999999999956,0.04987787823796227
44682,200101,Buckeye JVSD CTPD,1,1.175444066846881,1.1754440668470263,2928.984694902591,0.9999999999998764,4.013145131459872e-4
44683,200101,Buckeye JVSD CTPD,1,168.95699701214917,175.5647810470801,2928.984694902591,0.9623627017017784,0.05768449295969031
44683,200006,Belmont-Harrison Area JVSD CTPD,2,6.607784034932684,175.5647810470801,2151.3159635424254,0.037637298298231675,0.0030715079267352695
44685,200098,Portage Lakes JVSD CTPD,1,34.23850989706215,66.44467022088243,207.27014548242067,0.515293548500472,0.16518785094385938
44685,200093,Stark County Career Compact,2,32.2061603238154,66.44467022088243,278.37980910358084,0.48470645149945457,0.11569143763523448
44687,200101,Buckeye JVSD CTPD,1,1.3738534611465334,1.3738534611464153,2928.984694902591,1,4.6905450326780335e-4
44688,200115,Canton Local CTPD,1,48.65251885084003,60.31355819202333,434.2232372933414,0.8066597347140845,0.11204494525467464
44688,200094,Stark County Area JVSD CTPD,2,10.737462036927923,60.31355819202333,757.9144793185775,0.17802733512658167,0.014167115591434161
44688,200101,Buckeye JVSD CTPD,3,0.9235773042556047,60.31355819202333,2928.984694902591,0.01531293015933772,3.153233630284709e-4
44689,200101,Buckeye JVSD CTPD,1,6.03053002677799,6.9986374539936635,2928.984694902591,0.8616720135055377,0.0020589148305462713
44689,200094,Stark County Area JVSD CTPD,2,0.9681074272167534,6.9986374539936635,757.9144793185775,0.13832798649461658,0.00127733069315044
44690,200101,Buckeye JVSD CTPD,1,0.5178532695240975,0.5178532695241869,2928.984694902591,0.9999999999998275,1.7680299607756049e-4
44691,200105,Wayne County JVSD CTPD,1,386.8805064328019,402.9404304036194,1507.3824723502335,0.960143180581977,0.2566571613570626
44691,200003,Heartland Technical Education Center CTPD,2,16.059923970815518,402.9404304036194,1643.0960551292524,0.039856819418018025,0.00977418448585599
44693,200006,Belmont-Harrison Area JVSD CTPD,1,4.1317659863471095,4.131765986347497,2151.3159635424254,0.9999999999999063,0.0019205760829030488
44695,200101,Buckeye JVSD CTPD,1,75.85883943875686,77.53794617524008,2928.984694902591,0.9783447096639838,0.02589936354764042
44695,200006,Belmont-Harrison Area JVSD CTPD,2,1.6791067364850658,77.53794617524008,2151.3159635424254,0.021655290336039995,7.805021507487888e-4
44697,200101,Buckeye JVSD CTPD,1,4.175518916421637,4.175518916421536,2928.984694902591,1,0.0014255857750600166
44699,200006,Belmont-Harrison Area JVSD CTPD,1,111.08170165593425,156.91148472506447,2151.3159635424254,0.7079258847787224,0.051634303625499804
44699,200101,Buckeye JVSD CTPD,2,45.82978306914053,156.91148472506447,2928.984694902591,0.2920741152213433,0.01564698618907078
44702,200090,Canton City CTPD,1,1.40263144630152,1.4026314463015497,43.71765327964252,0.9999999999999788,0.032083868668098585
44703,200090,Canton City CTPD,1,2.726734464763351,2.7267344647632985,43.71765327964252,1,0.06237147376876876
44704,200090,Canton City CTPD,1,2.9908148671228068,5.371566680476772,43.71765327964252,0.5567863241823048,0.06841206338299737
44704,200115,Canton Local CTPD,2,2.380751813354902,5.371566680476772,434.2232372933414,0.44321367581786963,0.00548278306843946
44705,200093,Stark County Career Compact,1,13.252279045869194,20.833716452364236,278.37980910358084,0.6360976965473344,0.04760502957647415
44705,200090,Canton City CTPD,2,7.57707150378064,20.833716452364236,43.71765327964252,0.36369274397611306,0.17331834934765278
44705,200115,Canton Local CTPD,3,0.004365150460615754,20.833716452364236,434.2232372933414,2.0952336903483156e-4,1.0052779505365019e-5
44705,200094,Stark County Area JVSD CTPD,4,7.522569298744202e-7,20.833716452364236,757.9144793185775,3.610766862429162e-8,9.92535372263578e-10
44706,200115,Canton Local CTPD,1,41.394499896431086,48.718535573353606,434.2232372933414,0.8496663417582615,0.09532999697219531
44706,200090,Canton City CTPD,2,5.298109280121922,48.718535573353606,43.71765327964252,0.10874935417844744,0.12118924239213522
44706,200094,Stark County Area JVSD CTPD,3,2.0259263968027086,48.718535573353606,757.9144793185775,0.041584304063334375,0.0026730276991464392
44707,200115,Canton Local CTPD,1,32.74687691221255,39.67871411532396,434.2232372933414,0.8253008607344376,0.07541484218194949
44707,200090,Canton City CTPD,2,6.931837203111898,39.67871411532396,43.71765327964252,0.1746991392655745,0.15855922454876517
44708,200093,Stark County Career Compact,1,12.262778217744538,26.975475093427242,278.37980910358084,0.4545898886033873,0.044050530306893584
44708,200090,Canton City CTPD,2,7.470105704845872,26.975475093427242,43.71765327964252,0.2769221182935167,0.17087160779337593
44708,200115,Canton Local CTPD,3,7.242591170835556,26.975475093427242,434.2232372933414,0.2684879931030487,0.0166794186694868
44709,200093,Stark County Career Compact,1,11.060867677136699,15.057207985816241,278.37980910358084,0.7345895525621975,0.039733009778094644
44709,200090,Canton City CTPD,2,3.9963403086759373,15.057207985816241,43.71765327964252,0.26541044743756315,0.09141250750842259
44710,200115,Canton Local CTPD,1,3.2677094971688594,5.714433303862661,434.2232372933414,0.571834392565236,0.007525413696276562
44710,200090,Canton City CTPD,2,2.4467238066942802,5.714433303862661,43.71765327964252,0.4281656074348478,0.055966494611311104
44714,200093,Stark County Career Compact,1,4.539878775215924,6.779003157539636,278.37980910358084,0.6696971029090983,0.016308218580345046
44714,200090,Canton City CTPD,2,2.23912438232483,6.779003157539636,43.71765327964252,0.3303028970910666,0.05121785398685836
44718,200093,Stark County Career Compact,1,22.447106621823043,22.45619211146307,278.37980910358084,0.9995954127220265,0.0806348229568288
44718,200090,Canton City CTPD,2,0.00908548964005243,22.45619211146307,43.71765327964252,4.045872779746401e-4,2.0782198856687402e-4
44720,200093,Stark County Career Compact,1,65.76322089166223,89.56181417169995,278.37980910358084,0.7342774540674983,0.236235598779338
44720,200098,Portage Lakes JVSD CTPD,2,23.79859328004239,89.56181417169995,207.27014548242067,0.26572254593255384,0.11481920478538397
44721,200093,Stark County Career Compact,1,33.86560956767356,41.148381322465674,278.37980910358084,0.8230119503919353,0.12165253534990639
44721,200089,Alliance City CTPD,2,4.777773000744453,41.148381322465674,314.9296651967627,0.11611083710201608,0.015170920776102124
44721,200094,Stark County Area JVSD CTPD,3,2.5049987540451886,41.148381322465674,757.9144793185775,0.06087721250598844,0.003305120593945338
44730,200115,Canton Local CTPD,1,86.40821157520601,93.7281012635043,434.2232372933414,0.9219029342361329,0.1989949043579917
44730,200094,Stark County Area JVSD CTPD,2,6.690814866036294,93.7281012635043,757.9144793185775,0.07138536656392881,0.008827928544196494
44730,200090,Canton City CTPD,3,0.6290748222607448,93.7281012635043,43.71765327964252,0.006711699199924932,0.01438949200307782
44802,200116,Millstream Career Cooperative CTPD,1,42.42648742310196,71.84986055466557,2388.520578896221,0.5904880969229244,0.017762663549127977
44802,200085,Vanguard-Sentinel JVSD CTPD,2,29.42337313156125,71.84986055466557,3029.4650751669283,0.4095119030770428,0.009712398856402057
44804,200116,Millstream Career Cooperative CTPD,1,50.27047926582992,50.40270296060747,2388.520578896221,0.9973766546829663,0.02104670133889356
44804,200039,Penta County JVSD CTPD,2,0.13222369477544166,50.40270296060747,2464.0528453178504,0.002623345316991866,5.3661062921881234e-05
44805,200003,Heartland Technical Education Center CTPD,1,329.13828971550674,396.15970583566195,1643.0960551292524,0.83082222867977,0.20031591499963491
44805,200083,Pioneer CTC JVSD CTPD,2,66.24183859375306,396.15970583566195,2622.425815431423,0.16720993482671864,0.025259756902925173
44805,200066,Medina County JVSD CTPD,3,0.7795775264191553,396.15970583566195,1177.7737438212796,0.0019678364935543087,6.61907714031577e-4
44807,200085,Vanguard-Sentinel JVSD CTPD,1,160.6054183771382,181.5151160840018,3029.4650751669283,0.884804647910497,0.05301444789499301
44807,200083,Pioneer CTC JVSD CTPD,2,20.9096977068632,181.5151160840018,2622.425815431423,0.11519535208950081,0.007973418193117993
44809,200085,Vanguard-Sentinel JVSD CTPD,1,1.2630977191599757,1.2630977191601098,3029.4650751669283,0.9999999999998939,4.1693754105759975e-4
44811,200032,EHOVE JVSD CTPD,1,249.5570100584898,307.1685093241695,1917.2910542461188,0.8124433413033249,0.13016125512389454
44811,200085,Vanguard-Sentinel JVSD CTPD,2,57.61149926567655,307.1685093241695,3029.4650751669283,0.18755665869666477,0.019017053452085785
44813,200051,Knox County JVSD CTPD,1,149.53864716650833,177.37711298307195,1516.7319841515923,0.8430549164523813,0.09859266418130894
44813,200083,Pioneer CTC JVSD CTPD,2,27.838465816560642,177.37711298307195,2622.425815431423,0.15694508354760187,0.010615539876380012
44814,200032,EHOVE JVSD CTPD,1,52.15526315623066,66.23011809011572,1917.2910542461188,0.7874855829981433,0.027202579932100176
44814,200058,Lorain County JVSD CTPD,2,14.074854933883826,66.23011809011572,1194.5523890836828,0.21251441700183799,0.011782534665290289
44815,200085,Vanguard-Sentinel JVSD CTPD,1,2.9776147084895337,2.9776147084897757,3029.4650751669283,0.9999999999999187,9.828846461699058e-4
44817,200039,Penta County JVSD CTPD,1,76.07286630548892,80.19300439767594,2464.0528453178504,0.9486222255528012,0.03087306607487791
44817,200116,Millstream Career Cooperative CTPD,2,2.969739345398946,80.19300439767594,2388.520578896221,0.03703239911890634,0.0012433383960088452
44817,200085,Vanguard-Sentinel JVSD CTPD,3,1.1503987467883543,80.19300439767594,3029.4650751669283,0.014345375328296016,3.7973659317560064e-4
44818,200083,Pioneer CTC JVSD CTPD,1,177.45631322755258,195.2612155150553,2622.425815431423,0.9088149572328669,0.06766876385342428
44818,200085,Vanguard-Sentinel JVSD CTPD,2,17.80490228750625,195.2612155150553,3029.4650751669283,0.09118504276715121,0.005877242960632306
44820,200083,Pioneer CTC JVSD CTPD,1,416.71995554086396,417.3471664613411,2622.425815431423,0.9984971482475964,0.1589062893938558
44820,200111,Tri-Rivers JVSD CTPD,2,0.627210920481421,417.3471664613411,2192.3195189319144,0.0015028517524139453,2.8609466597596803e-4
44822,200051,Knox County JVSD CTPD,1,118.47310509964323,118.48548666154385,1516.7319841515923,0.9998955014470593,0.07811077127506677
44822,200003,Heartland Technical Education Center CTPD,2,0.012381561900811735,118.48548666154385,1643.0960551292524,1.0449855294243685e-4,7.535507046079393e-6
44824,200032,EHOVE JVSD CTPD,1,66.5325679895649,66.53256798956296,1917.2910542461188,1,0.03470133960215319
44825,200083,Pioneer CTC JVSD CTPD,1,0.2534393235843019,0.25343932358431814,2622.425815431423,0.9999999999999358,9.6643085990445e-5
44826,200032,EHOVE JVSD CTPD,1,73.14804585393709,73.14804585393658,1917.2910542461188,1,0.038151769232918575
44827,200083,Pioneer CTC JVSD CTPD,1,125.89561331725996,125.89561331726074,2622.425815431423,0.9999999999999938,0.04800731161828824
44828,200032,EHOVE JVSD CTPD,1,0.40442260319289564,0.40442260319289564,1917.2910542461188,1,2.1093438176600428e-4
44830,200085,Vanguard-Sentinel JVSD CTPD,1,230.67307906597017,307.8395618464481,3029.4650751669283,0.7493288961378884,0.0761431715971374
44830,200116,Millstream Career Cooperative CTPD,2,65.36836519639556,307.8395618464481,2388.520578896221,0.2123455633977339,0.02736772116345067
44830,200039,Penta County JVSD CTPD,3,11.798117584085704,307.8395618464481,2464.0528453178504,0.0383255404643886,0.004788094381378337
44833,200083,Pioneer CTC JVSD CTPD,1,222.74413008569954,234.88194815326563,2622.425815431423,0.9483237508757127,0.08493820064422118
44833,200111,Tri-Rivers JVSD CTPD,2,12.137818067570944,234.88194815326563,2192.3195189319144,0.051676249124307974,0.005536518724918537
44836,200085,Vanguard-Sentinel JVSD CTPD,1,75.21781506556742,92.71024458559,3029.4650751669283,0.811321503915637,0.024828744745117353
44836,200032,EHOVE JVSD CTPD,2,17.492429520022622,92.71024458559,1917.2910542461188,0.18867849608436346,0.009123512823618042
44837,200032,EHOVE JVSD CTPD,1,112.36791561561073,173.61587202042085,1917.2910542461188,0.6472214452973165,0.05860764611964141
44837,200083,Pioneer CTC JVSD CTPD,2,32.580473974111285,173.61587202042085,2622.425815431423,0.18765838396548873,0.012423792422418391
44837,200003,Heartland Technical Education Center CTPD,3,28.66748243070189,173.61587202042085,1643.0960551292524,0.1651201707372123,0.01744723465266113
44838,200003,Heartland Technical Education Center CTPD,1,0.7114066771421284,0.7114066771421507,1643.0960551292524,0.9999999999999686,4.329671871107781e-4
44839,200032,EHOVE JVSD CTPD,1,94.0680920681815,95.4010705136734,1917.2910542461188,0.986027636395329,0.04906302142277985
44839,200058,Lorain County JVSD CTPD,2,1.3329784454949387,95.4010705136734,1194.5523890836828,0.013972363604702831,0.0011158811096744277
44840,200003,Heartland Technical Education Center CTPD,1,123.10194214747858,126.68666554913355,1643.0960551292524,0.971704019628927,0.07492072162378535
44840,200105,Wayne County JVSD CTPD,2,3.5847234016592715,126.68666554913355,1507.3824723502335,0.028295980371106932,0.0023781113734659223
44841,200085,Vanguard-Sentinel JVSD CTPD,1,51.398422310369014,51.39842231036871,3029.4650751669283,1,0.016966170936146833
44842,200003,Heartland Technical Education Center CTPD,1,189.29264564435852,189.29729459695267,1643.0960551292524,0.9999754409982242,0.11520485674190728
44842,200051,Knox County JVSD CTPD,2,0.004648952586233616,189.29729459695267,1516.7319841515923,2.4559001733923646e-5,3.065111459909036e-6
44843,200083,Pioneer CTC JVSD CTPD,1,65.8781105809019,71.16537839204003,2622.425815431423,0.9257044938058039,0.025121057836316373
44843,200003,Heartland Technical Education Center CTPD,2,3.5301463616074957,71.16537839204003,1643.0960551292524,0.049604828097174126,0.002148472300561759
44843,200081,Madison Local CTPD,3,1.755596769988656,71.16537839204003,124.82219763776297,0.024669253640686364,0.014064780169016414
44843,200051,Knox County JVSD CTPD,4,0.0015246795415263623,71.16537839204003,1516.7319841515923,2.1424456329412286e-5,1.0052399220546638e-6
44844,200085,Vanguard-Sentinel JVSD CTPD,1,47.60636739196169,47.61219283996692,3029.4650751669283,0.9998776479792726,0.015714446679778445
44844,200116,Millstream Career Cooperative CTPD,2,0.005825448002181598,47.61219283996692,2388.520578896221,1.2235202066331977e-4,2.4389356548368715e-6
44846,200032,EHOVE JVSD CTPD,1,58.43861637782878,58.438616377828595,1917.2910542461188,1,0.030479783571934996
44847,200032,EHOVE JVSD CTPD,1,155.39000448370783,177.99273856425495,1917.2910542461188,0.8730131674872367,0.0810466434606129
44847,200083,Pioneer CTC JVSD CTPD,2,14.245219194751032,177.99273856425495,2622.425815431423,0.08003258621479405,0.005432077090961488
44847,200085,Vanguard-Sentinel JVSD CTPD,3,8.357514885796904,177.99273856425495,3029.4650751669283,0.0469542462979739,0.0027587427741963297
44849,200083,Pioneer CTC JVSD CTPD,1,82.19426079909356,130.4477127354802,2622.425815431423,0.6300935376748673,0.03134283544473556
44849,200085,Vanguard-Sentinel JVSD CTPD,2,26.6400090411226,130.4477127354802,3029.4650751669283,0.2042198248055356,0.008793634645104695
44849,200111,Tri-Rivers JVSD CTPD,3,21.61344289527201,130.4477127354802,2192.3195189319144,0.1656866375196582,0.009858710242110125
44850,200083,Pioneer CTC JVSD CTPD,1,0.991002661921531,0.9910026619214714,2622.425815431423,1,3.7789540359542954e-4
44851,200032,EHOVE JVSD CTPD,1,157.08365684663355,198.95540818245348,1917.2910542461188,0.7895420299536611,0.081930000402781325
44851,200003,Heartland Technical Education Center CTPD,2,20.44386791847749,198.95540818245348,1643.0960551292524,0.10275603013379407,0.012442284098155964
44851,200058,Lorain County JVSD CTPD,3,12.26138569223039,198.95540818245348,1194.5523890836828,0.061628813231284454,0.010264418542275782
44851,200066,Medina County JVSD CTPD,4,9.166497725111252,198.95540818245348,1177.7737438212796,0.046073126681256384,0.00778290208386766
44853,200085,Vanguard-Sentinel JVSD CTPD,1,70.72769088981104,70.72769088981318,3029.4650751669283,0.9999999999999699,0.02334659391507058
44854,200083,Pioneer CTC JVSD CTPD,1,99.4183059484353,106.09052249763899,2622.425815431423,0.9371082695030353,0.037910817291157466
44854,200085,Vanguard-Sentinel JVSD CTPD,2,6.6722165492078735,106.09052249763899,3029.4650751669283,0.06289173049700421,0.002202440491524803
44855,200032,EHOVE JVSD CTPD,1,70.39285240054727,72.24805964594331,1917.2910542461188,0.9743217014479334,0.03671474513201952
44855,200083,Pioneer CTC JVSD CTPD,2,1.855207245395236,72.24805964594331,2622.425815431423,0.025678298552055365,7.074393618604728e-4
44856,200083,Pioneer CTC JVSD CTPD,1,0.10315976823299378,0.10315976823299472,2622.425815431423,0.9999999999999909,3.933753535598972e-5
44857,200032,EHOVE JVSD CTPD,1,212.55067892556542,212.55067892556139,1917.2910542461188,1,0.11085989185358225
44859,200003,Heartland Technical Education Center CTPD,1,66.5673194730101,81.03297374172274,1643.0960551292524,0.8214843464239734,0.04051334629232839
44859,200083,Pioneer CTC JVSD CTPD,2,11.21905802096653,81.03297374172274,2622.425815431423,0.1384505282593374,0.004278122170300878
44859,200032,EHOVE JVSD CTPD,3,2.8194861971020697,81.03297374172274,1917.2910542461188,0.034794307390083545,0.001470557217099568
44859,200066,Medina County JVSD CTPD,4,0.4271100506441593,81.03297374172274,1177.7737438212796,0.005270817926607158,3.626418511066509e-4
44861,200085,Vanguard-Sentinel JVSD CTPD,1,0.5554445053264498,0.5554445053266185,3029.4650751669283,0.9999999999996964,1.8334738692963608e-4
44864,200003,Heartland Technical Education Center CTPD,1,122.88245706438204,157.98502435121486,1643.0960551292524,0.7778107929470791,0.07478714143386804
44864,200083,Pioneer CTC JVSD CTPD,2,20.58521930104059,157.98502435121486,2622.425815431423,0.13029854814135927,0.00784968603493329
44864,200051,Knox County JVSD CTPD,3,14.51734798578945,157.98502435121486,1516.7319841515923,0.09189065891154395,0.009571465583558557
44865,200083,Pioneer CTC JVSD CTPD,1,93.71907818617848,99.77080615899101,2622.425815431423,0.939343699767558,0.03573755171059452
44865,200032,EHOVE JVSD CTPD,2,6.051727972811813,99.77080615899101,1917.2910542461188,0.0606563002324348,0.003156395039453913
44866,200003,Heartland Technical Education Center CTPD,1,64.52665774303851,71.2959627101945,1643.0960551292524,0.9050534601142561,0.039271384981788296
44866,200105,Wayne County JVSD CTPD,2,4.933895379717443,71.2959627101945,1507.3824723502335,0.0692030122346879,0.003273154272534937
44866,200066,Medina County JVSD CTPD,3,1.835409587439279,71.2959627101945,1177.7737438212796,0.02574352765106623,0.0015583719683581194
44867,200085,Vanguard-Sentinel JVSD CTPD,1,139.21898667816032,159.58277649492567,3029.4650751669283,0.8723935611095671,0.04595497331174519
44867,200032,EHOVE JVSD CTPD,2,20.363789816763067,159.58277649492567,1917.2910542461188,0.12760643889041862,0.010621125974412964
44870,200032,EHOVE JVSD CTPD,1,135.23598622578365,167.1513644611695,1917.2910542461188,0.8090630110123928,0.07053492787455716
44870,200033,Sandusky City CTPD,2,24.324828673593295,167.1513644611695,24.324857762366324,0.14552575596380568,0.9999988041544451
44874,200083,Pioneer CTC JVSD CTPD,1,1.104822967310071,1.104822967309907,2622.425815431423,1,4.212980824124145e-4
44875,200083,Pioneer CTC JVSD CTPD,1,212.28394380640364,212.28394380639696,2622.425815431423,1,0.08094945624666991
44878,200083,Pioneer CTC JVSD CTPD,1,133.41805119916276,150.75431599288336,2622.425815431423,0.8850031942399647,0.050875815214324285
44878,200032,EHOVE JVSD CTPD,2,17.3351537434917,150.75431599288336,1917.2910542461188,0.11498943582026558,0.009041482619501348
44878,200003,Heartland Technical Education Center CTPD,3,0.0011110502305030823,150.75431599288336,1643.0960551292524,7.369939780400924e-6,6.761931093649194e-7
44880,200066,Medina County JVSD CTPD,1,76.7754184999275,78.5733199374206,1177.7737438212796,0.9771181688781251,0.06518689935371638
44880,200003,Heartland Technical Education Center CTPD,2,1.797901437490657,78.5733199374206,1643.0960551292524,0.022881831121843752,0.001094215661876948
44881,200083,Pioneer CTC JVSD CTPD,1,0.16064373374781757,0.16064373374783994,2622.425815431423,0.9999999999998608,6.125768469884803e-5
44882,200085,Vanguard-Sentinel JVSD CTPD,1,145.89360853678156,185.61847402224828,3029.4650751669283,0.7859864666234392,0.048158207774929566
44882,200083,Pioneer CTC JVSD CTPD,2,39.7248654854675,185.61847402224828,2622.425815431423,0.214013533376565,0.015148136985118963
44883,200085,Vanguard-Sentinel JVSD CTPD,1,420.62477274331917,430.5871856745,3029.4650751669283,0.9768631922578581,0.13884456902680817
44883,200083,Pioneer CTC JVSD CTPD,2,9.962412931186263,430.5871856745,2622.425815431423,0.02313680774215444,0.0037989303158027818
44887,200083,Pioneer CTC JVSD CTPD,1,77.71069134321905,77.71069134322036,2622.425815431423,0.9999999999999831,0.02963313237916499
44889,200032,EHOVE JVSD CTPD,1,121.38210097481168,200.1342664301703,1917.2910542461188,0.6065033396825307,0.06330916774789797
44889,200058,Lorain County JVSD CTPD,2,78.75216545535052,200.1342664301703,1194.5523890836828,0.3934966603174288,0.06592608760822934
44890,200083,Pioneer CTC JVSD CTPD,1,151.23310556423218,221.73015938616294,2622.425815431423,0.6820592470726825,0.057669164433294895
44890,200032,EHOVE JVSD CTPD,2,49.277370354178494,221.73015938616294,1917.2910542461188,0.22224026939139813,0.02570155962760407
44890,200085,Vanguard-Sentinel JVSD CTPD,3,21.219683467753104,221.73015938616294,3029.4650751669283,0.09570048353592316,0.007004432446406026
44901,200082,Mansfield City CTPD,1,0.04740926497897506,0.047409264978960156,47.407071373362186,1,0.0010000462716963805
44902,200082,Mansfield City CTPD,1,5.087008410013254,5.0979888098429065,47.407071373362186,0.9978461310451581,0.10730484424886075
44902,200081,Madison Local CTPD,2,0.0109803998292787,5.0979888098429065,124.82219763776297,0.0021538689547686667,8.79683264441801e-5
44903,200083,Pioneer CTC JVSD CTPD,1,199.32206242251047,301.6002370813125,2622.425815431423,0.6608816503309728,0.07600674964745167
44903,200081,Madison Local CTPD,2,79.6953437797025,301.6002370813125,124.82219763776297,0.26424164831878544,0.6384709233447428
44903,200082,Mansfield City CTPD,3,11.14527063016003,301.6002370813125,47.407071373362186,0.03695378603815628,0.23509721877530926
44903,200051,Knox County JVSD CTPD,4,5.817606559168577,301.6002370813125,1516.7319841515923,0.019289131253567713,0.003835619357907024
44903,200003,Heartland Technical Education Center CTPD,5,5.619953689765152,301.6002370813125,1643.0960551292524,0.018633784058498578,0.003420343973330923
44904,200083,Pioneer CTC JVSD CTPD,1,125.25319747773348,136.70340674391852,2622.425815431423,0.9162404980321062,0.047762341546781835
44904,200051,Knox County JVSD CTPD,2,9.525126130411312,136.70340674391852,1516.7319841515923,0.0696773135160734,0.006280032484275289
44904,200081,Madison Local CTPD,3,1.9006191893807463,136.70340674391852,124.82219763776297,0.013903232074831219,0.01522661213589901
44904,200082,Mansfield City CTPD,4,0.02446394639337249,136.70340674391852,47.407071373362186,1.7895637699212504e-4,5.160400270394824e-4
44905,200081,Madison Local CTPD,1,30.837485844266617,33.333240979990094,124.82219763776297,0.9251271384855233,0.24705129718800292
44905,200082,Mansfield City CTPD,2,2.4908545055943243,33.333240979990094,47.407071373362186,0.07472584220327035,0.05254183465536586
44905,200083,Pioneer CTC JVSD CTPD,3,0.004900630129694938,33.333240979990094,2622.425815431423,1.4701931122259552e-4,1.8687392798139922e-6
44906,200083,Pioneer CTC JVSD CTPD,1,27.962976386102824,50.66892130855315,2622.425815431423,0.5518762915006549,0.010663019034344945
44906,200082,Mansfield City CTPD,2,22.705944922449238,50.66892130855315,47.407071373362186,0.4481237084993236,0.47895692065904755
44907,200081,Madison Local CTPD,1,10.622171654595062,20.19888371228656,124.82219763776297,0.5258791429218347,0.08509841883589377
44907,200082,Mansfield City CTPD,2,5.906119693769235,20.19888371228656,47.407071373362186,0.2923983215060873,0.12458309536260147
44907,200083,Pioneer CTC JVSD CTPD,3,3.6705923639196025,20.19888371228656,2622.425815431423,0.18172253557194637,0.001399693498409122
45001,200044,Great Oaks Career Campuses,1,2.3399513624556736,2.366467572297506,4960.960625789521,0.9887950250608806,4.7167303652672667e-4
45001,200043,Cincinnati City CTPD,2,0.02651591797668394,2.366467572297506,234.8746593822758,0.011204851605441914,1.1289390710100968e-4
45002,200044,Great Oaks Career Campuses,1,67.51028880179659,68.6311299110947,4960.960625789521,0.9836686193167727,0.013608309739618733
45002,200008,Butler County JVSD CTPD,2,1.120841109296985,68.6311299110947,1357.3936636394697,0.016331380683210828,8.257303237233071e-4
45003,200079,College Corner Local CTPD,1,24.843371362998486,41.60593729043165,24.86660612588072,0.5971112052969386,0.9990656238827039
45003,200073,Miami Valley Career Technology JVSD CTPD,2,13.48352151123423,41.60593729043165,3723.287686710252,0.3240768599229493,0.0036214020096705796
45003,200008,Butler County JVSD CTPD,3,3.2777885654043777,41.60593729043165,1357.3936636394697,0.07878175036710901,0.0024147663667560587
45005,200103,Warren County JVSD CTPD,1,72.17022990161607,96.40595400568633,811.8932344134014,0.7486076004948744,0.08889128131947001
45005,200073,Miami Valley Career Technology JVSD CTPD,2,20.793717185029188,96.40595400568633,3723.287686710252,0.2156891386999055,0.005584773172175069
45005,200008,Butler County JVSD CTPD,3,3.44200691903847,96.40595400568633,1357.3936636394697,0.03570326080519311,0.002535747006369321
45011,200008,Butler County JVSD CTPD,1,158.25793166770003,158.25793166769435,1357.3936636394697,1,0.11658956123559312
45013,200008,Butler County JVSD CTPD,1,296.24133438932483,306.2032292184491,1357.3936636394697,0.9674663952612422,0.2182427561913299
45013,200044,Great Oaks Career Campuses,2,9.96189482912536,306.2032292184491,4960.960625789521,0.03253360473876134,0.002008057628463833
45014,200008,Butler County JVSD CTPD,1,59.37786582741186,59.37786582741253,1357.3936636394697,0.9999999999999888,0.04374402755660933
45015,200008,Butler County JVSD CTPD,1,14.869580079696537,14.869580079696119,1357.3936636394697,1,0.010954508244740098
45030,200044,Great Oaks Career Campuses,1,106.65990907276976,106.70567163009206,4960.960625789521,0.9995711328496115,0.021499849952103817
45030,200008,Butler County JVSD CTPD,2,0.010786957135006785,106.70567163009206,1357.3936636394697,1.0109075712864691e-4,7.946815595178625e-6
45032,200044,Great Oaks Career Campuses,1,0.9931190562825128,0.9931190562824999,4960.960625789521,1,2.0018684508798357e-4
45033,200044,Great Oaks Career Campuses,1,0.8043475943172574,0.8043475943171577,4960.960625789521,1,1.6213545218155163e-4
45034,200103,Warren County JVSD CTPD,1,2.0020539457313458,2.002053945731178,811.8932344134014,1,0.0024659079062012926
45036,200103,Warren County JVSD CTPD,1,200.8221704488638,210.81078667281284,811.8932344134014,0.9526180971021574,0.24735046670755823
45036,200044,Great Oaks Career Campuses,2,5.013848883645255,210.81078667281284,4960.960625789521,0.02378364486361392,0.001010660890469639
45036,200008,Butler County JVSD CTPD,3,4.974767340301557,210.81078667281284,1357.3936636394697,0.023598258034218163,0.003664940741629157
45039,200103,Warren County JVSD CTPD,1,41.18386508608119,41.18386508607977,811.8932344134014,1,0.050725715328613155
45040,200044,Great Oaks Career Campuses,1,59.0543076750637,73.80338947808949,4960.960625789521,0.8001571214096549,0.011903804954240167
45040,200103,Warren County JVSD CTPD,2,14.748952000654102,73.80338947808949,811.8932344134014,0.1998411198313964,0.01816612255835624
45040,200008,Butler County JVSD CTPD,3,1.2980236521363257e-4,73.80338947808949,1357.3936636394697,1.7587588609621768e-6,9.562617587708786e-8
45041,200044,Great Oaks Career Campuses,1,0.49894905287461166,0.4989490528745949,4960.960625789521,1,1.0057508827641734e-4
45042,200008,Butler County JVSD CTPD,1,117.34294948122543,129.10410269071002,1357.3936636394697,0.9089017857344135,0.08644725006790092
45042,200073,Miami Valley Career Technology JVSD CTPD,2,10.956547129294679,129.10410269071002,3723.287686710252,0.08486598722228741,0.002942707642066586
45042,200103,Warren County JVSD CTPD,3,0.8046060801936127,129.10410269071002,811.8932344134014,0.006232227043327802,9.91024492001028e-4
45044,200008,Butler County JVSD CTPD,1,95.15270924801165,99.2836625647931,1357.3936636394697,0.9583924161330615,0.07009956786809096
45044,200103,Warren County JVSD CTPD,2,4.130953316784248,99.2836625647931,811.8932344134014,0.04160758386696666,0.005088049932783207
45050,200008,Butler County JVSD CTPD,1,21.814597651380257,21.815306148719205,1357.3936636394697,0.9999675229247704,0.016070944071516102
45050,200103,Warren County JVSD CTPD,2,7.084973390176892e-4,21.815306148719205,811.8932344134014,3.2477075232762004e-5,8.726484086661759e-7
45051,200044,Great Oaks Career Campuses,1,1.1660348364128768,1.166034836412996,4960.960625789521,0.9999999999998977,2.3504214694856725e-4
45052,200044,Great Oaks Career Campuses,1,36.636766679620166,36.63692710510374,4960.960625789521,0.9999956212079929,0.007385014605672171
45053,200008,Butler County JVSD CTPD,1,61.84186312275946,70.32936918218684,1357.3936636394697,0.8793177564632969,0.04555926904575927
45053,200044,Great Oaks Career Campuses,2,8.487506059427169,70.32936918218684,4960.960625789521,0.12068224353670018,0.0017108593878582556
45054,200044,Great Oaks Career Campuses,1,46.32722751452381,80.61630401583254,4960.960625789521,0.5746632530489791,0.009338358235236141
45054,200103,Warren County JVSD CTPD,2,34.289076501304976,80.61630401583254,811.8932344134014,0.4253367469509743,0.04223347978269468
45055,200008,Butler County JVSD CTPD,1,0.5766223565626144,0.5766223565626294,1357.3936636394697,0.999999999999974,4.2480112586982583e-4
45056,200008,Butler County JVSD CTPD,1,194.14883027269505,194.15861037753558,1357.3936636394697,0.9999496282713318,0.1430306000929307
45056,200073,Miami Valley Career Technology JVSD CTPD,2,0.003435339262276888,194.15861037753558,3723.287686710252,1.7693468528627054e-5,9.226628591013381e-7
45056,200079,College Corner Local CTPD,3,0.0015165516105350107,194.15861037753558,24.86660612588072,7.810890320991285e-6,6.098747866346791e-5
45062,200008,Butler County JVSD CTPD,1,2.064184005959049,2.064184005958885,1357.3936636394697,1,0.0015206966565797276
45064,200008,Butler County JVSD CTPD,1,52.68496714093774,83.75960725261807,1357.3936636394697,0.629002079511195,0.03881332921481142
45064,200073,Miami Valley Career Technology JVSD CTPD,2,31.074640111675517,83.75960725261807,3723.287686710252,0.3709979204887475,0.008346021776021242
45065,200103,Warren County JVSD CTPD,1,7.816859772039786,7.816859772039543,811.8932344134014,1,0.009627940523100334
45066,200103,Warren County JVSD CTPD,1,52.6426352911071,52.83390539932618,811.8932344134014,0.996379784784535,0.06483935702351526
45066,200073,Miami Valley Career Technology JVSD CTPD,2,0.19127010821897567,52.83390539932618,3723.287686710252,0.0036202152154630432,5.1371294488386496e-5
45067,200008,Butler County JVSD CTPD,1,51.3057501780781,51.30575017807741,1357.3936636394697,1,0.03779725186024233
45068,200103,Warren County JVSD CTPD,1,132.22865494718891,194.08264087849287,811.8932344134014,0.681300781711703,0.16286458532041476
45068,200044,Great Oaks Career Campuses,2,41.196623229452356,194.08264087849287,4960.960625789521,0.2122633072333546,0.008304162507416805
45068,200042,Greene County JVSD CTPD,3,20.65736270185102,194.08264087849287,1085.567353150921,0.10643591105493945,0.019029093535184022
45069,200008,Butler County JVSD CTPD,1,72.40151119033209,75.1107582257502,1357.3936636394697,0.9639299735561808,0.05333862469654366
45069,200044,Great Oaks Career Campuses,2,2.709247035416754,75.1107582257502,4960.960625789521,0.03607002644380101,5.461133920984479e-4
45070,200073,Miami Valley Career Technology JVSD CTPD,1,1.0473405707363785,1.047340570736371,3723.287686710252,1,2.8129455977165353e-4
45101,200007,Southern Hills JVSD CTPD,1,46.22493700358822,46.86594807251644,1580.3127231076317,0.9863224559559454,0.029250499807840842
45101,200107,Ohio Valley Local CTPD,2,0.6410101505953669,46.86594807251644,1568.0952366417685,0.013677524449169823,4.087826655019715e-4
45102,200044,Great Oaks Career Campuses,1,50.53602343795356,57.658121530394496,4960.960625789521,0.8764771049870829,0.010186741490194938
45102,200012,U S Grant JVSD CTPD,2,7.122098092441789,57.658121530394496,567.187950148519,0.12352289501293191,0.012556857194474701
45103,200044,Great Oaks Career Campuses,1,184.77890042123536,227.72178830023034,4960.960625789521,0.8114238949222605,0.03724659685075174
45103,200012,U S Grant JVSD CTPD,2,42.94288787899722,227.72178830023034,567.187950148519,0.1885761050777493,0.0757119185408515
45105,200107,Ohio Valley Local CTPD,1,0.02437001433005929,0.024370014330111444,1568.0952366417685,0.9999999999978599,1.554115704238098e-5
45106,200012,U S Grant JVSD CTPD,1,152.73167081204707,193.17148336480585,567.187950148519,0.790653300123042,0.26927876512900895
45106,200007,Southern Hills JVSD CTPD,2,40.28729073370063,193.17148336480585,1580.3127231076317,0.2085571329263842,0.02549323949912713
45106,200044,Great Oaks Career Campuses,3,0.15252181905843318,193.17148336480585,4960.960625789521,7.895669505751764e-4,3.07444123352944e-5
45107,200044,Great Oaks Career Campuses,1,143.26527686143334,209.45674700612634,4960.960625789521,0.6839850179533391,0.028878535362016327
45107,200007,Southern Hills JVSD CTPD,2,34.373173070917574,209.45674700612634,1580.3127231076317,0.1641063062528714,0.021750867767060617
45107,200103,Warren County JVSD CTPD,3,31.818297073769255,209.45674700612634,811.8932344134014,0.15190867579376,0.03919024783690703
45111,200044,Great Oaks Career Campuses,1,3.6404731701192556,3.6404731701188284,4960.960625789521,1,7.338242418603929e-4
45112,200012,U S Grant JVSD CTPD,1,1.0199227777224331,1.0199228106448055,567.187950148519,0.9999999677207215,0.001798209530818426
45113,200044,Great Oaks Career Campuses,1,87.04516891718006,98.37747130677909,4960.960625789521,0.8848079520741033,0.017546030997439555
45113,200103,Warren County JVSD CTPD,2,11.332302389599242,98.37747130677909,811.8932344134014,0.11519204792589892,0.01395787267249112
45115,200007,Southern Hills JVSD CTPD,1,11.726930444654524,11.727002015277208,1580.3127231076317,0.999993896937803,0.00742063913881166
45115,200107,Ohio Valley Local CTPD,2,7.157062274260807e-5,11.727002015277208,1568.0952366417685,6.1030622020334205e-6,4.564175763704484e-8
45118,200007,Southern Hills JVSD CTPD,1,92.44819640071492,106.53806732065351,1580.3127231076317,0.8677480146365756,0.058499938049551774
45118,200044,Great Oaks Career Campuses,2,14.089870919944183,106.53806732065351,4960.960625789521,0.13225198536347688,0.002840149717516015
45119,200007,Southern Hills JVSD CTPD,1,0.03854628208149597,0.03854628208148479,1580.3127231076317,1,2.4391553341224773e-5
45120,200012,U S Grant JVSD CTPD,1,76.73573323641378,101.9363813425178,567.187950148519,0.7527806287195247,0.13529154351096565
45120,200007,Southern Hills JVSD CTPD,2,25.200449671786128,101.9363813425178,1580.3127231076317,0.24721742463183735,0.01594649546466366
45121,200007,Southern Hills JVSD CTPD,1,267.2093904690005,280.7405752739009,1580.3127231076317,0.9518018199125691,0.16908640078752402
45121,200012,U S Grant JVSD CTPD,2,13.53116479981601,280.7405752739009,567.187950148519,0.048198108829172644,0.02385658016231278
45122,200044,Great Oaks Career Campuses,1,101.80587844125618,109.73157791342928,4960.960625789521,0.9277719356371059,0.0205214042441738
45122,200103,Warren County JVSD CTPD,2,7.925699472168259,109.73157791342928,811.8932344134014,0.07222806436285,0.00976199718906961
45123,200044,Great Oaks Career Campuses,1,279.5399021919309,279.5399021919284,4960.960625789521,1,0.05634793808657632
45130,200007,Southern Hills JVSD CTPD,1,81.3042577686823,98.25307624856826,1580.3127231076317,0.8274983427795429,0.05144820805390988
45130,200012,U S Grant JVSD CTPD,2,16.94881847988957,98.25307624856826,567.187950148519,0.17250165722049388,0.02988219068379626
45131,200007,Southern Hills JVSD CTPD,1,0.7651301147929132,0.7651301147929132,1580.3127231076317,1,4.841637377242085e-4
45132,200044,Great Oaks Career Campuses,1,0.393042618851766,0.39304261885179953,4960.960625789521,0.9999999999999147,7.922711920117578e-5
45133,200044,Great Oaks Career Campuses,1,534.8795726074472,823.253853460274,4960.960625789521,0.6497140224236531,0.10781774195644273
45133,200007,Southern Hills JVSD CTPD,2,216.40756286460757,823.253853460274,1580.3127231076317,0.26286856958520183,0.13693970800858288
45133,200107,Ohio Valley Local CTPD,3,45.289070666008065,823.253853460274,1568.0952366417685,0.055012278989828606,0.028881581684412932
45133,200077,Pike County Career  Technology Center CTPD,4,26.677647322215208,823.253853460274,1208.185101192936,0.0324051290013215,0.022080761710994677
45135,200044,Great Oaks Career Campuses,1,193.7027592778995,193.70275927789933,4960.960625789521,1,0.03904541355779705
45140,200044,Great Oaks Career Campuses,1,81.79058277092913,115.89565183705211,4960.960625789521,0.7057260688772492,0.016486843766858647
45140,200103,Warren County JVSD CTPD,2,34.105069066124145,115.89565183705211,811.8932344134014,0.29427393112276085,0.04200683984115879
45142,200044,Great Oaks Career Campuses,1,150.2910181730566,160.56167982184053,4960.960625789521,0.9360329210545115,0.03029474118213512
45142,200007,Southern Hills JVSD CTPD,2,10.270661648784458,160.56167982184053,1580.3127231076317,0.06396707894549185,0.006499132417656898
45144,200107,Ohio Valley Local CTPD,1,168.63718668951591,186.2731828520295,1568.0952366417685,0.9053218724644698,0.10754269431407061
45144,200007,Southern Hills JVSD CTPD,2,17.635994099158914,186.2731828520295,1580.3127231076317,0.09467811645849464,0.011159812764449764
45146,200044,Great Oaks Career Campuses,1,67.30319901837802,67.30319901837719,4960.960625789521,1,0.013566565851884167
45147,200044,Great Oaks Career Campuses,1,0.5855046630536914,0.5855046630536764,4960.960625789521,1,1.1802243702760898e-4
45148,200044,Great Oaks Career Campuses,1,61.324790873106835,63.03089197194719,4960.960625789521,0.9729323027889296,0.01236147502447617
45148,200007,Southern Hills JVSD CTPD,2,1.7061010988416931,63.03089197194719,1580.3127231076317,0.027067697211091635,0.0010795971416889582
45150,200044,Great Oaks Career Campuses,1,84.52229472563687,84.52229472563835,4960.960625789521,0.9999999999999826,0.01703748549953174
45152,200103,Warren County JVSD CTPD,1,126.95765962713038,126.96230623001445,811.8932344134014,0.9999634017132956,0.15637235814492062
45152,200044,Great Oaks Career Campuses,2,0.004646602883689571,126.96230623001445,4960.960625789521,3.659828670149892e-5,9.366336954045223e-7
45153,200012,U S Grant JVSD CTPD,1,74.79418534785415,74.7941857347334,567.187950148519,0.9999999948274154,0.1318684314930689
45154,200007,Southern Hills JVSD CTPD,1,150.91748572376346,170.34647890144515,1580.3127231076317,0.8859442631102318,0.09549849439102744
45154,200044,Great Oaks Career Campuses,2,19.42899317769172,170.34647890144515,4960.960625789521,0.11405573688982715,0.00391637721869636
45155,200007,Southern Hills JVSD CTPD,1,1.2674036250951588,1.2674036250951886,1580.3127231076317,0.9999999999999766,8.019954573312884e-4
45156,200012,U S Grant JVSD CTPD,1,0.4700794047575593,0.4700794047575593,567.187950148519,1,8.287894773407445e-4
45157,200012,U S Grant JVSD CTPD,1,106.18933725600036,107.74856225247588,567.187950148519,0.9855290412801802,0.18722072150544544
45157,200044,Great Oaks Career Campuses,2,1.5592105745116622,107.74856225247588,4960.960625789521,0.014470824871501562,3.1429609951067063e-4
45158,200044,Great Oaks Career Campuses,1,6.768264973595381,6.768264973595947,4960.960625789521,0.9999999999999163,0.0013643053199032865
45159,200044,Great Oaks Career Campuses,1,141.73358900020682,141.73358900020708,4960.960625789521,0.9999999999999982,0.028569787122156482
45160,200044,Great Oaks Career Campuses,1,0.789151482111901,0.7891514821119606,4960.960625789521,0.9999999999999245,1.590723131341745e-4
45162,200044,Great Oaks Career Campuses,1,36.81638257706871,62.3905880137463,4960.960625789521,0.5900951369292605,0.007421220476066467
45162,200103,Warren County JVSD CTPD,2,25.57420543667972,62.3905880137463,811.8932344134014,0.40990486307077345,0.03149946859103619
45164,200044,Great Oaks Career Campuses,1,0.4541390507815182,0.45416565540789255,4960.960625789521,0.9999414208757146,9.154256303117573e-5
45164,200042,Greene County JVSD CTPD,2,2.660462639480829e-5,0.45416565540789255,1085.567353150921,5.8579124330557984e-5,2.4507577827931955e-8
45166,200044,Great Oaks Career Campuses,1,1.9152233807783128,1.9152233807783798,4960.960625789521,0.999999999999965,3.860589763244716e-4
45167,200007,Southern Hills JVSD CTPD,1,162.37375659668825,162.37450828552855,1580.3127231076317,0.9999953706474727,0.1027478639021432
45167,200107,Ohio Valley Local CTPD,2,7.511794451475144e-4,162.37450828552855,1568.0952366417685,4.6262153652012775e-6,4.790394279598985e-7
45168,200007,Southern Hills JVSD CTPD,1,71.66401085820843,71.6640108582078,1580.3127231076317,1,0.04534799334987544
45169,200044,Great Oaks Career Campuses,1,221.1086653218521,243.52549079478013,4960.960625789521,0.9079487514848342,0.04456972792172954
45169,200042,Greene County JVSD CTPD,2,22.416825472927766,243.52549079478013,1085.567353150921,0.09205124851516473,0.020649870694675602
45171,200007,Southern Hills JVSD CTPD,1,153.373311345767,210.80783138792478,1580.3127231076317,0.727550349225557,0.09705250682546146
45171,200044,Great Oaks Career Campuses,2,57.43452004215265,210.80783138792478,4960.960625789521,0.2724496507744187,0.01157729810302861
45172,200107,Ohio Valley Local CTPD,1,1.1427743936185017,1.1427743936184496,1568.0952366417685,1,7.287659364783649e-4
45174,200044,Great Oaks Career Campuses,1,3.35198519046399,3.351985190464288,4960.960625789521,0.9999999999999111,6.756726052286561e-4
45176,200012,U S Grant JVSD CTPD,1,59.767859569987685,139.01924183070201,567.187950148519,0.4299250865054575,0.10537575693266647
45176,200007,Southern Hills JVSD CTPD,2,47.86281056409945,139.01924183070201,1580.3127231076317,0.344289106556824,0.030286923508391964
45176,200044,Great Oaks Career Campuses,3,31.388571696613134,139.01924183070201,4960.960625789521,0.22578580693770592,0.0063271156665585795
45177,200044,Great Oaks Career Campuses,1,446.44938788203274,446.4493878820287,4960.960625789521,1,0.08999252797153208
45202,200043,Cincinnati City CTPD,1,7.648844615146398,7.648850355336566,234.8746593822758,0.9999992495355641,0.032565644311152955
45203,200043,Cincinnati City CTPD,1,3.326744147916734,3.326755649388999,234.8746593822758,0.9999965427360837,0.014163912602007068
45204,200043,Cincinnati City CTPD,1,8.339844118707228,8.79274081334879,234.8746593822758,0.9484919771598418,0.03550763688446065
45204,200044,Great Oaks Career Campuses,2,0.45288971945257855,8.79274081334879,4960.960625789521,0.05150722955065608,9.129073048841274e-5
45205,200043,Cincinnati City CTPD,1,7.240115440928132,7.247408323844299,234.8746593822758,0.9989937253994405,0.03082544306810174
45205,200044,Great Oaks Career Campuses,2,0.00729288291684119,7.247408323844299,4960.960625789521,0.0010062746006523847,1.4700545855835231e-6
45206,200043,Cincinnati City CTPD,1,5.282303304944173,5.282303304944603,234.8746593822758,0.9999999999999186,0.022489881704721645
45207,200043,Cincinnati City CTPD,1,3.0417561835384817,3.0463297927701696,234.8746593822758,0.9984986493443545,0.012950550696011013
45207,200044,Great Oaks Career Campuses,2,0.004573609231560258,3.0463297927701696,4960.960625789521,0.001501350655603595,9.21920082934015e-7
45208,200043,Cincinnati City CTPD,1,11.161584107324433,11.162328568137404,234.8746593822758,0.9999333059577644,0.04752144883011042
45208,200044,Great Oaks Career Campuses,2,7.444608128373511e-4,11.162328568137404,4960.960625789521,6.669404222362674e-5,1.5006384226620877e-7
45209,200043,Cincinnati City CTPD,1,5.441558213522981,5.881264763350695,234.8746593822758,0.9252360559300509,0.023167923810232947
45209,200044,Great Oaks Career Campuses,2,0.43970654982788115,5.881264763350695,4960.960625789521,0.07476394406997755,8.863334805401792e-5
45211,200043,Cincinnati City CTPD,1,16.856453273671985,23.342637619204165,234.8746593822758,0.7221314724007047,0.07176786681885876
45211,200044,Great Oaks Career Campuses,2,3.5578753707682265,23.342637619204165,4960.960625789521,0.15241959494076776,7.171746843288041e-4
45211,200008,Butler County JVSD CTPD,3,2.9283089747628197,23.342637619204165,1357.3936636394697,0.1254489326584789,0.0021573026699648664
45212,200044,Great Oaks Career Campuses,1,7.735948214806151,9.490287648899914,4960.960625789521,0.8151437028047174,0.0015593649694760478
45212,200043,Cincinnati City CTPD,2,1.7543394340932021,9.490287648899914,234.8746593822758,0.1848562971952236,0.007469258023437452
45213,200043,Cincinnati City CTPD,1,8.101243304076105,8.101243304075556,234.8746593822758,1,0.0344917724431512
45214,200043,Cincinnati City CTPD,1,7.012956305020421,7.012956305020168,234.8746593822758,1,0.029858292603657674
45215,200044,Great Oaks Career Campuses,1,29.426197904365647,31.081870094145806,4960.960625789521,0.9467318991822181,0.005931552399628764
45215,200043,Cincinnati City CTPD,2,1.6556721897799218,31.081870094145806,234.8746593822758,0.05326810081777427,0.007049173351158302
45216,200043,Cincinnati City CTPD,1,6.1223679146004555,7.24343359713833,234.8746593822758,0.8452300739002045,0.026066532382430625
45216,200044,Great Oaks Career Campuses,2,1.1210656825377523,7.24343359713833,4960.960625789521,0.15476992609977852,2.259775408637391e-4
45217,200044,Great Oaks Career Campuses,1,3.974447382765458,5.672746315356385,4960.960625789521,0.7006213854489574,8.011447142120661e-4
45217,200043,Cincinnati City CTPD,2,1.6982989325909041,5.672746315356385,234.8746593822758,0.2993786145510387,0.007230660544894277
45218,200044,Great Oaks Career Campuses,1,3.3741076020058545,3.374107602005988,4960.960625789521,0.9999999999999604,6.801319051930343e-4
45219,200043,Cincinnati City CTPD,1,4.13883048448398,4.138830484483927,234.8746593822758,1,0.017621443264118707
45220,200043,Cincinnati City CTPD,1,7.523060560078993,7.5230605600789335,234.8746593822758,1,0.03203010737669515
45223,200043,Cincinnati City CTPD,1,11.764252394775175,12.027486847826987,234.8746593822758,0.9781139271751214,0.05008736330141085
45223,200008,Butler County JVSD CTPD,2,0.26323445305195453,12.027486847826987,1357.3936636394697,0.021886072824890534,1.939263900393975e-4
45224,200043,Cincinnati City CTPD,1,9.887427579193051,15.75076606908831,234.8746593822758,0.6277426466638748,0.04209661274314201
45224,200044,Great Oaks Career Campuses,2,5.863338489894022,15.75076606908831,4960.960625789521,0.37225735333604665,0.001181895792402281
45225,200043,Cincinnati City CTPD,1,7.654033683792308,7.654033683792576,234.8746593822758,0.9999999999999649,0.03258773723790613
45226,200043,Cincinnati City CTPD,1,15.29544245111712,15.956399025592722,234.8746593822758,0.9585773348099729,0.06512172275776529
45226,200044,Great Oaks Career Campuses,2,0.6609565744612813,15.956399025592722,4960.960625789521,0.04142266518912961,1.3323157031831757e-4
45227,200043,Cincinnati City CTPD,1,8.477301354581199,15.144949287894155,234.8746593822758,0.5597444529812575,0.036092873436737026
45227,200044,Great Oaks Career Campuses,2,6.66764793331421,15.144949287894155,4960.960625789521,0.4402555470188253,0.0013440235543601144
45229,200043,Cincinnati City CTPD,1,6.993061803871587,7.021023113254927,234.8746593822758,0.9960174879170314,0.029773589974599446
45229,200044,Great Oaks Career Campuses,2,0.02796130938374554,7.021023113254927,4960.960625789521,0.003982512083026423,5.636269160934045e-6
45230,200044,Great Oaks Career Campuses,1,22.629135677307314,36.600788741407456,4960.960625789521,0.6182690716636488,0.004561442306086829
45230,200043,Cincinnati City CTPD,2,13.971652975059957,36.600788741407456,234.8746593822758,0.38173092590361174,0.059485569928257195
45231,200044,Great Oaks Career Campuses,1,34.82296686009523,38.854922433169946,4960.960625789521,0.8962305077301431,0.00701939996843923
45231,200008,Butler County JVSD CTPD,2,3.9855447588020767,38.854922433169946,1357.3936636394697,0.10257502805872722,0.002936174571580037
45231,200043,Cincinnati City CTPD,3,0.04641081427558139,38.854922433169946,234.8746593822758,0.0011944642112053498,1.975982185461922e-4
45232,200043,Cincinnati City CTPD,1,10.514562005319775,10.544935139922142,234.8746593822758,0.9971196470912962,0.04476669400169965
45232,200044,Great Oaks Career Campuses,2,0.030373134603549727,10.544935139922142,4960.960625789521,0.0028803529088158985,6.122430088570989e-6
45233,200044,Great Oaks Career Campuses,1,21.41568600920025,28.746418095966266,4960.960625789521,0.7449862427279358,0.0043168425683265755
45233,200043,Cincinnati City CTPD,2,7.3307210193650745,28.746418095966266,234.8746593822758,0.2550133722710215,0.03121120447239813
45236,200044,Great Oaks Career Campuses,1,12.331948183625087,17.819614846301914,4960.960625789521,0.6920434751250711,0.0024857984398258546
45236,200043,Cincinnati City CTPD,2,5.487666662677854,17.819614846301914,234.8746593822758,0.3079565248749865,0.0233642346820662
45237,200043,Cincinnati City CTPD,1,14.93757640642398,15.775763025201499,234.8746593822758,0.9468687113619462,0.06359807586612387
45237,200044,Great Oaks Career Campuses,2,0.8381866187768431,15.775763025201499,4960.960625789521,0.05313128863801104,1.6895651507886102e-4
45238,200044,Great Oaks Career Campuses,1,13.988859810284538,26.638104814878442,4960.960625789521,0.5251447093364991,0.0028197885178857384
45238,200043,Cincinnati City CTPD,2,12.649245004593395,26.638104814878442,234.8746593822758,0.4748552906634817,0.053855298983130476
45239,200008,Butler County JVSD CTPD,1,10.603944737158399,16.229940205493612,1357.3936636394697,0.6533569811655319,0.00781198927120884
45239,200043,Cincinnati City CTPD,2,3.0581644582498746,16.229940205493612,234.8746593822758,0.18842733981328705,0.013020410402266883
45239,200044,Great Oaks Career Campuses,3,2.567831010087174,16.229940205493612,4960.960625789521,0.15821567902129416,5.176076175122861e-4
45240,200044,Great Oaks Career Campuses,1,21.21984587438268,25.409361704174994,4960.960625789521,0.8351192021835032,0.0042773663157235015
45240,200008,Butler County JVSD CTPD,2,4.1895158297938,25.409361704174994,1357.3936636394697,0.1648807978165553,0.0030864412749362557
45241,200044,Great Oaks Career Campuses,1,38.27158461700529,45.38417781400764,4960.960625789521,0.8432803338169744,0.007714551173426112
45241,200008,Butler County JVSD CTPD,2,7.112593197001262,45.38417781400764,1357.3936636394697,0.15671966618300154,0.0052398897884426855
45242,200044,Great Oaks Career Campuses,1,35.23592823495319,35.235928234953555,4960.960625789521,0.9999999999999897,0.007102642188244642
45243,200044,Great Oaks Career Campuses,1,50.312446436618266,50.46189388654123,4960.960625789521,0.9970384098096083,0.010141674210246568
45243,200043,Cincinnati City CTPD,2,0.14944744992353395,50.46189388654123,234.8746593822758,0.002961590190402927,6.362859676585937e-4
45244,200044,Great Oaks Career Campuses,1,57.982529029151735,57.99086040157043,4960.960625789521,0.9998563330090121,0.011687762391769437
45244,200043,Cincinnati City CTPD,2,0.008331372419434425,57.99086040157043,234.8746593822758,1.4366699100068543e-4,3.5471567862391244e-5
45245,200044,Great Oaks Career Campuses,1,28.609675110226863,41.12827350320321,4960.960625789521,0.6956206199124465,0.005766962745380332
45245,200012,U S Grant JVSD CTPD,2,12.518598392968803,41.12827350320321,567.187950148519,0.3043793800873701,0.022071340531283835
45246,200044,Great Oaks Career Campuses,1,20.082342067764916,24.422617451567397,4960.960625789521,0.8222845936800304,0.004048075278680301
45246,200008,Butler County JVSD CTPD,2,4.340275383802101,24.422617451567397,1357.3936636394697,0.17771540631995408,0.003197506736671271
45247,200008,Butler County JVSD CTPD,1,49.16719644317926,55.155992463161006,1357.3936636394697,0.8914207549799471,0.036221766581222455
45247,200044,Great Oaks Career Campuses,2,5.9887960199825985,55.155992463161006,4960.960625789521,0.10857924502006829,0.001207184751447105
45248,200044,Great Oaks Career Campuses,1,29.30359167808466,29.461787267039284,4960.960625789521,0.9946304822745222,0.005906838188908441
45248,200043,Cincinnati City CTPD,2,0.15819558895557373,29.461787267039284,234.8746593822758,0.00536951772551005,6.73531956881303e-4
45249,200044,Great Oaks Career Campuses,1,17.004957183347717,17.663473746907666,4960.960625789521,0.9627187396434274,0.0034277549180591273
45249,200103,Warren County JVSD CTPD,2,0.6585165635598302,17.663473746907666,811.8932344134014,0.037281260356565836,8.110876352302814e-4
45251,200008,Butler County JVSD CTPD,1,30.368182733104856,30.851166171709522,1357.3936636394697,0.9843447266817563,0.02237242116754922
45251,200044,Great Oaks Career Campuses,2,0.48298343860809506,30.851166171709522,4960.960625789521,0.015655273318354826,9.735683772560275e-5
45252,200008,Butler County JVSD CTPD,1,29.762014344117745,29.766381781589182,1357.3936636394697,0.9998532761723113,0.021925853303542957
45252,200044,Great Oaks Career Campuses,2,0.00436743747189641,29.766381781589182,4960.960625789521,1.4672382770410195e-4,8.803612447944688e-7
45255,200044,Great Oaks Career Campuses,1,31.626631358453135,34.0422407876806,4960.960625789521,0.9290408218338659,0.006375102272338607
45255,200012,U S Grant JVSD CTPD,2,2.415594098162486,34.0422407876806,567.187950148519,0.07095872781196752,0.004258895305392083
45267,200043,Cincinnati City CTPD,1,0.11867790213280917,0.11867790213279612,234.8746593822758,1,5.052818488164453e-4
45301,200042,Greene County JVSD CTPD,1,0.28858530348038675,0.28858530348041656,1085.567353150921,0.9999999999998967,2.658382297908568e-4
45302,200069,Upper Valley JVSD CTPD,1,135.20788298274516,135.2406341236531,1556.5267871892206,0.9997578306171058,0.08686511796363225
45302,200121,Tri Star CTPD,2,0.032751140913784504,135.2406341236531,1371.2610113749988,2.4216938293737596e-4,2.38839583726982e-5
45303,200073,Miami Valley Career Technology JVSD CTPD,1,78.80190843561093,80.71150146042586,3723.287686710252,0.9763405092178685,0.021164603722909507
45303,200117,Greenville City CTPD,2,1.9095930248129926,80.71150146042586,328.0479395985172,0.023659490782107388,0.0058210791604119076
45304,200073,Miami Valley Career Technology JVSD CTPD,1,219.8436418021158,220.79773265997247,3723.287686710252,0.9956788919597922,0.05904556948065457
45304,200069,Upper Valley JVSD CTPD,2,0.9527301127527952,220.79773265997247,1556.5267871892206,0.004314945182068492,6.120871934836645e-4
45304,200117,Greenville City CTPD,3,0.0013607451005065814,220.79773265997247,328.0479395985172,6.162858124100952e-6,4.148006849766942e-6
45305,200042,Greene County JVSD CTPD,1,36.056898771588806,36.05702102283561,1085.567353150921,0.9999966095023011,0.03321479654572478
45305,200120,Centerville-Kettering-Oakwood CTPD,2,1.222512491941452e-4,36.05702102283561,143.0778563092319,3.39049776510159e-6,8.544386416436484e-7
45306,200069,Upper Valley JVSD CTPD,1,76.46118785721681,80.85041129491138,1556.5267871892206,0.9457117982778794,0.049122950203311685
45306,200121,Tri Star CTPD,2,4.38922343769431,80.85041129491138,1371.2610113749988,0.054288201722117416,0.0032008665026457086
45307,200042,Greene County JVSD CTPD,1,0.44274964484421164,0.4427496448441446,1085.567353150921,1,4.078509210498138e-4
45308,200069,Upper Valley JVSD CTPD,1,66.7362319451427,132.97399886465396,1556.5267871892206,0.501874295087338,0.042875093762861055
45308,200117,Greenville City CTPD,2,45.32959236060451,132.97399886465396,328.0479395985172,0.3408906458979451,0.13817978072376041
45308,200073,Miami Valley Career Technology JVSD CTPD,3,20.908174558902903,132.97399886465396,3723.287686710252,0.15723505901468787,0.005615514114993497
45309,200073,Miami Valley Career Technology JVSD CTPD,1,170.88429242117115,170.88429242117172,3723.287686710252,0.9999999999999967,0.045896075404304223
45310,200121,Tri Star CTPD,1,0.450791804307729,0.4507918043078147,1371.2610113749988,0.99999999999981,3.287425228080455e-4
45311,200073,Miami Valley Career Technology JVSD CTPD,1,219.59278024359685,221.12370299366725,3723.287686710252,0.9930766230424685,0.058978193124158036
45311,200008,Butler County JVSD CTPD,2,1.5197013179668821,221.12370299366725,1357.3936636394697,0.006872629652056816,0.0011195730160491763
45311,200079,College Corner Local CTPD,3,0.010554719412859528,221.12370299366725,24.86660612588072,4.773219365434471e-5,4.2445355668678747e-4
45312,200073,Miami Valley Career Technology JVSD CTPD,1,69.37763170035686,70.7948387538507,3723.287686710252,0.9799814918934785,0.01863343301351397
45312,200056,Ohio Hi-Point JVSD CTPD,2,1.4171494770429134,70.7948387538507,3696.2096246781216,0.020017694820525758,3.834061433045274e-4
45312,200011,Springfield-Clark County JVSD CTPD,3,5.757645110270823e-5,70.7948387538507,1058.5124427647388,8.132859981911678e-7,5.4393740476327086e-8
45314,200042,Greene County JVSD CTPD,1,120.05331997247065,133.61929872146038,1085.567353150921,0.898472908638227,0.11059039277849417
45314,200011,Springfield-Clark County JVSD CTPD,2,13.56597874898845,133.61929872146038,1058.5124427647388,0.1015270913617633,0.012816078678825294
45315,200073,Miami Valley Career Technology JVSD CTPD,1,28.16618382795681,28.16618382795604,3723.287686710252,1,0.007564869061419029
45316,200042,Greene County JVSD CTPD,1,0.3299858292234149,0.3299858292234354,1085.567353150921,0.9999999999999379,3.039754541858801e-4
45317,200056,Ohio Hi-Point JVSD CTPD,1,25.004260309628506,55.86374419999277,3696.2096246781216,0.4475937062169159,0.006764838266391875
45317,200073,Miami Valley Career Technology JVSD CTPD,2,23.29140706293589,55.86374419999277,3723.287686710252,0.4169324379610578,0.0062556023124593
45317,200069,Upper Valley JVSD CTPD,3,7.568076827426374,55.86374419999277,1556.5267871892206,0.13547385582199042,0.004862156494648462
45318,200069,Upper Valley JVSD CTPD,1,121.87071181713617,122.24698113905978,1556.5267871892206,0.9969220563287726,0.07829657209896822
45318,200073,Miami Valley Career Technology JVSD CTPD,2,0.3762693219265938,122.24698113905978,3723.287686710252,0.00307794367125169,1.0105835315106965e-4
45319,200011,Springfield-Clark County JVSD CTPD,1,0.9221849703111052,0.9221849703108669,1058.5124427647388,1,8.712084365323486e-4
45320,200073,Miami Valley Career Technology JVSD CTPD,1,347.91912441163566,347.9191244116388,3723.287686710252,0.999999999999991,0.09344406172359007
45321,200073,Miami Valley Career Technology JVSD CTPD,1,36.65604820042944,36.65604820042926,3723.287686710252,1,0.009845075450728132
45322,200073,Miami Valley Career Technology JVSD CTPD,1,55.107237829535606,55.107237829537,3723.287686710252,0.9999999999999747,0.014800692953765859
45323,200011,Springfield-Clark County JVSD CTPD,1,15.844431312149212,16.148588516474486,1058.5124427647388,0.9811650904340662,0.01496858295851959
45323,200042,Greene County JVSD CTPD,2,0.30415720432508736,16.148588516474486,1085.567353150921,0.01883490956592224,2.80182711318882e-4
45324,200042,Greene County JVSD CTPD,1,63.98227400190382,88.040718813647,1085.567353150921,0.7267350251573146,0.058939018215858854
45324,200011,Springfield-Clark County JVSD CTPD,2,20.03976435485971,88.040718813647,1058.5124427647388,0.22761927236506602,0.01893200641318647
45324,200072,Mad River Local CTPD,3,4.018665571631163,88.040718813647,28.38780517383198,0.045645533405257004,0.1415630953863101
45324,200071,Dayton City CTPD,4,1.0327349364757538e-5,88.040718813647,127.30381237968355,1.17301965544115e-7,8.112364564508268e-8
45324,200073,Miami Valley Career Technology JVSD CTPD,5,4.557900473082555e-6,88.040718813647,3723.287686710252,5.177036869417341e-8,1.2241601661218216e-9
45325,200073,Miami Valley Career Technology JVSD CTPD,1,66.72690439753359,66.72690439753491,3723.287686710252,0.9999999999999802,0.017921501106590777
45326,200073,Miami Valley Career Technology JVSD CTPD,1,60.79344266252843,60.79344266252911,3723.287686710252,0.9999999999999888,0.016327892920958542
45327,200073,Miami Valley Career Technology JVSD CTPD,1,122.65008227494884,124.71838828569027,3723.287686710252,0.983416190353554,0.03294133910541776
45327,200008,Butler County JVSD CTPD,2,2.0683060107435325,124.71838828569027,1357.3936636394697,0.016583809646462874,0.0015237333620653209
45328,200117,Greenville City CTPD,1,0.9873059488669634,0.9873059488666878,328.0479395985172,1,0.0030096392316174333
45330,200073,Miami Valley Career Technology JVSD CTPD,1,2.408688646717515,2.4086886467175486,3723.287686710252,0.999999999999986,6.469252041186578e-4
45331,200117,Greenville City CTPD,1,272.7689519454577,393.07216015481947,328.0479395985172,0.6939411629610758,0.8314911298613461
45331,200073,Miami Valley Career Technology JVSD CTPD,2,120.25208457647807,393.07216015481947,3723.287686710252,0.3059287753401674,0.032297285274436587
45332,200073,Miami Valley Career Technology JVSD CTPD,1,35.099261475514545,35.099730259897946,3723.287686710252,0.9999866442169233,0.009426953925907039
45333,200069,Upper Valley JVSD CTPD,1,59.381416711469946,59.38141671147072,1556.5267871892206,0.999999999999987,0.03814994846230757
45334,200069,Upper Valley JVSD CTPD,1,69.81499647088671,69.87256881437136,1556.5267871892206,0.9991760379722463,0.044853064557249786
45334,200056,Ohio Hi-Point JVSD CTPD,2,0.05752382574004521,69.87256881437136,3696.2096246781216,8.232676530451781e-4,1.556292298899432e-5
45334,200001,Apollo JVSD CTPD,3,4.851774398982525e-5,69.87256881437136,1957.9614365927205,6.943746997297477e-7,2.477972399408269e-8
45335,200042,Greene County JVSD CTPD,1,198.2822439158923,214.12168660962374,1085.567353150921,0.9260259764224203,0.18265310147764374
45335,200044,Great Oaks Career Campuses,2,15.838258189467371,214.12168660962374,4960.960625789521,0.073968491656536,0.0031925788943238716
45335,200037,Tolles Career & Technical Center CTPD,3,0.0011845042676881421,214.12168660962374,1773.906133035386,5.531921060605471e-6,6.677378501766044e-7
45336,200069,Upper Valley JVSD CTPD,1,1.3824321552785337,1.382432155278638,1556.5267871892206,0.9999999999999245,8.881518562073273e-4
45337,200073,Miami Valley Career Technology JVSD CTPD,1,43.02217254435107,53.90121152890795,3723.287686710252,0.7981670786987357,0.01155488808933906
45337,200069,Upper Valley JVSD CTPD,2,10.87903898455864,53.90121152890795,1556.5267871892206,0.20183292130129699,0.006989304054448065
45338,200073,Miami Valley Career Technology JVSD CTPD,1,127.9062637906628,127.90626379066515,3723.287686710252,0.9999999999999817,0.03435304348014957
45339,200073,Miami Valley Career Technology JVSD CTPD,1,18.662501042711405,36.77096965538772,3723.287686710252,0.507533557521428,0.005012371488060018
45339,200069,Upper Valley JVSD CTPD,2,18.108468612676383,36.77096965538772,1556.5267871892206,0.49246644247857396,0.011633894618271681
45340,200069,Upper Valley JVSD CTPD,1,62.41873658903474,62.41873658903506,1556.5267871892206,0.9999999999999948,0.040101292893102485
45341,200011,Springfield-Clark County JVSD CTPD,1,18.340696695384203,18.36201668002832,1058.5124427647388,0.9988389083282282,0.01732685980287578
45341,200042,Greene County JVSD CTPD,2,0.020076583180427172,18.36201668002832,1085.567353150921,0.0010933757184886845,1.8494092625532396e-5
45341,200073,Miami Valley Career Technology JVSD CTPD,3,0.001243401463866234,18.36201668002832,3723.287686710252,6.77159532927903e-5,3.339525624905052e-7
45342,200073,Miami Valley Career Technology JVSD CTPD,1,87.48949364073056,89.96353899200196,3723.287686710252,0.9724994661282572,0.023497913941222408
45342,200103,Warren County JVSD CTPD,2,1.3980052906889404,89.96353899200196,811.8932344134014,0.015539687592917253,0.0017219077970258112
45342,200120,Centerville-Kettering-Oakwood CTPD,3,1.0760400605818776,89.96353899200196,143.0778563092319,0.011960846278819033,0.007520661046641972
45344,200011,Springfield-Clark County JVSD CTPD,1,145.92369629912594,182.02600537313117,1058.5124427647388,0.8016640039976711,0.13785732732435949
45344,200073,Miami Valley Career Technology JVSD CTPD,2,34.10899114066632,182.02600537313117,3723.287686710252,0.18738526437882894,0.009160987280787765
45344,200056,Ohio Hi-Point JVSD CTPD,3,1.993317933328271,182.02600537313117,3696.2096246781216,0.010950731623441451,5.392870361084717e-4
45345,200073,Miami Valley Career Technology JVSD CTPD,1,57.856999435538185,57.856999435537354,3723.287686710252,1,0.015539223477694339
45346,200073,Miami Valley Career Technology JVSD CTPD,1,104.23308386774313,104.23308386774787,3723.287686710252,0.9999999999999546,0.02799490467518488
45347,200073,Miami Valley Career Technology JVSD CTPD,1,143.78533193765074,143.7861510936452,3723.287686710252,0.9999943029562428,0.0386178410147763
45348,200073,Miami Valley Career Technology JVSD CTPD,1,58.69375008691931,77.40469684740782,3723.287686710252,0.7582711705805858,0.015763957831251757
45348,200121,Tri Star CTPD,2,18.71094676048567,77.40469684740782,1371.2610113749988,0.24172882941937746,0.013645065822825167
45349,200011,Springfield-Clark County JVSD CTPD,1,0.45782494769036025,0.45782494769030807,1058.5124427647388,1,4.3251730371214424e-4
45350,200073,Miami Valley Career Technology JVSD CTPD,1,0.5045234231497049,0.504523423149623,3723.287686710252,1,1.3550481875212862e-4
45351,200121,Tri Star CTPD,1,0.8811918019897211,0.8811918019897491,1371.2610113749988,0.9999999999999682,6.426142030437571e-4
45352,200073,Miami Valley Career Technology JVSD CTPD,1,0.38190270237119495,0.3819027023710981,3723.287686710252,1,1.0257136555263848e-4
45353,200069,Upper Valley JVSD CTPD,1,7.254310562512776,7.254310562512875,1556.5267871892206,0.9999999999999865,0.004660575469833466
45354,200073,Miami Valley Career Technology JVSD CTPD,1,2.343487722807869,2.3434877228078843,3723.287686710252,0.9999999999999936,6.294135506027689e-4
45356,200069,Upper Valley JVSD CTPD,1,171.39508687302956,197.50303008646907,1556.5267871892206,0.8678099105517056,0.11011380484015644
45356,200073,Miami Valley Career Technology JVSD CTPD,2,26.107943213435426,197.50303008646907,3723.287686710252,0.13219008944827365,0.007012067132664508
45358,200073,Miami Valley Career Technology JVSD CTPD,1,0.4048528249080628,0.4048528249082044,3723.287686710252,0.9999999999996502,1.0873530572271587e-4
45359,200069,Upper Valley JVSD CTPD,1,36.040576810250876,36.040576810251125,1556.5267871892206,0.9999999999999931,0.023154485426706357
45360,200069,Upper Valley JVSD CTPD,1,0.45001509901268033,0.45001509901282194,1556.5267871892206,0.9999999999996854,2.891149080866887e-4
45361,200073,Miami Valley Career Technology JVSD CTPD,1,1.1659676677758395,1.16596766777578,3723.287686710252,1,3.1315540615827137e-4
45362,200073,Miami Valley Career Technology JVSD CTPD,1,82.7599815007703,82.76123582953751,3723.287686710252,0.9999848440063196,0.02222766234158331
45362,200121,Tri Star CTPD,2,0.0012543287697583437,82.76123582953751,1371.2610113749988,1.515599371113636e-5,9.14726488504618e-7
45363,200069,Upper Valley JVSD CTPD,1,58.201830172789606,59.10854661857845,1556.5267871892206,0.9846601464989523,0.03739211599299913
45363,200073,Miami Valley Career Technology JVSD CTPD,2,0.9067164457880259,59.10854661857845,3723.287686710252,0.015339853501033895,2.4352575521478553e-4
45365,200069,Upper Valley JVSD CTPD,1,402.8150391876412,405.52815319634243,1556.5267871892206,0.9933096777934733,0.2587909456508908
45365,200056,Ohio Hi-Point JVSD CTPD,2,2.6584126204713883,405.52815319634243,3696.2096246781216,0.00655543295704128,7.192266917769556e-4
45365,200073,Miami Valley Career Technology JVSD CTPD,3,0.05470138823158294,405.52815319634243,3723.287686710252,1.348892494896611e-4,1.4691689934901296e-5
45368,200011,Springfield-Clark County JVSD CTPD,1,195.0714084347815,205.44199659698168,1058.5124427647388,0.9495206027298093,0.18428825260218257
45368,200042,Greene County JVSD CTPD,2,10.356469056142947,205.44199659698168,1085.567353150921,0.050410671759870844,0.009540144170771814
45368,200037,Tolles Career & Technical Center CTPD,3,0.014119106059908867,205.44199659698168,1773.906133035386,6.872551033276077e-5,7.959330991065027e-6
45369,200011,Springfield-Clark County JVSD CTPD,1,107.21295707382559,111.78730392687392,1058.5124427647388,0.9590799071776465,0.10128644004769093
45369,200037,Tolles Career & Technical Center CTPD,2,4.574346853052184,111.78730392687392,1773.906133035386,0.04092009282238804,0.0025786859675742124
45370,200042,Greene County JVSD CTPD,1,42.26506359517603,43.53351375653163,1085.567353150921,0.9708626744799508,0.03893361703674975
45370,200103,Warren County JVSD CTPD,2,1.268450161355814,43.53351375653163,811.8932344134014,0.029137325520054064,0.001562336163907411
45371,200073,Miami Valley Career Technology JVSD CTPD,1,134.03442014143585,134.03938687848265,3723.287686710252,0.9999629456896031,0.03599894271394948
45371,200069,Upper Valley JVSD CTPD,2,0.004966737049505114,134.03938687848265,1556.5267871892206,3.705431041704075e-5,3.1909101021473963e-6
45372,200011,Springfield-Clark County JVSD CTPD,1,0.5589602994142026,0.5589602994142399,1058.5124427647388,0.9999999999999333,5.280620962321886e-4
45373,200073,Miami Valley Career Technology JVSD CTPD,1,134.7094276817772,228.91943107570054,3723.287686710252,0.5884578126407742,0.03618023612910801
45373,200069,Upper Valley JVSD CTPD,2,94.21000339392965,228.91943107570054,1556.5267871892206,0.4115421873592534,0.06052578353890991
45377,200073,Miami Valley Career Technology JVSD CTPD,1,55.64317140462324,55.64317140462309,3723.287686710252,1,0.014944633906005615
45378,200073,Miami Valley Career Technology JVSD CTPD,1,0.7867607352644503,0.7867607352644699,3723.287686710252,0.9999999999999751,2.1130807003516848e-4
45380,200073,Miami Valley Career Technology JVSD CTPD,1,168.0510964866399,178.74597594772806,3723.287686710252,0.9401671595436881,0.04513513610201932
45380,200069,Upper Valley JVSD CTPD,2,7.083997328944912,178.74597594772806,1556.5267871892206,0.039631646482584514,0.004551156708158689
45380,200117,Greenville City CTPD,3,3.279691145536701,178.74597594772806,328.0479395985172,0.018348335553555646,0.0099975971486075
45380,200121,Tri Star CTPD,4,0.3311909866070878,178.74597594772806,1371.2610113749988,0.0018528584201746745,2.415229368149205e-4
45381,200073,Miami Valley Career Technology JVSD CTPD,1,140.17922331800003,140.17922331800048,3723.287686710252,0.9999999999999968,0.03764931294950694
45382,200073,Miami Valley Career Technology JVSD CTPD,1,52.96805333567888,52.968053335680366,3723.287686710252,0.9999999999999719,0.01422615113109332
45383,200073,Miami Valley Career Technology JVSD CTPD,1,61.26132831135574,61.26132831135726,3723.287686710252,0.9999999999999751,0.016453557572255126
45384,200042,Greene County JVSD CTPD,1,6.1420564123458865,6.14205641234599,1085.567353150921,0.9999999999999831,0.005657922923454006
45385,200042,Greene County JVSD CTPD,1,356.95800809460377,357.925428403851,1085.567353150921,0.9972971456273408,0.3288216130104805
45385,200044,Great Oaks Career Campuses,2,0.9674203092479539,357.925428403851,4960.960625789521,0.0027028543726611213,1.950066493611793e-4
45387,200042,Greene County JVSD CTPD,1,71.90499836090139,74.53841279333429,1085.567353150921,0.9646703715071808,0.06623725202512128
45387,200011,Springfield-Clark County JVSD CTPD,2,2.6334144324345763,74.53841279333429,1058.5124427647388,0.03532962849284166,0.002487844569456676
45388,200121,Tri Star CTPD,1,21.8890194353562,45.20294161764838,1371.2610113749988,0.4842388272096471,0.01596269364751173
45388,200073,Miami Valley Career Technology JVSD CTPD,2,21.5929221586034,45.20294161764838,3723.287686710252,0.47768842880289397,0.00579942351370706
45388,200069,Upper Valley JVSD CTPD,3,1.7210000236879661,45.20294161764838,1556.5267871892206,0.03807274398744094,0.0011056668204186524
45389,200056,Ohio Hi-Point JVSD CTPD,1,0.5392407057663277,0.5392407057662874,3696.2096246781216,1,1.4589018495218234e-4
45390,200073,Miami Valley Career Technology JVSD CTPD,1,135.255091282957,139.69413819793394,3723.287686710252,0.9682230981754782,0.036326790370169594
45390,200117,Greenville City CTPD,2,3.771444428145215,139.69413819793394,328.0479395985172,0.02699787175608915,0.011496625867429354
45402,200071,Dayton City CTPD,1,11.664331403914467,11.664331403914787,127.30381237968355,0.9999999999999726,0.09162593944261155
45403,200071,Dayton City CTPD,1,8.166777321655632,8.188138437743321,127.30381237968355,0.997391212147901,0.06415186763848221
45403,200072,Mad River Local CTPD,2,0.021361116087654723,8.188138437743321,28.38780517383198,0.0026087878520947333,7.524750841726048e-4
45404,200071,Dayton City CTPD,1,14.966083037060917,20.525554351742088,127.30381237968355,0.7291439140005826,0.11756193909122362
45404,200072,Mad River Local CTPD,2,5.557299489107623,20.525554351742088,28.38780517383198,0.2707502751873765,0.1957636194512977
45404,200042,Greene County JVSD CTPD,3,0.002171825575724244,20.525554351742088,1085.567353150921,1.0581081214695242e-4,2.000636413227053e-6
45405,200071,Dayton City CTPD,1,10.462397091485604,10.46239709148541,127.30381237968355,1,0.08218447582921956
45406,200071,Dayton City CTPD,1,12.708070478798081,12.90532198465664,127.30381237968355,0.9847154913226439,0.09982474398249966
45406,200073,Miami Valley Career Technology JVSD CTPD,2,0.19725150585834308,12.90532198465664,3723.287686710252,0.015284508677339381,5.2977777291398785e-5
45409,200120,Centerville-Kettering-Oakwood CTPD,1,6.66394785510423,9.642740555498605,143.0778563092319,0.6910844294472104,0.04657567583834599
45409,200071,Dayton City CTPD,2,2.978792700393254,9.642740555498605,127.30381237968355,0.3089155705526733,0.02339908479338393
45410,200071,Dayton City CTPD,1,6.239243765268617,6.239243765267834,127.30381237968355,1,0.04901065921466732
45414,200073,Miami Valley Career Technology JVSD CTPD,1,50.37281038262953,57.29154403681135,3723.287686710252,0.8792363904569171,0.013529121201788447
45414,200071,Dayton City CTPD,2,6.626667243025363,57.29154403681135,127.30381237968355,0.11566571218202029,0.05205395753004891
45414,200072,Mad River Local CTPD,3,0.29206641115379334,57.29154403681135,28.38780517383198,0.005097897361016014,0.010288446372142275
45415,200073,Miami Valley Career Technology JVSD CTPD,1,9.131279557249137,15.769611806963816,3723.287686710252,0.5790427607873512,0.0024524775750855744
45415,200071,Dayton City CTPD,2,6.638332249714792,15.769611806963816,127.30381237968355,0.42095723921265604,0.05214558877401071
45416,200071,Dayton City CTPD,1,5.000256135713101,5.014331066029005,127.30381237968355,0.9971930592275291,0.039278133484328334
45416,200073,Miami Valley Career Technology JVSD CTPD,2,0.014074930315471858,5.014331066029005,3723.287686710252,0.0028069407723846614,3.7802424899129682e-6
45417,200073,Miami Valley Career Technology JVSD CTPD,1,55.19498610267562,83.80804575887447,3723.287686710252,0.6585881534748828,0.014824260370662817
45417,200071,Dayton City CTPD,2,28.608672811382082,83.80804575887447,127.30381237968355,0.34135950256724246,0.22472754174915618
45417,200120,Centerville-Kettering-Oakwood CTPD,3,0.0043868448222689335,83.80804575887447,143.0778563092319,5.2343957940391524e-5,3.066054339525269e-5
45419,200120,Centerville-Kettering-Oakwood CTPD,1,8.358732659288142,9.65352317950876,143.0778563092319,0.8658737855450506,0.058420868713762016
45419,200071,Dayton City CTPD,2,1.2947905202197376,9.65352317950876,127.30381237968355,0.1341262144548583,0.01017086995288111
45420,200120,Centerville-Kettering-Oakwood CTPD,1,10.62784893247225,16.727895676551253,143.0778563092319,0.6353368730873964,0.07428018008253108
45420,200071,Dayton City CTPD,2,6.096413689733275,16.727895676551253,127.30381237968355,0.36444594153459936,0.04788869693509826
45420,200042,Greene County JVSD CTPD,3,0.0036330543452437122,16.727895676551253,1085.567353150921,2.1718537797533238e-4,3.3466871813145127e-6
45423,200071,Dayton City CTPD,1,0.025417996194422244,0.025417996194429696,127.30381237968355,0.9999999999997068,1.996640612663907e-4
45424,200073,Miami Valley Career Technology JVSD CTPD,1,62.76637005427474,82.73389904088458,3723.287686710252,0.7586535964327936,0.016857781438246205
45424,200042,Greene County JVSD CTPD,2,12.370880443175738,82.73389904088458,1085.567353150921,0.1495261384582204,0.011395774207163244
45424,200072,Mad River Local CTPD,3,7.591985000942543,82.73389904088458,28.38780517383198,0.09176389713230866,0.26743825225138834
45424,200011,Springfield-Clark County JVSD CTPD,4,0.004663542489023268,82.73389904088458,1058.5124427647388,5.636797664665467e-5,4.405751222765522e-6
45426,200073,Miami Valley Career Technology JVSD CTPD,1,51.55762623235917,51.62013274461043,3723.287686710252,0.9987891059373963,0.013847338849583612
45426,200071,Dayton City CTPD,2,0.06250651225217711,51.62013274461043,127.30381237968355,0.0012108940626213967,4.910026737121703e-4
45428,200071,Dayton City CTPD,1,1.1582167655170261,1.1582319516238906,127.30381237968355,0.9999868885443515,0.009098052476721163
45428,200073,Miami Valley Career Technology JVSD CTPD,2,1.5186106826834476e-5,1.1582319516238906,3723.287686710252,1.3111455616073193e-5,4.078682096212746e-9
45429,200120,Centerville-Kettering-Oakwood CTPD,1,25.733145302449973,25.75004858269727,143.0778563092319,0.9993435631706475,0.17985414351493592
45429,200073,Miami Valley Career Technology JVSD CTPD,2,0.016903280247718096,25.75004858269727,3723.287686710252,6.564368293687897e-4,4.539880253694057e-6
45430,200042,Greene County JVSD CTPD,1,12.5284645551624,12.528464555161356,1085.567353150921,1,0.01154093711348063
45431,200042,Greene County JVSD CTPD,1,18.78943547049103,30.36536110414711,1085.567353150921,0.6187785946640656,0.017308401377356848
45431,200072,Mad River Local CTPD,2,10.905596661202907,30.36536110414711,28.38780517383198,0.3591459565983389,0.38416484100911547
45431,200071,Dayton City CTPD,3,0.670328972454967,30.36536110414711,127.30381237968355,0.02207544873765449,0.005265584430855152
45432,200042,Greene County JVSD CTPD,1,14.28560120714439,18.506376459060743,1085.567353150921,0.7719285965432819,0.013159571504872195
45432,200071,Dayton City CTPD,2,3.845126662127875,18.506376459060743,127.30381237968355,0.20777307057564456,0.030204332378199222
45432,200120,Centerville-Kettering-Oakwood CTPD,3,0.3748176660831291,18.506376459060743,143.0778563092319,0.02025343356179367,0.0026196762780191624
45432,200072,Mad River Local CTPD,4,8.309237053577635e-4,18.506376459060743,28.38780517383198,4.489931928035228e-5,2.9270445540598297e-5
45433,200042,Greene County JVSD CTPD,1,18.53702548720826,18.542235203952135,1085.567353150921,0.9997190351278273,0.017075887031240845
45433,200073,Miami Valley Career Technology JVSD CTPD,2,0.005209716742292047,18.542235203952135,3723.287686710252,2.809648720873542e-4,1.3992248734599245e-6
45434,200042,Greene County JVSD CTPD,1,27.117563911036694,27.117563911036893,1085.567353150921,0.9999999999999927,0.024980084222620016
45435,200042,Greene County JVSD CTPD,1,0.44863819587828685,0.44863819587823006,1085.567353150921,1,4.1327532057415777e-4
45439,200073,Miami Valley Career Technology JVSD CTPD,1,12.013801848198495,20.806115664888345,3723.287686710252,0.5774168538567032,0.0032266649421370417
45439,200120,Centerville-Kettering-Oakwood CTPD,2,8.747504456966519,20.806115664888345,143.0778563092319,0.4204294832277845,0.06113807323238529
45439,200071,Dayton City CTPD,3,0.044809359721906486,20.806115664888345,127.30381237968355,0.0021536629154439027,3.519875711833562e-4
45440,200042,Greene County JVSD CTPD,1,15.216016351323962,23.827773197223543,1085.567353150921,0.6385832291326728,0.014016648812400823
45440,200120,Centerville-Kettering-Oakwood CTPD,2,8.611756845899716,23.827773197223543,143.0778563092319,0.36141677086733287,0.0601893057950719
45449,200073,Miami Valley Career Technology JVSD CTPD,1,18.06092123749599,18.060921237495123,3723.287686710252,1,0.00485079928203289
45458,200120,Centerville-Kettering-Oakwood CTPD,1,42.44485263670004,51.53246512349617,143.0778563092319,0.8236526728341461,0.2966556372284797
45458,200103,Warren County JVSD CTPD,2,8.014263543426148,51.53246512349617,811.8932344134014,0.15551873026489574,0.00987108058514185
45458,200042,Greene County JVSD CTPD,3,1.0719348189453668,51.53246512349617,1085.567353150921,0.020801155473088737,9.874420189903601e-4
45458,200073,Miami Valley Career Technology JVSD CTPD,4,0.0014141244250990858,51.53246512349617,3723.287686710252,2.7441427878720228e-5,3.7980530759054765e-7
45459,200120,Centerville-Kettering-Oakwood CTPD,1,30.434700797617047,36.943514598398856,143.0778563092319,0.8238171470273729,0.21271426328780754
45459,200073,Miami Valley Career Technology JVSD CTPD,2,5.26161578027081,36.943514598398856,3723.287686710252,0.14242325987302923,0.001413163908620707
45459,200042,Greene County JVSD CTPD,3,1.2471980205115694,36.943514598398856,1085.567353150921,0.0337595930996133,0.0011488905012586332
45469,200071,Dayton City CTPD,1,0.046567335709915496,0.04656733570993506,127.30381237968355,0.99999999999958,3.657968668764486e-4
45501,200011,Springfield-Clark County JVSD CTPD,1,0.02039383378845453,0.02039383378846152,1058.5124427647388,0.9999999999996574,1.9266503599322537e-5
45502,200011,Springfield-Clark County JVSD CTPD,1,287.2798270502525,299.4580538820146,1058.5124427647388,0.9593324451491951,0.271399574954361
45502,200042,Greene County JVSD CTPD,2,8.144155661119525,299.4580538820146,1085.567353150921,0.027196315328784887,0.007502211297604566
45502,200056,Ohio Hi-Point JVSD CTPD,3,4.034071170643806,299.4580538820146,3696.2096246781216,0.01347123952202406,0.0010914075716133406
45503,200011,Springfield-Clark County JVSD CTPD,1,53.55512727433256,53.555127274333884,1058.5124427647388,0.9999999999999754,0.050594707355967786
45504,200011,Springfield-Clark County JVSD CTPD,1,57.178854354230005,57.1788543542318,1058.5124427647388,0.9999999999999686,0.05401812207788886
45505,200011,Springfield-Clark County JVSD CTPD,1,35.40539106945047,35.40539106944948,1058.5124427647388,1,0.03344825213105175
45506,200011,Springfield-Clark County JVSD CTPD,1,31.81613843028605,31.816138430286703,1058.5124427647388,0.9999999999999795,0.030057406171990923
45601,200084,Pickaway-Ross County JVSD CTPD,1,854.2958024861952,911.8359765250951,2753.332965341154,0.9368963546950855,0.3102769673119949
45601,200077,Pike County Career  Technology Center CTPD,2,33.48050716500233,911.8359765250951,1208.185101192936,0.03671768610467948,0.027711405422848202
45601,200040,Gallia-Jackson-Vinton JVSD CTPD,3,24.05966687387983,911.8359765250951,3433.722679023267,0.026385959200215515,0.007006875371986557
45612,200084,Pickaway-Ross County JVSD CTPD,1,151.88665443905532,290.69679911453636,2753.332965341154,0.5224916645167841,0.05516465184233019
45612,200077,Pike County Career  Technology Center CTPD,2,77.84867559098579,290.69679911453636,1208.185101192936,0.2678002503918625,0.06443439462555836
45612,200044,Great Oaks Career Campuses,3,60.96146908443369,290.69679911453636,4960.960625789521,0.2097080850911416,0.012288238847840456
45612,200007,Southern Hills JVSD CTPD,4,6.335892157949274e-11,290.69679911453636,1580.3127231076317,2.1795534650702822e-13,4.009264790003055e-14
45613,200077,Pike County Career  Technology Center CTPD,1,194.80834378901113,214.07311579251493,1208.185101192936,0.9100084476643219,0.16124047846365724
45613,200040,Gallia-Jackson-Vinton JVSD CTPD,2,19.26248813523125,214.07311579251493,3433.722679023267,0.08998088369910466,0.005609797277137863
45613,200086,Scioto County JVSD CTPD,3,0.002283868268493563,214.07311579251493,1559.0538267654863,1.066863655456459e-5,1.464906617901592e-6
45614,200040,Gallia-Jackson-Vinton JVSD CTPD,1,185.85675281950643,185.85965551599514,3433.722679023267,0.999984382320732,0.054126896722007246
45614,200067,Meigs Local CTPD,2,0.002902696493406547,185.85965551599514,1023.8190987638717,1.5617679293270508e-5,2.835165408528885e-6
45616,200107,Ohio Valley Local CTPD,1,140.03764745611485,188.21802260077473,1568.0952366417685,0.7440182694573609,0.08930430000923884
45616,200086,Scioto County JVSD CTPD,2,48.18037514465724,188.21802260077473,1559.0538267654863,0.25598173054262513,0.030903599553464653
45617,200084,Pickaway-Ross County JVSD CTPD,1,0.4216612209764458,0.4216612209764272,2753.332965341154,1,1.5314574237271719e-4
45618,200107,Ohio Valley Local CTPD,1,0.07641992307671905,0.07641992307666502,1568.0952366417685,1,4.873423583658088e-5
45619,200054,Lawrence County JVSD CTPD,1,84.22033859838429,84.22034672967933,1127.3140146540172,0.9999999034521305,0.07470885441287826
45620,200040,Gallia-Jackson-Vinton JVSD CTPD,1,57.17718685276598,58.52322628581885,3433.722679023267,0.9769999106597608,0.01665166124278569
45620,200067,Meigs Local CTPD,2,1.3459037674297032,58.52322628581885,1023.8190987638717,0.022997771190134096,0.0013145913853870345
45621,200040,Gallia-Jackson-Vinton JVSD CTPD,1,1.2439041117663048,1.243904111766525,3433.722679023267,0.9999999999998229,3.6226108746794224e-4
45622,200040,Gallia-Jackson-Vinton JVSD CTPD,1,47.159951651392554,57.19724491017193,3433.722679023267,0.8245143927029542,0.01373435074984196
45622,200005,Tri-County JVSD CTPD,2,10.0372932587758,57.19724491017193,2811.4931448934267,0.17548560729698318,0.00357009344910079
45623,200040,Gallia-Jackson-Vinton JVSD CTPD,1,168.95481636918748,188.3324193141694,3433.722679023267,0.8971095735107777,0.04920456081131374
45623,200054,Lawrence County JVSD CTPD,2,19.377598430107952,188.3324193141694,1127.3140146540172,0.10289040251632373,0.017189175489896763
45624,200077,Pike County Career  Technology Center CTPD,1,0.05405798506487161,0.05405798506488651,1208.185101192936,0.9999999999997244,4.474313167038389e-5
45628,200084,Pickaway-Ross County JVSD CTPD,1,184.46261356477737,196.2487480598086,2753.332965341154,0.9399428805964188,0.06699611557584405
45628,200044,Great Oaks Career Campuses,2,11.786134495031737,196.2487480598086,4960.960625789521,0.060057119403583686,0.0023757766658662025
45629,200086,Scioto County JVSD CTPD,1,84.57590657234692,85.26859075225025,1559.0538267654863,0.9918764439075118,0.05424822743151438
45629,200054,Lawrence County JVSD CTPD,2,0.6926376588196256,85.26859075225025,1127.3140146540172,0.0081230105096037,6.144141293517071e-4
45630,200086,Scioto County JVSD CTPD,1,0.5462829207100943,0.546282920710206,1559.0538267654863,0.9999999999997955,3.503938807830953e-4
45631,200040,Gallia-Jackson-Vinton JVSD CTPD,1,301.44944440678296,301.44945515407164,3433.722679023267,0.9999999643479578,0.08779085342224875
45634,200040,Gallia-Jackson-Vinton JVSD CTPD,1,92.31357305034209,92.31357305034315,3433.722679023267,0.9999999999999885,0.026884399725781282
45636,200086,Scioto County JVSD CTPD,1,4.740162936797418,4.74103652705586,1559.0538267654863,0.9998157385513787,0.0030404100586005206
45636,200054,Lawrence County JVSD CTPD,2,8.735902583425632e-4,4.74103652705586,1127.3140146540172,1.8426144860036645e-4,7.749307176054898e-7
45638,200054,Lawrence County JVSD CTPD,1,179.7159259411474,202.5263852183764,1127.3140146540172,0.887370431992684,0.1594195792875899
45638,200086,Scioto County JVSD CTPD,2,22.810420819757983,202.5263852183764,1559.0538267654863,0.11262937811862087,0.014630938604013407
45640,200040,Gallia-Jackson-Vinton JVSD CTPD,1,453.0312672029973,453.66181540601747,3433.722679023267,0.9986100919636451,0.13193589277625165
45640,200077,Pike County Career  Technology Center CTPD,2,0.6272805811291645,453.66181540601747,1208.185101192936,0.0013827052659650494,5.191924486651931e-4
45640,200086,Scioto County JVSD CTPD,3,0.0032676218887335707,453.66181540601747,1559.0538267654863,7.202770384827562e-6,2.0959006242348863e-6
45642,200077,Pike County Career  Technology Center CTPD,1,0.10560711936984211,0.10560711936986446,1208.185101192936,0.9999999999997884,8.740971831681083e-5
45644,200084,Pickaway-Ross County JVSD CTPD,1,157.90804265500375,157.90804265500574,2753.332965341154,0.9999999999999875,0.057351597007243196
45645,200054,Lawrence County JVSD CTPD,1,118.48416479441998,118.48416479442206,1127.3140146540172,0.9999999999999825,0.10510307088729295
45646,200077,Pike County Career  Technology Center CTPD,1,38.90866896979028,38.95506989255714,1208.185101192936,0.9988088604924893,0.03220422841779186
45646,200107,Ohio Valley Local CTPD,2,0.04640092276461725,38.95506989255714,1568.0952366417685,0.0011911395074529884,2.95906279672078e-5
45647,200040,Gallia-Jackson-Vinton JVSD CTPD,1,110.49777737271309,171.75480427666503,3433.722679023267,0.643346064397254,0.032180169367709253
45647,200084,Pickaway-Ross County JVSD CTPD,2,61.257026903951235,171.75480427666503,2753.332965341154,0.35665393560274194,0.022248317829718475
45648,200086,Scioto County JVSD CTPD,1,247.0650260641483,364.80377646728385,1559.0538267654863,0.6772545735592336,0.15847113282594313
45648,200077,Pike County Career  Technology Center CTPD,2,117.73875040313143,364.80377646728385,1208.185101192936,0.3227454264407551,0.097450920630356
45650,200107,Ohio Valley Local CTPD,1,38.46832811415541,38.46832811415499,1568.0952366417685,1,0.02453188251278612
45651,200040,Gallia-Jackson-Vinton JVSD CTPD,1,369.1732339233789,369.17338812217116,3433.722679023267,0.9999995823133595,0.10751399237296337
45651,200005,Tri-County JVSD CTPD,2,1.541987982130504e-4,369.17338812217116,2811.4931448934267,4.1768665666123566e-7,5.484587379952353e-8
45652,200086,Scioto County JVSD CTPD,1,92.01556030441529,92.01556030441391,1559.0538267654863,1,0.05902013049499177
45653,200086,Scioto County JVSD CTPD,1,109.89598805282446,111.3102798992454,1559.0538267654863,0.9872941488629702,0.07048889920678478
45653,200040,Gallia-Jackson-Vinton JVSD CTPD,2,1.4142862441206463,111.3102798992454,3433.722679023267,0.012705800806545578,4.118813242433848e-4
45653,200077,Pike County Career  Technology Center CTPD,3,5.602296242810553e-6,111.3102798992454,1208.185101192936,5.0330447896470814e-8,4.636951934996522e-9
45654,200040,Gallia-Jackson-Vinton JVSD CTPD,1,100.91278091122678,138.909256157439,3433.722679023267,0.7264654905131216,0.029388739378315702
45654,200005,Tri-County JVSD CTPD,2,37.99647524621229,138.909256157439,2811.4931448934267,0.27353450948687896,0.013514696030906595
45656,200040,Gallia-Jackson-Vinton JVSD CTPD,1,344.95112468564105,347.7713762343647,3433.722679023267,0.9918905012273838,0.10045980905591463
45656,200086,Scioto County JVSD CTPD,2,2.820251548724357,347.7713762343647,1559.0538267654863,0.008109498772618297,0.0018089507240269137
45657,200086,Scioto County JVSD CTPD,1,214.09845278192878,245.82250743323635,1559.0538267654863,0.870947314863251,0.13732588901443593
45657,200107,Ohio Valley Local CTPD,2,28.649892242473275,245.82250743323635,1568.0952366417685,0.11654706699407653,0.018270505242927632
45657,200077,Pike County Career  Technology Center CTPD,3,3.0741624088225064,245.82250743323635,1208.185101192936,0.012505618142624417,0.002544446546962998
45658,200040,Gallia-Jackson-Vinton JVSD CTPD,1,233.4380793249568,244.1118898481464,3433.722679023267,0.9562749256915367,0.06798396409559754
45658,200054,Lawrence County JVSD CTPD,2,10.673810523176313,244.1118898481464,1127.3140146540172,0.04372507430840883,0.009468356096373202
45659,200054,Lawrence County JVSD CTPD,1,257.3879036942056,257.9820267558582,1127.3140146540172,0.9976970370024464,0.2283196166714917
45659,200086,Scioto County JVSD CTPD,2,0.5588641739431812,257.9820267558582,1559.0538267654863,0.0021662911210169823,3.584636812076187e-4
45659,200040,Gallia-Jackson-Vinton JVSD CTPD,3,0.035258887715417894,257.9820267558582,3433.722679023267,1.3667187655977758e-4,1.0268414491017484e-5
45660,200107,Ohio Valley Local CTPD,1,403.0748157055807,526.7273309564977,1568.0952366417685,0.7652437836738541,0.2570474077638329
45660,200077,Pike County Career  Technology Center CTPD,2,101.77364931215823,526.7273309564977,1208.185101192936,0.193218850305992,0.08423680213542538
45660,200086,Scioto County JVSD CTPD,3,14.337512505799781,526.7273309564977,1559.0538267654863,0.027219989666691348,0.00919629089108829
45660,200007,Southern Hills JVSD CTPD,4,6.116508591104451,526.7273309564977,1580.3127231076317,0.011612286341772558,0.003870441907900699
45660,200044,Great Oaks Career Campuses,5,1.4248448418397903,526.7273309564977,4960.960625789521,0.0027050900116619694,2.872114796543121e-4
45661,200077,Pike County Career  Technology Center CTPD,1,263.62489238898365,263.95064960411077,1208.185101192936,0.9987658404492821,0.21819909228204032
45661,200086,Scioto County JVSD CTPD,2,0.3150068504896909,263.95064960411077,1559.0538267654863,0.001193430858996397,2.0205001590177578e-4
45661,200107,Ohio Valley Local CTPD,3,0.010750364636667117,263.95064960411077,1568.0952366417685,4.072869171866471e-5,6.8556834977001075e-6
45662,200086,Scioto County JVSD CTPD,1,146.29945127337353,146.2995286697243,1559.0538267654863,0.9999994709733416,0.09383861465315525
45663,200086,Scioto County JVSD CTPD,1,175.65909520057957,175.65909821623904,1559.0538267654863,0.9999999828323184,0.11267032105300255
45669,200054,Lawrence County JVSD CTPD,1,93.47466612050867,93.474689525196,1127.3140146540172,0.9999997496147092,0.0829180378363316
45671,200086,Scioto County JVSD CTPD,1,26.422680209426147,38.574585624378365,1559.0538267654863,0.6849763848850665,0.01694789477810676
45671,200077,Pike County Career  Technology Center CTPD,2,11.982749983401199,38.574585624378365,1208.185101192936,0.3106384628491859,0.00991797529333021
45671,200107,Ohio Valley Local CTPD,3,0.1691554315522015,38.574585624378365,1568.0952366417685,0.0043851522657782915,1.0787318754597115e-4
45672,200040,Gallia-Jackson-Vinton JVSD CTPD,1,148.97879888728028,149.79873583725077,3433.722679023267,0.9945264094160225,0.04338696301754274
45672,200084,Pickaway-Ross County JVSD CTPD,2,0.8199369499693997,149.79873583725077,2753.332965341154,0.005473590583970097,2.9779796351939034e-4
45673,200084,Pickaway-Ross County JVSD CTPD,1,1.2660117278001606,1.2660117278003693,2753.332965341154,0.9999999999998351,4.5981061634632137e-4
45674,200040,Gallia-Jackson-Vinton JVSD CTPD,1,3.0472676464836375,3.04726764648363,3433.722679023267,1,8.874530447958138e-4
45677,200086,Scioto County JVSD CTPD,1,1.6579409281736017,1.6579409281736612,1559.0538267654863,0.9999999999999641,0.0010634276377828936
45678,200054,Lawrence County JVSD CTPD,1,97.38456254440803,119.48008295319792,1127.3140146540172,0.8150694252744616,0.08638636731070555
45678,200040,Gallia-Jackson-Vinton JVSD CTPD,2,22.095520408799317,119.48008295319792,3433.722679023267,0.18493057472561725,0.006434858744936401
45679,200107,Ohio Valley Local CTPD,1,143.89266414234308,162.54872330160296,1568.0952366417685,0.8852278948715933,0.09176270725144443
45679,200007,Southern Hills JVSD CTPD,2,18.656059159263442,162.54872330160296,1580.3127231076317,0.1147721051284287,0.011805295804096883
45680,200054,Lawrence County JVSD CTPD,1,90.87215906509635,90.87215948756412,1127.3140146540172,0.999999995350966,0.080609446776891025
45681,200044,Great Oaks Career Campuses,1,48.753456716282514,93.82772844338007,4960.960625789521,0.5196060644876698,0.009827422629165406
45681,200084,Pickaway-Ross County JVSD CTPD,2,45.07427172709536,93.82772844338007,2753.332965341154,0.4803939355123068,0.0163708030574175
45682,200086,Scioto County JVSD CTPD,1,96.44164153928345,125.66378606121829,1559.0538267654863,0.7674577104680024,0.061859083941551596
45682,200040,Gallia-Jackson-Vinton JVSD CTPD,2,27.626110519960566,125.66378606121829,3433.722679023267,0.2198414625714225,0.008045527581108821
45682,200054,Lawrence County JVSD CTPD,3,1.5960340019725403,125.66378606121829,1127.3140146540172,0.012700826960561394,0.0014157847602581056
45684,200107,Ohio Valley Local CTPD,1,126.79206683711126,219.31421187149704,1568.0952366417685,0.5781297333863737,0.08085737643629927
45684,200086,Scioto County JVSD CTPD,2,92.52209667881989,219.31421187149704,1559.0538267654863,0.42187004612829854,0.05934503035778579
45685,200040,Gallia-Jackson-Vinton JVSD CTPD,1,78.80551911162641,78.80551911162777,3433.722679023267,0.9999999999999827,0.02295046119858546
45686,200040,Gallia-Jackson-Vinton JVSD CTPD,1,236.04676413854924,251.92192845199776,3433.722679023267,0.9369837933085152,0.06874368905228347
45686,200067,Meigs Local CTPD,2,15.875164313446664,251.92192845199776,1023.8190987638717,0.06301620669147737,0.015505829430818255
45688,200054,Lawrence County JVSD CTPD,1,82.859902914672,88.39077239981961,1127.3140146540172,0.937427071457983,0.07350206050627557
45688,200040,Gallia-Jackson-Vinton JVSD CTPD,2,5.530869485146227,88.39077239981961,3433.722679023267,0.06257292854200146,0.0016107501980094385
45690,200077,Pike County Career  Technology Center CTPD,1,337.48010257157017,370.6575531493654,1208.185101192936,0.9104902886885847,0.2793281445354272
45690,200084,Pickaway-Ross County JVSD CTPD,2,33.17745057780259,370.6575531493654,2753.332965341154,0.08950971131143504,0.012049923127874115
45692,200040,Gallia-Jackson-Vinton JVSD CTPD,1,211.57794479574233,211.5779447957405,3433.722679023267,1,0.061617656570893
45693,200107,Ohio Valley Local CTPD,1,342.6653826130911,343.2018520968624,1568.0952366417685,0.9984368689140409,0.2185233234602147
45693,200007,Southern Hills JVSD CTPD,2,0.5364694837697744,343.2018520968624,1580.3127231076317,0.0015631310859545297,3.394704579197624e-4
45694,200086,Scioto County JVSD CTPD,1,177.43314101260626,177.44235106591867,1559.0538267654863,0.9999480955180254,0.11380822006685973
45694,200054,Lawrence County JVSD CTPD,2,0.009210053302034735,177.44235106591867,1127.3140146540172,5.190448191600697e-5,8.169909344080481e-6
45695,200040,Gallia-Jackson-Vinton JVSD CTPD,1,85.26436324520516,85.26498119733685,3433.722679023267,0.9999927525682524,0.02483146462761485
45695,200005,Tri-County JVSD CTPD,2,6.179521315991879e-4,85.26498119733685,2811.4931448934267,7.247431746557271e-6,2.197949985122984e-7
45696,200054,Lawrence County JVSD CTPD,1,90.56422112505625,90.56479313028973,1127.3140146540172,0.9999936840220829,0.08033628602838866
45696,200040,Gallia-Jackson-Vinton JVSD CTPD,2,5.72005234979093e-4,90.56479313028973,3433.722679023267,6.315977933678775e-6,1.6658457553182533e-7
45697,200107,Ohio Valley Local CTPD,1,128.4763848701135,250.42267035862574,1568.0952366417685,0.5130381553959344,0.08193149361594798
45697,200007,Southern Hills JVSD CTPD,2,121.94628548851831,250.42267035862574,1580.3127231076317,0.4869618446040898,0.07716592020389171
45698,200040,Gallia-Jackson-Vinton JVSD CTPD,1,6.092022257829703,6.092022257830247,3433.722679023267,0.9999999999999107,0.0017741742206049667
45699,200086,Scioto County JVSD CTPD,1,0.6524177565475852,0.6524177565476745,1559.0538267654863,0.999999999999863,4.1847032177274674e-4
45701,200005,Tri-County JVSD CTPD,1,389.8695637355177,389.8700574438267,2811.4931448934267,0.999998733659332,0.1386699321830629
45701,200067,Meigs Local CTPD,2,4.937083196667372e-4,389.8700574438267,1023.8190987638717,1.2663406954197086e-6,4.822222209595678e-7
45710,200005,Tri-County JVSD CTPD,1,169.16424202752887,252.58509962171306,2811.4931448934267,0.6697316757040681,0.06016882606837772
45710,200040,Gallia-Jackson-Vinton JVSD CTPD,2,46.05057018153665,252.58509962171306,3433.722679023267,0.18231704978046928,0.013411266571660316
45710,200067,Meigs Local CTPD,3,37.37028741264899,252.58509962171306,1023.8190987638717,0.14795127451546836,0.03650086959480317
45711,200005,Tri-County JVSD CTPD,1,101.4677221252807,130.31811147112955,2811.4931448934267,0.7786156580987569,0.0360903323949335
45711,200074,Morgan Local CTPD,2,14.86616182930086,130.31811147112955,1001.4785710708742,0.1140759458641655,0.014844213604495378
45711,200104,Washington County JVSD CTPD,3,13.984227516547636,130.31811147112955,1712.8245499726763,0.10730839603707483,0.00816442496505011
45714,200104,Washington County JVSD CTPD,1,94.60045616847884,94.60049641134071,1712.8245499726763,0.9999995746020011,0.055230675068259585
45715,200104,Washington County JVSD CTPD,1,94.27479157511009,110.3644665175153,1712.8245499726763,0.8542132676385319,0.05504054199632648
45715,200075,Mid-East Ohio JVSD CTPD,2,15.553153743469467,110.3644665175153,4715.036467588955,0.14092537421001458,0.003298628515469915
45715,200074,Morgan Local CTPD,3,0.5365211989323041,110.3644665175153,1001.4785710708742,0.004861358151422369,5.357290854047987e-4
45716,200005,Tri-County JVSD CTPD,1,1.4526845811843128,1.4526845811844766,2811.4931448934267,0.9999999999998872,5.166950464819215e-4
45719,200005,Tri-County JVSD CTPD,1,1.7871881597899795,1.7871881597890258,2811.4931448934267,1,6.356722452039716e-4
45720,200067,Meigs Local CTPD,1,0.258937086235106,0.25893708623538914,1023.8190987638717,0.9999999999989064,2.52912928219193e-4
45721,200104,Washington County JVSD CTPD,1,0.08341368909808249,0.08341368909809739,1712.8245499726763,0.9999999999998214,4.869949411888867e-5
45723,200005,Tri-County JVSD CTPD,1,135.6441833006088,173.03540092160452,2811.4931448934267,0.7839100125070002,0.04824631479076595
45723,200067,Meigs Local CTPD,2,28.8149111266584,173.03540092160452,1023.8190987638717,0.16652610375210616,0.02814453369882302
45723,200104,Washington County JVSD CTPD,3,8.576306494344074,173.03540092160452,1712.8245499726763,0.04956388374093263,0.0050071132472271525
45724,200104,Washington County JVSD CTPD,1,140.70497826608218,140.70986034850193,1712.8245499726763,0.9999653039068643,0.08214792242925685
45724,200074,Morgan Local CTPD,2,0.0046933529400825505,140.70986034850193,1001.4785710708742,3.3354826225101275e-5,4.6864237295302085e-6
45724,200005,Tri-County JVSD CTPD,3,1.8872948175665806e-4,140.70986034850193,2811.4931448934267,1.3412669253542285e-6,6.712784703012751e-8
45727,200075,Mid-East Ohio JVSD CTPD,1,81.96080582818884,81.96092063108338,4715.036467588955,0.999998599297157,0.01738285724651027
45727,200104,Washington County JVSD CTPD,2,1.1480289491382427e-4,81.96092063108338,1712.8245499726763,1.400702847526162e-6,6.70254842597017e-8
45729,200104,Washington County JVSD CTPD,1,67.78116951573979,67.78116951573884,1712.8245499726763,1,0.039572745215977354
45732,200005,Tri-County JVSD CTPD,1,140.9029639894367,209.64509445130912,2811.4931448934267,0.672102365944756,0.05011677309096829
45732,200074,Morgan Local CTPD,2,68.74213046187056,209.64509445130912,1001.4785710708742,0.3278976340552351,0.06864064039669374
45734,200070,Switzerland of Ohio Local CTPD,1,79.98376924222035,80.08539945948435,1413.6379265416017,0.9987309769577235,0.056580095751885245
45734,200104,Washington County JVSD CTPD,2,0.10163021726383269,80.08539945948435,1712.8245499726763,0.0012690230422743658,5.9334867231704456e-5
45735,200005,Tri-County JVSD CTPD,1,125.090223522247,125.31951692860004,2811.4931448934267,0.9981703296344202,0.04449245190209728
45735,200067,Meigs Local CTPD,2,0.22929340635267273,125.31951692860004,1023.8190987638717,0.0018296703655769047,2.2395890702714443e-4
45739,200005,Tri-County JVSD CTPD,1,0.6695033881690801,0.6695033881691247,2811.4931448934267,0.9999999999999334,2.3813089830402502e-4
45740,200005,Tri-County JVSD CTPD,1,0.7555657821087688,0.7555657821086887,2811.4931448934267,1,2.687418190868146e-4
45741,200067,Meigs Local CTPD,1,105.03775603902015,106.63544237168121,1023.8190987638717,0.9850173047804099,0.10259405803802603
45741,200005,Tri-County JVSD CTPD,2,1.592937854584217,106.63544237168121,2811.4931448934267,0.014938165202447248,5.665807357480146e-4
45741,200040,Gallia-Jackson-Vinton JVSD CTPD,3,0.004748478081194451,106.63544237168121,3433.722679023267,4.4530017183625313e-5,1.382895045719059e-6
45742,200104,Washington County JVSD CTPD,1,68.18227021899867,70.32008492249417,1712.8245499726763,0.9695988037293787,0.039806920224308054
45742,200005,Tri-County JVSD CTPD,2,2.137802421819359,70.32008492249417,2811.4931448934267,0.030401021616734615,7.603797383259832e-4
45743,200067,Meigs Local CTPD,1,93.27337877165526,93.27337877165589,1023.8190987638717,0.9999999999999933,0.09110337840373434
45744,200104,Washington County JVSD CTPD,1,139.99106126206223,147.51657943430794,1712.8245499726763,0.948985272020919,0.08173111557999062
45744,200075,Mid-East Ohio JVSD CTPD,2,7.525518172243815,147.51657943430794,4715.036467588955,0.05101472797906812,0.0015960678616112605
45745,200070,Switzerland of Ohio Local CTPD,1,104.93633706273273,188.93665946695432,1413.6379265416017,0.5554048502751604,0.0742314103862893
45745,200104,Washington County JVSD CTPD,2,58.44163038706052,188.93665946695432,1712.8245499726763,0.30931863912456947,0.03412003312773209
45745,200075,Mid-East Ohio JVSD CTPD,3,25.558692017161192,188.93665946695432,4715.036467588955,0.13527651060027077,0.005420677484225416
45746,200075,Mid-East Ohio JVSD CTPD,1,41.67073417365459,45.12259622654569,4715.036467588955,0.9235003669655788,0.008837839210809544
45746,200104,Washington County JVSD CTPD,2,3.45186205289194,45.12259622654569,1712.8245499726763,0.07649963303443973,0.0020153039334630074
45750,200104,Washington County JVSD CTPD,1,282.0402789474954,282.04029154007594,1712.8245499726763,0.9999999553518383,0.16466384659887937
45760,200067,Meigs Local CTPD,1,49.26394674980807,52.98085895605248,1023.8190987638717,0.9298442441386694,0.048117823558173387
45760,200040,Gallia-Jackson-Vinton JVSD CTPD,2,3.71690436539394,52.98085895605248,3433.722679023267,0.07015560786730742,0.0010824707505066266
45761,200005,Tri-County JVSD CTPD,1,89.18263601968036,89.18263601968097,2811.4931448934267,0.9999999999999931,0.03172073749554205
45764,200005,Tri-County JVSD CTPD,1,206.33717477621178,206.3389752157365,2811.4931448934267,0.999991274360441,0.07339060212577302
45764,200040,Gallia-Jackson-Vinton JVSD CTPD,2,0.0018004395198076963,206.3389752157365,3433.722679023267,8.725639535261127e-6,5.243403990679401e-7
45766,200005,Tri-County JVSD CTPD,1,68.12591994214154,84.48846039226282,2811.4931448934267,0.806334020360256,0.024231223919531888
45766,200040,Gallia-Jackson-Vinton JVSD CTPD,2,16.36254045011741,84.48846039226282,3433.722679023267,0.1936659796396981,0.004765248093585643
45767,200104,Washington County JVSD CTPD,1,198.12423706662696,290.36603657608094,1712.8245499726763,0.6823257960981086,0.11567106337294589
45767,200070,Switzerland of Ohio Local CTPD,2,92.2417983868452,290.36603657608094,1413.6379265416017,0.3176742000357065,0.06525136080107188
45768,200104,Washington County JVSD CTPD,1,81.70400307753218,81.70400747326732,1712.8245499726763,0.9999999461992712,0.047701326489531896
45769,200067,Meigs Local CTPD,1,254.8659741317076,272.33700584673403,1023.8190987638717,0.9358477498836174,0.24893653032984545
45769,200005,Tri-County JVSD CTPD,2,17.47102697325027,272.33700584673403,2811.4931448934267,0.06415223270495463,0.006214145321671248
45770,200067,Meigs Local CTPD,1,57.99778740361011,57.99778763404863,1023.8190987638717,0.9999999960267706,0.056648471857611266
45771,200067,Meigs Local CTPD,1,162.09492526658175,162.09492627970272,1023.8190987638717,0.9999999937498293,0.1583237951531577
45772,200067,Meigs Local CTPD,1,106.58422136070597,106.58718058245316,1023.8190987638717,0.9999722366073385,0.10410454492340741
45772,200005,Tri-County JVSD CTPD,2,0.0029592217481441765,106.58718058245316,2811.4931448934267,2.7763392670425288e-5,1.0525445361725574e-6
45773,200104,Washington County JVSD CTPD,1,32.1268164231294,32.126816423126755,1712.8245499726763,1,0.01875663004926097
45775,200067,Meigs Local CTPD,1,80.29601500689047,80.46177890224713,1023.8190987638717,0.9979398430208951,0.07842793234062292
45775,200005,Tri-County JVSD CTPD,2,0.16576389535700808,80.46177890224713,2811.4931448934267,0.002060156979109228,5.89593809460601e-5
45776,200067,Meigs Local CTPD,1,26.408320977761306,46.98697454668805,1023.8190987638717,0.5620349305853048,0.02579393274617158
45776,200005,Tri-County JVSD CTPD,2,20.578653568921506,46.98697454668805,2811.4931448934267,0.43796506941458363,0.007319474922533225
45778,200005,Tri-County JVSD CTPD,1,67.35128626613087,70.51658910159199,2811.4931448934267,0.955112649721317,0.02395569997688325
45778,200104,Washington County JVSD CTPD,2,3.1653028354592188,70.51658910159199,1712.8245499726763,0.04488735027865604,0.0018480017906736057
45779,200067,Meigs Local CTPD,1,2.6759763833777757,2.675976475519255,1023.8190987638717,0.9999999655671564,0.0026137199302187944
45780,200005,Tri-County JVSD CTPD,1,7.650830168745593,7.650830168745468,2811.4931448934267,1,0.002721269366294545
45782,200005,Tri-County JVSD CTPD,1,1.7730191967594624,1.7730191967590452,2811.4931448934267,1,6.306325875202058e-4
45783,200067,Meigs Local CTPD,1,1.4228643105356265,1.4228643105355798,1023.8190987638717,1,0.0013897614454092037
45784,200104,Washington County JVSD CTPD,1,97.94608132992026,97.94608132992269,1712.8245499726763,0.9999999999999752,0.057183954615481626
45786,200104,Washington County JVSD CTPD,1,160.20290277706604,167.21576302142057,1712.8245499726763,0.958061009813673,0.09353141439946179
45786,200074,Morgan Local CTPD,2,7.012860244346807,167.21576302142057,1001.4785710708742,0.041938990186280764,0.007002506540752043
45788,200104,Washington County JVSD CTPD,1,84.10147764797406,84.10147764797438,1712.8245499726763,0.9999999999999963,0.04910104636771798
45789,200104,Washington County JVSD CTPD,1,32.67136588103025,36.29109965253727,1712.8245499726763,0.9002583606955005,0.01907455488161437
45789,200070,Switzerland of Ohio Local CTPD,2,3.619733771506386,36.29109965253727,1413.6379265416017,0.09974163930448204,0.0025605805443844405
45801,200001,Apollo JVSD CTPD,1,111.99534609078458,119.87507345270923,1957.9614365927205,0.9342671738588489,0.0571999754426629
45801,200002,Lima City CTPD,2,7.879727361925185,119.87507345270923,23.02991698011154,0.06573282614115553,0.3421517918944327
45804,200001,Apollo JVSD CTPD,1,49.70054724341084,57.86369627935848,1957.9614365927205,0.8589245146639612,0.02538382335553075
45804,200002,Lima City CTPD,2,8.163149035945933,57.86369627935848,23.02991698011154,0.1410754853360093,0.35445846561216726
45805,200001,Apollo JVSD CTPD,1,31.12380284836249,38.11084343060124,1957.9614365927205,0.8166652859582614,0.015896024439850404
45805,200002,Lima City CTPD,2,6.98704058224081,38.11084343060124,23.02991698011154,0.18333471404179263,0.3033897424934169
45806,200001,Apollo JVSD CTPD,1,158.65972740939438,164.87747665603703,1957.9614365927205,0.9622886680900997,0.08103312171740056
45806,200056,Ohio Hi-Point JVSD CTPD,2,6.21774924664247,164.87747665603703,3696.2096246781216,0.037711331909899205,0.001682196054338756
45807,200001,Apollo JVSD CTPD,1,193.19178728311053,196.5494881263655,1957.9614365927205,0.9829167662797664,0.09866986329378699
45807,200102,Vantage JVSD CTPD,2,3.3577008432524873,196.5494881263655,3020.0496358403375,0.017083233720220914,0.0011118031980021405
45808,200001,Apollo JVSD CTPD,1,1.5521333954723235,1.5521333954721093,1957.9614365927205,1,7.927292981691069e-4
45809,200001,Apollo JVSD CTPD,1,0.8328132449163124,0.8328132449162081,1957.9614365927205,1,0.00042534711325346066
45810,200001,Apollo JVSD CTPD,1,152.19568063666273,169.94167310606647,1957.9614365927205,0.8955759811878052,0.07773170492137801
45810,200056,Ohio Hi-Point JVSD CTPD,2,13.585290504418891,169.94167310606647,3696.2096246781216,0.07994090122874006,0.0036754653777522003
45810,200116,Millstream Career Cooperative CTPD,3,4.16070196498555,169.94167310606647,2388.520578896221,0.024483117583458835,0.0017419577632059949
45812,200056,Ohio Hi-Point JVSD CTPD,1,98.54420578507808,100.59473423189287,3696.2096246781216,0.9796159464760066,0.02666088122468423
45812,200001,Apollo JVSD CTPD,2,2.0505284468117777,100.59473423189287,1957.9614365927205,0.020384053523963403,0.0010472772387081044
45813,200102,Vantage JVSD CTPD,1,144.59589035345394,146.98630066210174,3020.0496358403375,0.98373718980694,0.04787864697237657
45813,200030,Four County JVSD CTPD,2,2.3378793819535675,146.98630066210174,4332.99416865771,0.01590542364439787,5.395528567438168e-4
45814,200116,Millstream Career Cooperative CTPD,1,92.758737041389125,92.75873704138958,2388.520578896221,0.9999999999999951,0.03883522623206982
45815,200116,Millstream Career Cooperative CTPD,1,0.5398130970413089,0.5398130970413312,2388.520578896221,0.9999999999999587,2.2600311749910329e-4
45816,200116,Millstream Career Cooperative CTPD,1,0.6984841768813134,0.6984841768812164,2388.520578896221,1,2.9243381156217443e-4
45817,200001,Apollo JVSD CTPD,1,88.71181746704501,166.52849053296757,1957.9614365927205,0.5327125537685864,0.04530825572408765
45817,200116,Millstream Career Cooperative CTPD,2,77.81667306592166,166.52849053296757,2388.520578896221,0.4672874462314083,0.03257944426079936
45819,200001,Apollo JVSD CTPD,1,0.6835686830611228,0.6835686830612272,1957.9614365927205,0.9999999999998473,3.491226488355569e-4
45820,200001,Apollo JVSD CTPD,1,0.7195968379858733,0.7195968379858434,1957.9614365927205,1,3.675234989500756e-4
45821,200102,Vantage JVSD CTPD,1,98.90721830469796,102.4452285360752,3020.0496358403375,0.9654643727000779,0.03275019626529309
45821,200030,Four County JVSD CTPD,2,3.5380102313775943,102.4452285360752,4332.99416865771,0.034535627299925584,8.16527808176952e-4
45822,200121,Tri Star CTPD,1,408.7837264933001,449.1120883318193,1371.2610113749988,0.9102042387941176,0.29810788981989805
45822,200102,Vantage JVSD CTPD,2,40.32836183852738,449.1120883318193,3020.0496358403375,0.08979576120590059,0.013353542723249281
45826,200121,Tri Star CTPD,1,0.6546945965407901,0.6546945965406596,1371.2610113749988,1,4.7743980986107883e-4
45827,200102,Vantage JVSD CTPD,1,166.9667102240857,166.96671022408617,3020.0496358403375,0.9999999999999971,0.055286081474494285
45828,200121,Tri Star CTPD,1,87.93296150811702,87.93296150811766,1371.2610113749988,0.9999999999999927,0.06412561925022893
45830,200001,Apollo JVSD CTPD,1,210.31970669764956,245.24626998631214,1957.9614365927205,0.8575857512915,0.10741769616446159
45830,200102,Vantage JVSD CTPD,2,26.04542875421843,245.24626998631214,3020.0496358403375,0.10620112083935913,0.008624172412640237
45830,200116,Millstream Career Cooperative CTPD,3,8.881134534443472,245.24626998631214,2388.520578896221,0.03621312786913804,0.0037182574908136675
45831,200102,Vantage JVSD CTPD,1,159.41264489500625,193.22208955171354,3020.0496358403375,0.8250228804835557,0.052784776449758326
45831,200116,Millstream Career Cooperative CTPD,2,29.49917510590984,193.22208955171354,2388.520578896221,0.15266978622552752,0.012350396042868488
45831,200030,Four County JVSD CTPD,3,4.310269550795872,193.22208955171354,4332.99416865771,0.02230733329090865,9.94755446931774e-4
45832,200102,Vantage JVSD CTPD,1,177.90319730665743,177.93188972643426,3020.0496358403375,0.999838744927506,0.05890737529456378
45833,200102,Vantage JVSD CTPD,1,169.70622233235113,188.43237808751297,3020.0496358403375,0.9006213478531544,0.056193189780183825
45833,200001,Apollo JVSD CTPD,2,18.726155755162523,188.43237808751297,1957.9614365927205,0.09937865214684921,0.009564108569855245
45835,200001,Apollo JVSD CTPD,1,47.83073960452879,47.830739604528844,1957.9614365927205,0.9999999999999988,0.024428846610873346
45836,200001,Apollo JVSD CTPD,1,61.388148194596475,64.07565079668437,1957.9614365927205,0.9580573498876275,0.03135309360404219
45836,200116,Millstream Career Cooperative CTPD,2,2.687502602088196,64.07565079668437,2388.520578896221,0.0419426501123772,0.001125174564470422
45838,200102,Vantage JVSD CTPD,1,0.2045576639353931,0.20455766393535213,3020.0496358403375,1,6.773321256306913e-5
45840,200116,Millstream Career Cooperative CTPD,1,435.6099496552349,435.6099496552341,2388.520578896221,1,0.18237646914331304
45841,200116,Millstream Career Cooperative CTPD,1,58.63187115526271,58.634112887187065,2388.520578896221,0.9999617674453664,0.024547358592303843
45841,200001,Apollo JVSD CTPD,2,0.0022417319256444464,58.634112887187065,1957.9614365927205,3.8232554655641724e-5,1.1449316027110055e-6
45843,200116,Millstream Career Cooperative CTPD,1,194.62449845032413,261.0574247795068,2388.520578896221,0.7455237046588774,0.08148328307067115
45843,200001,Apollo JVSD CTPD,2,31.244520474624434,261.0574247795068,1957.9614365927205,0.11968447364028834,0.015957679191576268
45843,200085,Vanguard-Sentinel JVSD CTPD,3,20.85271729382038,261.0574247795068,3029.4650751669283,0.07987789395928085,0.006883300112866085
45843,200056,Ohio Hi-Point JVSD CTPD,4,14.335688560739987,261.0574247795068,3696.2096246781216,0.05491392774156159,0.0038784836403829197
45844,200102,Vantage JVSD CTPD,1,129.4901440060116,151.4655409603197,3020.0496358403375,0.8549148749281191,0.04287682641678854
45844,200001,Apollo JVSD CTPD,2,21.97539695430361,151.4655409603197,1957.9614365927205,0.14508512507185137,0.011223610712448753
45845,200069,Upper Valley JVSD CTPD,1,75.34247701148472,85.18662446727662,1556.5267871892206,0.8844402214860221,0.04840422768922488
45845,200121,Tri Star CTPD,2,9.844147455789507,85.18662446727662,1371.2610113749988,0.11555977851394986,0.007178901298971905
45846,200121,Tri Star CTPD,1,189.5760084466356,197.1291393605807,1371.2610113749988,0.9616843509871505,0.1382493973605673
45846,200073,Miami Valley Career Technology JVSD CTPD,2,7.099228250320844,197.1291393605807,3723.287686710252,0.036013083978088195,0.0019067095662955442
45848,200116,Millstream Career Cooperative CTPD,1,0.3001531555147618,0.3001531555146277,2388.520578896221,1,1.256648815031219e-4
45849,200102,Vantage JVSD CTPD,1,112.70165316656626,112.70165316656622,3020.0496358403375,1,0.03731781485611468
45850,200001,Apollo JVSD CTPD,1,122.76820617142081,151.94183231874348,1957.9614365927205,0.8079947720643368,0.06270205524837315
45850,200056,Ohio Hi-Point JVSD CTPD,2,29.173626147326765,151.94183231874348,3696.2096246781216,0.19200522793569022,0.007892849461931506
45851,200102,Vantage JVSD CTPD,1,94.11173545896638,94.1117354589653,3020.0496358403375,1,0.031162314136197803
45853,200102,Vantage JVSD CTPD,1,4.161575188441634,4.1615751884420815,3020.0496358403375,0.9999999999998924,0.0013779823811682697
45854,200001,Apollo JVSD CTPD,1,1.0230400570937508,1.023040057093829,1957.9614365927205,0.9999999999999236,5.225026591300304e-4
45855,200102,Vantage JVSD CTPD,1,0.6266741757034063,0.6266741757034361,3020.0496358403375,0.9999999999999525,2.0750459471472642e-4
45856,200116,Millstream Career Cooperative CTPD,1,250.6683549435897,265.1843282644792,2388.520578896221,0.9452608175758708,0.10494711963479422
45856,200030,Four County JVSD CTPD,2,11.196210670923293,265.1843282644792,4332.99416865771,0.04222048393356358,0.002583943166115936
45856,200102,Vantage JVSD CTPD,3,3.3197626499635704,265.1843282644792,3020.0496358403375,0.01251869849055573,0.0010992410888107265
45858,200116,Millstream Career Cooperative CTPD,1,160.57893286591494,160.5791732892139,2388.520578896221,0.9999985027740892,0.06722945336318659
45858,200039,Penta County JVSD CTPD,2,2.404233002588153e-4,160.5791732892139,2464.0528453178504,1.4972259187422563e-6,9.757229870928434e-8
45859,200056,Ohio Hi-Point JVSD CTPD,1,0.9037139403766989,0.9037139403767884,3696.2096246781216,0.999999999999901,2.4449748043048217e-4
45860,200121,Tri Star CTPD,1,86.05110305849885,86.05110305849915,1371.2610113749988,0.9999999999999966,0.06275326312400087
45861,200102,Vantage JVSD CTPD,1,3.4917286522309556,3.491728652231045,3020.0496358403375,0.9999999999999745,0.0011561825377944068
45862,200102,Vantage JVSD CTPD,1,82.92494817644354,95.07391662373313,3020.0496358403375,0.8722155468216309,0.02745814081740065
45862,200121,Tri Star CTPD,2,12.141714682472948,95.07391662373313,1371.2610113749988,0.1277081571228973,0.008854415448083176
45862,200001,Apollo JVSD CTPD,3,0.0072537648171745244,95.07391662373313,1957.9614365927205,7.629605547736297e-5,3.7047536696114177e-6
45863,200102,Vantage JVSD CTPD,1,63.670215578540564,63.670215578537196,3020.0496358403375,1,0.02108250633464312
45864,200116,Millstream Career Cooperative CTPD,1,2.9435611862078943,2.9435611862080098,2388.520578896221,0.9999999999999608,0.001232378407042307
45865,200121,Tri Star CTPD,1,73.05097781247139,94.87629763312984,1371.2610113749988,0.7699602496605299,0.05327284682237212
45865,200069,Upper Valley JVSD CTPD,2,21.82531982065616,94.87629763312984,1556.5267871892206,0.230039750339446,0.014021808041009283
45866,200121,Tri Star CTPD,1,0.2710360806603432,0.2710360806603432,1371.2610113749988,1,1.9765462476656307e-4
45867,200116,Millstream Career Cooperative CTPD,1,63.840805053568246,63.84080505356943,2388.520578896221,0.9999999999999815,0.02672817878046931
45868,200116,Millstream Career Cooperative CTPD,1,46.23220736893117,46.23220736893107,2388.520578896221,1,0.019356001274351973
45869,200121,Tri Star CTPD,1,89.424173477512,93.32613853124863,1371.2610113749988,0.9581900085533901,0.06521309417806904
45869,200069,Upper Valley JVSD CTPD,2,3.901965053735316,93.32613853124863,1556.5267871892206,0.04180999144659576,0.002506840926767147
45870,200056,Ohio Hi-Point JVSD CTPD,1,0.8488889385248423,0.8488889385250258,3696.2096246781216,0.9999999999997838,2.2966471729772805e-4
45871,200121,Tri Star CTPD,1,61.13768713973374,61.13854302404642,1371.2610113749988,0.999986000904334,0.044585010900608485
45871,200069,Upper Valley JVSD CTPD,2,8.55884312209877e-4,61.13854302404642,1556.5267871892206,1.3999095658417127e-5,5.498680262068825e-7
45872,200039,Penta County JVSD CTPD,1,69.03741998194542,79.79511946403122,2464.0528453178504,0.865183490489854,0.02801783253680176
45872,200116,Millstream Career Cooperative CTPD,2,10.757699482083952,79.79511946403122,2388.520578896221,0.13481650951012283,0.004503917436229618
45873,200102,Vantage JVSD CTPD,1,137.57187299704714,137.57321295001876,3020.0496358403375,0.999990260073579,0.045552851636747146
45873,200030,Four County JVSD CTPD,2,0.0013399529710561037,137.57321295001876,4332.99416865771,9.739926416801194e-6,3.0924412055490923e-7
45874,200102,Vantage JVSD CTPD,1,150.63491690655613,150.6349169065577,3020.0496358403375,0.9999999999999897,0.04987829177338721
45875,200116,Millstream Career Cooperative CTPD,1,239.7948058902061,266.69167640910104,2388.520578896221,0.8991461942830359,0.10039469955122582
45875,200102,Vantage JVSD CTPD,2,18.07400241221597,266.69167640910104,3020.0496358403375,0.06777115302425384,0.005984670648363973
45875,200001,Apollo JVSD CTPD,3,8.822868106682206,266.69167640910104,1957.9614365927205,0.03308265269272243,0.004506150091513507
45876,200102,Vantage JVSD CTPD,1,2.473354574772288,2.4733545747724697,3020.0496358403375,0.9999999999999266,8.18978120564588e-4
45877,200116,Millstream Career Cooperative CTPD,1,65.16497700260354,69.49753161927549,2388.520578896221,0.9376588705278519,0.027282568791062063
45877,200001,Apollo JVSD CTPD,2,4.3325546166726205,69.49753161927549,1957.9614365927205,0.06234112947215761,0.002212788533880529
45879,200102,Vantage JVSD CTPD,1,268.2272496473358,268.22724964733817,3020.0496358403375,0.9999999999999911,0.08881551033604147
45880,200102,Vantage JVSD CTPD,1,149.72556933015633,149.74790588057667,3020.0496358403375,0.9998508389797575,0.0495771882532304
45881,200116,Millstream Career Cooperative CTPD,1,78.80269161126284,78.80269161126387,2388.520578896221,0.999999999999987,0.03299225985638315
45882,200102,Vantage JVSD CTPD,1,221.10082385490966,221.10082385491023,3020.0496358403375,0.9999999999999974,0.07321099005493256
45883,200121,Tri Star CTPD,1,94.34554698117876,94.34564803339961,1371.2610113749988,0.9999989289148682,0.06880203418499885
45883,200073,Miami Valley Career Technology JVSD CTPD,2,1.0105221892893315e-4,94.34564803339961,3723.287686710252,1.0710851113467292e-6,2.714058848840092e-8
45884,200001,Apollo JVSD CTPD,1,1.4752074932608903,1.475207493260637,1957.9614365927205,1,7.534405252782061e-4
45885,200121,Tri Star CTPD,1,171.03984866817498,188.10107993304138,1371.2610113749988,0.9092975368831497,0.12473179595230299
45885,200001,Apollo JVSD CTPD,2,17.061231264864983,188.10107993304138,1957.9614365927205,0.09070246311684278,0.00871377287928369
45886,200102,Vantage JVSD CTPD,1,49.565231305347204,49.56523130534703,3020.0496358403375,1,0.016412058502990642
45887,200001,Apollo JVSD CTPD,1,169.51508916021834,180.88978585867673,1957.9614365927205,0.9371180819057132,0.08657733803747
45887,200102,Vantage JVSD CTPD,2,10.6538607719263,180.88978585867673,3020.0496358403375,0.0588969726585326,0.003527710487103247
45887,200121,Tri Star CTPD,3,0.7208359265261554,180.88978585867673,1371.2610113749988,0.0039849454357214,5.256737561606557e-4
45888,200001,Apollo JVSD CTPD,1,0.6705223930713237,0.6705223930714336,1957.9614365927205,0.9999999999998361,3.4245944814836535e-4
45889,200116,Millstream Career Cooperative CTPD,1,46.95341975951074,49.66796926462388,2388.520578896221,0.9453460742344748,0.0196579506889611
45889,200039,Penta County JVSD CTPD,2,2.714549505113976,49.66796926462388,2464.0528453178504,0.05465392576554202,0.0011016604251293208
45890,200116,Millstream Career Cooperative CTPD,1,37.07353281630141,37.07353281630145,2388.520578896221,0.9999999999999989,0.015521546326150458
45891,200102,Vantage JVSD CTPD,1,348.94032786045756,348.94032786046114,3020.0496358403375,0.9999999999999898,0.11554125591825377
45893,200001,Apollo JVSD CTPD,1,0.3851843264645189,0.38518432646458967,1957.9614365927205,0.9999999999998163,1.9672722826187197e-4
45894,200102,Vantage JVSD CTPD,1,59.7907157233217,87.27083109540315,3020.0496358403375,0.6851168365517156,0.01979792484658444
45894,200001,Apollo JVSD CTPD,2,27.48011537208174,87.27083109540315,1957.9614365927205,0.3148831634482877,0.014035064663941048
45895,200001,Apollo JVSD CTPD,1,355.8194239343944,484.9169234559666,1957.9614365927205,0.7337739862706709,0.1817295362842272
45895,200056,Ohio Hi-Point JVSD CTPD,2,59.202726880696964,484.9169234559666,3696.2096246781216,0.12208839085005235,0.016017145371145593
45895,200121,Tri Star CTPD,3,39.425105328667975,484.9169234559666,1371.2610113749988,0.08130280347340366,0.028750985408048175
45895,200069,Upper Valley JVSD CTPD,4,30.469667312198478,484.9169234559666,1556.5267871892206,0.06283481940585502,0.019575421099704084
45896,200056,Ohio Hi-Point JVSD CTPD,1,89.82767281369564,95.69698430619137,3696.2096246781216,0.9386677486751691,0.02430264566542763
45896,200001,Apollo JVSD CTPD,2,5.869311492495289,95.69698430619137,1957.9614365927205,0.061332251324826316,0.0029976645008438826
45897,200116,Millstream Career Cooperative CTPD,1,3.1275553707305193,3.1275553707312493,2388.520578896221,0.9999999999997665,0.001309411105084897
45898,200102,Vantage JVSD CTPD,1,75.9853413533546,76.01431639927506,3020.0496358403375,0.9996188211998347,0.025160295530113518
45899,200102,Vantage JVSD CTPD,1,0.6963356062065661,0.6963356062066406,3020.0496358403375,0.999999999999893,2.3057091444551994e-4
